id_student,date_registration,date_unregistration
3733,-68.0,-8.0
6516,-52.0,
8462,-137.0,119.0
11391,-159.0,
23629,-47.0,
23632,-194.0,-51.0
23698,-110.0,
23798,-27.0,
24186,-25.0,
24213,-128.0,-46.0
24391,-64.0,
24734,-18.0,
25107,-73.0,
25150,-47.0,
25261,-114.0,51.0
25572,-68.0,59.0
25629,-31.0,-30.0
25997,-139.0,83.0
26023,-37.0,
26192,-38.0,
26211,-25.0,
26247,-47.0,
26269,-73.0,-12.0
26315,-92.0,
26677,-60.0,-1.0
26734,-101.0,
26915,-61.0,
27116,-156.0,
27189,-65.0,
27417,-74.0,208.0
27457,-36.0,-12.0
27683,-24.0,
27759,-43.0,
27780,-23.0,
27891,-58.0,153.0
27935,-134.0,
28046,-190.0,
28061,-130.0,
28149,-46.0,-4.0
28400,-53.0,
28418,-37.0,
28770,-31.0,
28787,-29.0,
28808,-120.0,
28897,-136.0,
28952,-50.0,12.0
29144,-24.0,
29335,-31.0,
29411,-96.0,
29420,-14.0,
29639,-26.0,
29764,-34.0,
29769,-32.0,
29820,-57.0,
29985,-93.0,
30091,-145.0,
30096,-22.0,
30268,-92.0,12.0
30531,-137.0,
30549,-102.0,
30850,-56.0,
31014,-43.0,128.0
31107,-47.0,
31161,-43.0,
31173,-44.0,
31205,-31.0,
31269,-53.0,19.0
31296,-20.0,
31600,-52.0,
31604,-52.0,
31663,-60.0,
31849,-128.0,
32221,-32.0,
32239,-78.0,
32327,-92.0,121.0
32553,-80.0,-12.0
32885,-176.0,
32930,-35.0,
33387,-43.0,179.0
33600,-43.0,32.0
33666,-23.0,139.0
33681,-151.0,208.0
33796,-51.0,
33897,-58.0,107.0
33915,-64.0,
33930,-143.0,
34068,-74.0,108.0
34087,-75.0,169.0
34229,-58.0,
34293,-68.0,90.0
34353,-16.0,
34431,-24.0,27.0
34653,-149.0,
34662,-137.0,104.0
34694,-55.0,-54.0
34731,-38.0,136.0
34756,-43.0,59.0
34863,-65.0,
35001,-27.0,
35340,-51.0,
35355,-30.0,
35502,-73.0,37.0
35508,-50.0,
35544,-22.0,
35747,-15.0,12.0
35796,-66.0,
35812,-53.0,
35859,-151.0,
35860,-60.0,
36347,-25.0,
36385,-73.0,79.0
36842,-24.0,-18.0
37298,-31.0,
37622,-46.0,
37652,-11.0,
38053,-110.0,
38187,-46.0,26.0
38234,-117.0,
38711,-43.0,175.0
38941,-24.0,
39208,-72.0,
39411,-36.0,
39427,-37.0,223.0
39655,-22.0,
39660,-40.0,
39882,-32.0,-31.0
40184,-106.0,
40333,-30.0,17.0
40419,-46.0,171.0
40508,-101.0,1.0
40563,-43.0,
40604,-17.0,
40857,-89.0,108.0
40878,-86.0,
41060,-24.0,
41414,-12.0,
41489,-75.0,
41547,-87.0,
42552,-150.0,
42616,-33.0,
42638,-39.0,
42668,-122.0,
42746,-135.0,
42818,-124.0,
43011,-31.0,-2.0
43273,-108.0,
43284,-28.0,226.0
43430,-53.0,
43564,-18.0,
43958,-167.0,149.0
45423,-31.0,
45462,-67.0,
45642,-29.0,
45664,-31.0,
46016,-129.0,190.0
46048,-28.0,12.0
46148,-23.0,
46605,-54.0,
46633,-162.0,0.0
46705,-61.0,
46753,-93.0,
46812,-29.0,39.0
46844,-74.0,
47061,-16.0,
47063,-73.0,153.0
47855,23.0,236.0
47861,-103.0,
47891,-73.0,
47924,-142.0,
48040,-92.0,
48152,-139.0,
48503,-146.0,
48635,-19.0,
49095,-284.0,-207.0
49119,-74.0,
49123,-74.0,
49530,-61.0,-43.0
49670,-54.0,6.0
50069,-134.0,
50263,-25.0,
50309,-90.0,0.0
50476,-23.0,
50487,-64.0,
50610,-151.0,
50619,-69.0,-16.0
50993,-53.0,
51030,-23.0,
51033,-154.0,
51153,-149.0,
51163,-179.0,
51253,-161.0,-109.0
51301,-52.0,46.0
51485,-18.0,
51576,-129.0,
51955,-51.0,
52014,4.0,
52130,-33.0,
52275,-136.0,
52426,-32.0,
52494,-190.0,-57.0
52702,-12.0,
52765,-22.0,
52797,-54.0,
52899,-117.0,86.0
53025,-179.0,
53136,-1.0,
53166,-75.0,
53197,-81.0,
53236,-81.0,5.0
53300,-24.0,
53360,-110.0,0.0
53488,-25.0,
53626,-26.0,
53632,-15.0,165.0
53709,-67.0,159.0
53895,-20.0,27.0
54062,-51.0,
54388,-51.0,0.0
54391,-4.0,109.0
54739,-149.0,-26.0
54772,-99.0,-92.0
54810,-54.0,82.0
54867,-82.0,
54882,-130.0,
55013,-54.0,
55026,-88.0,
55104,-87.0,
55242,-52.0,
55419,-39.0,124.0
55450,-66.0,
55968,-29.0,
56340,-120.0,
56637,-99.0,
56667,-46.0,
56789,-30.0,
57079,-129.0,
57227,-46.0,
57285,-29.0,
57340,-58.0,
57359,-45.0,4.0
57369,,-1.0
57506,-103.0,
57818,-139.0,
57844,-59.0,
58071,-72.0,
58077,-92.0,
58089,-58.0,
58221,-57.0,-19.0
58316,-80.0,
58520,-45.0,3.0
58549,-23.0,
58617,-22.0,
58640,-29.0,
58653,-80.0,
58731,4.0,
58873,-47.0,
58884,-50.0,
59185,-59.0,
59272,-58.0,
59275,-72.0,
59370,-33.0,
59541,-1.0,27.0
59725,-29.0,
60135,-90.0,
60162,4.0,
60405,-123.0,
60416,-64.0,
60519,-73.0,82.0
60809,-24.0,
60830,-32.0,
61118,-96.0,-16.0
61227,-38.0,
61236,-23.0,69.0
61297,-66.0,-2.0
61352,-144.0,39.0
61911,-80.0,
62034,-103.0,
62155,-68.0,
62278,-54.0,
62487,-50.0,
62631,-45.0,
62975,-53.0,
63015,-18.0,
63044,-43.0,
63112,-74.0,
63165,-82.0,
63295,-159.0,
63371,-32.0,
63400,-67.0,
63467,-143.0,
63566,-85.0,
63721,-73.0,
63827,-68.0,148.0
63856,-176.0,
63949,-99.0,
63958,-81.0,
64246,-58.0,-32.0
64275,-26.0,
64296,-25.0,
64388,-150.0,
64427,-78.0,
64450,-43.0,
64767,-24.0,152.0
64777,-123.0,
64901,-45.0,
65002,-180.0,96.0
65656,-138.0,
65807,-178.0,-61.0
66047,-166.0,39.0
66254,-26.0,
66451,-17.0,
66577,-32.0,
66579,-22.0,
66713,-155.0,
66892,-17.0,72.0
67182,-32.0,
67471,-124.0,
67505,-29.0,
67539,-46.0,
67602,-28.0,
67685,-137.0,-4.0
67781,-75.0,
67785,-24.0,
67863,-110.0,0.0
67986,-75.0,51.0
68011,-68.0,62.0
68107,-51.0,
68208,-29.0,
68376,-38.0,
68417,-86.0,
68556,-23.0,
69239,-207.0,-29.0
69346,-68.0,69.0
69439,-24.0,12.0
69489,-157.0,87.0
69491,-29.0,
69494,-103.0,22.0
69703,-124.0,
69843,-47.0,-28.0
70011,-78.0,
70214,-39.0,
70381,-37.0,
70464,-95.0,
70495,-100.0,
70537,-17.0,
70569,-36.0,
70608,-17.0,
70750,-31.0,5.0
70771,-17.0,115.0
70827,-29.0,108.0
71159,-44.0,
71209,-74.0,
71252,-138.0,
71275,-114.0,
71361,-130.0,
71433,-19.0,
71504,-93.0,
71578,-29.0,
71676,-59.0,
71723,-16.0,
71897,-145.0,24.0
72057,-39.0,-14.0
72070,-24.0,10.0
72114,-122.0,
72349,-60.0,58.0
72400,-221.0,
72451,-66.0,-15.0
72609,-23.0,
72693,-17.0,
72864,-159.0,
73019,-8.0,
73489,-11.0,
73584,-121.0,92.0
73664,-88.0,60.0
73874,-39.0,150.0
74113,-96.0,
74130,-201.0,-56.0
74165,-72.0,
74169,-100.0,-67.0
74290,-47.0,65.0
74372,-50.0,
74502,-139.0,
74521,-29.0,
74524,-57.0,
74574,-29.0,-22.0
74585,-39.0,
74695,-64.0,
74734,2.0,
75091,-107.0,
75107,-92.0,
75118,-117.0,-56.0
75255,-58.0,
75309,-221.0,-10.0
75399,-24.0,
75427,-30.0,
75442,-123.0,
75454,-92.0,
75469,-97.0,-22.0
75728,-23.0,
76081,-122.0,100.0
76196,-131.0,-50.0
76536,13.0,
76579,-57.0,144.0
76949,-37.0,
77241,-37.0,164.0
77367,-27.0,
77692,-46.0,
77744,-44.0,
77746,-173.0,
77763,-37.0,
77845,-54.0,
77995,-15.0,
77998,-11.0,220.0
78170,-156.0,
78255,-162.0,46.0
78645,-28.0,
79261,-29.0,
79378,-24.0,
79403,-23.0,164.0
79461,-62.0,215.0
79610,-61.0,
79683,-40.0,137.0
80001,-142.0,
80243,-150.0,12.0
80329,-61.0,178.0
80358,-17.0,
80438,-86.0,
80448,-4.0,227.0
80491,-58.0,198.0
80717,-33.0,
80745,-24.0,
80775,-45.0,
80868,-187.0,
80886,-94.0,78.0
81216,-27.0,-1.0
81351,-12.0,
81536,-50.0,
81754,-60.0,118.0
82088,-67.0,
82201,10.0,130.0
82341,-73.0,
82535,-19.0,
82556,-54.0,
82575,-29.0,
82611,-123.0,-12.0
82741,-60.0,
82817,-29.0,
83219,-29.0,
83254,-51.0,
83453,-68.0,125.0
83553,-16.0,
83588,-156.0,
83603,-17.0,
84051,-29.0,
84245,-27.0,
84299,-57.0,149.0
84541,-25.0,
84576,-43.0,
84604,-79.0,
84605,-46.0,170.0
84664,-92.0,
84812,-75.0,
85092,-52.0,
85144,-41.0,
85216,-101.0,
85241,-10.0,125.0
85302,-72.0,
85304,-43.0,-3.0
85325,-124.0,69.0
85874,-44.0,123.0
86047,-60.0,
86291,-15.0,72.0
86538,-24.0,157.0
86669,-39.0,
87042,-172.0,-122.0
87107,-22.0,
87152,-218.0,
87264,-36.0,
87322,-28.0,
87431,-106.0,235.0
87604,-111.0,-75.0
87732,-66.0,
87929,-99.0,
88340,-129.0,108.0
88439,-43.0,
88490,-93.0,
88568,-132.0,
88580,-23.0,-8.0
88758,-138.0,-59.0
88781,-85.0,
88910,-121.0,
88957,-137.0,-2.0
89051,-78.0,
89092,-30.0,
89188,-110.0,
89545,-74.0,
89727,-75.0,
89778,-121.0,
89850,-8.0,
89895,-64.0,
89904,-23.0,
90243,-18.0,
90361,-36.0,
90537,-75.0,
90651,-148.0,12.0
90836,-128.0,
90901,-32.0,
90979,-46.0,
91040,-108.0,230.0
91041,-3.0,95.0
91164,-31.0,
91265,-31.0,
91322,-19.0,
91354,-46.0,218.0
91470,-51.0,
91629,-44.0,
91801,-146.0,79.0
92103,-60.0,75.0
92166,-74.0,-49.0
92274,-96.0,132.0
92312,-54.0,
92341,-24.0,
92391,-145.0,
92775,-225.0,
92832,-65.0,
92947,-227.0,
92993,-43.0,
93925,-100.0,-16.0
94484,-107.0,
94616,-22.0,
94749,-22.0,
94923,-55.0,
94961,-170.0,72.0
94964,-24.0,
94978,-143.0,111.0
95356,-110.0,203.0
95746,-179.0,
95755,-80.0,241.0
95906,-27.0,
96117,-152.0,
96291,-51.0,42.0
96423,-60.0,
96475,-48.0,
96538,-26.0,
96592,-68.0,
96729,-44.0,
96864,-15.0,72.0
96873,-195.0,
96874,-36.0,
96945,-31.0,11.0
97006,-102.0,
97154,-50.0,
97486,-34.0,0.0
97567,-30.0,
97865,-123.0,163.0
97939,-17.0,
98094,-107.0,
98256,-101.0,12.0
98268,-25.0,
98313,-22.0,
98452,-137.0,12.0
98720,-186.0,
98842,-25.0,
99075,-59.0,
99088,-31.0,131.0
99151,-44.0,
99609,-151.0,27.0
99670,-27.0,
99799,-41.0,
99993,-94.0,
100064,-136.0,
100282,-54.0,207.0
100561,-35.0,
100621,-25.0,45.0
100758,-92.0,-23.0
100788,-82.0,
100893,-62.0,
101116,-80.0,
101187,-157.0,-74.0
101217,-121.0,93.0
101279,-144.0,
101306,-148.0,
101414,-163.0,-11.0
101420,-132.0,
101634,-50.0,
101700,-49.0,-25.0
101781,-103.0,
102028,-122.0,
102067,-24.0,12.0
102209,-57.0,109.0
102221,-58.0,
102343,-66.0,
102806,-107.0,
102849,-51.0,-4.0
102850,-39.0,
102854,-116.0,
102952,-100.0,
103496,12.0,
103535,-165.0,
103594,-85.0,-60.0
103800,-82.0,
103891,-144.0,-7.0
103904,-22.0,
103998,-42.0,
104054,-19.0,
104213,-92.0,
104215,-103.0,-43.0
104238,-131.0,-61.0
104316,-37.0,
104476,-109.0,
104480,-121.0,
104643,-152.0,
104772,-40.0,97.0
105125,-61.0,47.0
105168,-39.0,
105413,-43.0,
105523,-37.0,
105527,-92.0,
105629,-58.0,
105851,-29.0,
105883,-29.0,
105939,-50.0,
106095,-161.0,
106247,5.0,175.0
106383,-44.0,151.0
106553,-136.0,
106577,-107.0,
106588,-24.0,
106690,-87.0,19.0
106747,-124.0,-51.0
106793,-23.0,
107028,-58.0,
107084,-17.0,
107162,-93.0,
107339,-59.0,
107455,-22.0,
107489,-81.0,
107713,-19.0,173.0
107883,-82.0,68.0
107955,,-40.0
108118,-32.0,
108207,-268.0,
108275,-36.0,-15.0
108281,-57.0,
108330,-83.0,
108377,-53.0,
108497,-50.0,
108565,-48.0,57.0
108589,-108.0,
108760,-102.0,
108789,-165.0,
108799,-138.0,
108822,-44.0,
108834,-45.0,226.0
108859,-131.0,
108872,-80.0,
108947,-102.0,-12.0
108949,-57.0,101.0
109155,-80.0,
109372,-141.0,
109441,-89.0,
109577,-50.0,
109772,-25.0,
109782,-26.0,166.0
109907,-41.0,-31.0
109938,-44.0,
110085,-23.0,
110116,-93.0,
110175,-110.0,
110200,-93.0,
110461,-122.0,16.0
110524,-22.0,
110529,-44.0,129.0
110640,-162.0,
110789,-78.0,
110820,-108.0,90.0
110881,-43.0,
110911,-39.0,
111113,-92.0,
111360,-45.0,124.0
111383,-183.0,-51.0
111415,-44.0,-32.0
111512,-16.0,
111548,-152.0,164.0
111678,-62.0,
111717,-43.0,
111775,-22.0,
111926,-44.0,
111942,-128.0,
111959,-50.0,194.0
112010,-96.0,-51.0
112245,-73.0,
112441,-17.0,
112454,-123.0,
113295,-26.0,
113487,-150.0,-10.0
113565,-31.0,
113698,-52.0,
113702,-10.0,115.0
113824,-108.0,
114017,-29.0,
114367,-51.0,
114402,-9.0,
114500,-5.0,
114558,-86.0,
114999,-68.0,
115373,-86.0,
115452,-113.0,
115875,-138.0,-57.0
116174,-24.0,10.0
116290,-128.0,
116319,-8.0,
116499,-53.0,
116518,-122.0,
116529,-103.0,158.0
116541,-68.0,
116603,-28.0,
116606,-89.0,
116621,-78.0,
116631,-103.0,45.0
116692,-32.0,
116763,-62.0,58.0
116808,-51.0,
117071,-25.0,
117197,-66.0,
117232,-50.0,
117281,-155.0,
117435,-24.0,195.0
117510,-26.0,
117544,-141.0,
117545,-4.0,
117550,-17.0,
117699,-236.0,
117818,-92.0,
117862,-66.0,27.0
117939,-92.0,171.0
117969,-51.0,28.0
118050,-129.0,
118098,-26.0,
118176,-107.0,17.0
118213,-29.0,
118474,-10.0,
118479,-37.0,
118532,-29.0,
118578,-164.0,-57.0
118668,-28.0,
118877,-35.0,170.0
118887,-96.0,46.0
118983,-99.0,
119310,-30.0,25.0
119353,-54.0,
119437,-45.0,12.0
119444,-65.0,
119471,-66.0,
119729,-24.0,61.0
119865,-37.0,
119898,-195.0,
119902,-31.0,207.0
120236,-3.0,
120611,-129.0,
120994,-19.0,
120999,-60.0,
121000,-51.0,
121056,-81.0,-8.0
121163,-22.0,145.0
121182,-108.0,
121349,-28.0,
121390,-23.0,
121574,-96.0,
122337,-43.0,
122392,-17.0,
122459,-141.0,
122524,-68.0,
122636,-25.0,
122739,-34.0,
122846,-99.0,
122928,-40.0,
123044,-82.0,
123053,-44.0,170.0
123087,-162.0,
123183,-123.0,
123270,-123.0,
123379,-131.0,-59.0
123462,-71.0,
123497,-72.0,
123598,-32.0,
123716,-39.0,
123860,-29.0,
123957,-39.0,149.0
124006,-51.0,
124018,-134.0,33.0
124064,-44.0,
124124,-148.0,5.0
124134,-59.0,
124193,-29.0,
124210,-89.0,-31.0
124304,-60.0,
124379,-22.0,
124387,-58.0,135.0
124711,-155.0,54.0
124728,-153.0,7.0
124847,-116.0,-113.0
124909,-117.0,
124944,-24.0,
125018,-36.0,
125055,-57.0,
125063,-136.0,
125407,-52.0,
125535,-45.0,
125619,-123.0,0.0
125677,-276.0,-12.0
125777,-29.0,87.0
125830,-9.0,195.0
125874,-134.0,0.0
125996,-45.0,
126074,-136.0,41.0
126088,-64.0,
126322,-106.0,
126337,-183.0,153.0
126394,-37.0,
126395,-257.0,
126411,-124.0,
126450,-66.0,
126608,-24.0,
126713,-18.0,
126769,-107.0,
126800,-71.0,
126812,-61.0,
126912,-143.0,
127179,-81.0,12.0
127209,-255.0,-225.0
127580,-29.0,
127582,-31.0,
127642,-32.0,
127988,-26.0,
128072,-15.0,73.0
128132,-47.0,
128142,-108.0,
128348,-26.0,116.0
128386,-47.0,
128510,-185.0,58.0
128656,-24.0,
128678,-163.0,
128723,-145.0,23.0
128776,-97.0,24.0
128791,-23.0,147.0
128817,-53.0,79.0
128889,-12.0,
128929,-150.0,
128965,,-24.0
128968,-46.0,
128971,-26.0,
129198,-29.0,161.0
129212,-109.0,
129638,-29.0,101.0
129878,-172.0,
129907,-18.0,
129955,-197.0,135.0
129989,-86.0,
130003,-50.0,
130013,-71.0,
130034,-82.0,
130403,-22.0,
130409,-143.0,
130467,-193.0,
130547,-25.0,
130636,-68.0,
130658,-60.0,
130671,-45.0,
130837,-39.0,
130992,-121.0,
131051,-54.0,
131145,-103.0,
131152,-143.0,
131222,-152.0,
131235,-58.0,40.0
131272,-65.0,
131314,-123.0,
131390,-115.0,
131538,-72.0,
131597,-52.0,
131609,-16.0,27.0
131612,-107.0,
131663,-18.0,
131695,-128.0,-52.0
131776,-35.0,
131820,-11.0,
131933,-75.0,132.0
132055,-71.0,-15.0
132123,-23.0,
132157,-27.0,
132191,-176.0,57.0
132401,-90.0,
132423,-45.0,12.0
132453,-30.0,
132475,-100.0,
132477,-25.0,
132511,-144.0,
132626,-39.0,220.0
132924,-150.0,
132932,-4.0,
132972,-23.0,
132976,-75.0,
133019,-11.0,
133068,-106.0,
133104,-26.0,
133155,-55.0,
133185,-24.0,
133269,-114.0,-50.0
133322,-24.0,
133365,-45.0,
133419,-14.0,125.0
133531,-24.0,
133718,-25.0,
133748,-61.0,
133816,-15.0,
133922,-110.0,
134025,-58.0,
134123,-10.0,
134143,-96.0,
134188,-55.0,
134190,-70.0,32.0
134212,-37.0,
134243,-93.0,
134260,-108.0,
134336,-58.0,
134563,-46.0,
134578,-20.0,
134721,-138.0,12.0
134847,-33.0,67.0
134851,-109.0,
134920,-32.0,
134982,-113.0,
135075,-102.0,
135280,-23.0,
135330,-22.0,
135331,-45.0,
135335,-29.0,30.0
135385,-69.0,
135400,-32.0,144.0
135471,-149.0,
135763,-103.0,
135792,-142.0,
135999,-28.0,12.0
136054,-46.0,
136135,-17.0,
136335,-25.0,217.0
136793,-28.0,
136894,-130.0,
136944,-26.0,226.0
137150,-139.0,214.0
137281,-129.0,
137603,-184.0,
137873,-195.0,
137903,-23.0,
138204,-27.0,
138289,-44.0,
138407,-157.0,163.0
138416,-171.0,
138704,-17.0,
138709,-16.0,25.0
138710,-74.0,
138715,-94.0,160.0
138861,-12.0,
138920,-30.0,
138997,-116.0,
139033,-46.0,
139190,-113.0,
139206,-23.0,
139250,-52.0,
139278,-169.0,
139329,-95.0,
139455,-89.0,
139549,-99.0,
139701,-102.0,
139843,-139.0,
139949,-48.0,
140060,-30.0,
140108,-137.0,
140518,-96.0,
140719,-107.0,
140807,-148.0,
140866,-66.0,
140907,-23.0,
140938,-49.0,-11.0
141182,-23.0,-2.0
141301,-137.0,49.0
141355,-61.0,
141377,-110.0,129.0
141430,-59.0,
141497,-103.0,
141506,-28.0,
141648,-116.0,
141766,-25.0,-5.0
141823,-47.0,86.0
141827,-114.0,
141949,-60.0,
142092,-94.0,
142310,-94.0,
142324,-23.0,
142326,-37.0,
142339,-140.0,
142819,-24.0,
142935,-23.0,
142990,-75.0,
142998,-108.0,-47.0
143350,-43.0,
143711,-43.0,
143741,-16.0,
143752,-144.0,27.0
143755,-144.0,
143854,-23.0,27.0
144448,-61.0,
144562,-59.0,
144745,-24.0,
144747,-27.0,
144801,-67.0,
144895,-152.0,
144908,-71.0,63.0
144923,-29.0,
144959,-143.0,94.0
145114,-102.0,
145130,-36.0,
145188,-60.0,
145280,-116.0,
145282,-67.0,
145388,-5.0,
145490,-15.0,
145544,-45.0,
145578,-68.0,68.0
145640,-22.0,
145770,-87.0,54.0
146089,-53.0,
146125,-36.0,33.0
146165,-37.0,
146188,-132.0,
146192,-37.0,
146455,-37.0,30.0
146485,-115.0,
146503,-30.0,
146600,-141.0,
146651,-24.0,
146666,-29.0,
146679,-23.0,33.0
146738,-31.0,
146943,-161.0,96.0
146974,-44.0,
147168,-289.0,
147307,-79.0,30.0
147328,-96.0,
147675,-158.0,89.0
147715,-43.0,
147756,-92.0,
147793,-138.0,58.0
147876,-53.0,
148008,-75.0,
148282,-60.0,
148328,-58.0,62.0
148414,-155.0,
148427,-113.0,
148515,-164.0,
148931,-165.0,-4.0
148993,-174.0,158.0
149178,-18.0,
149567,-10.0,26.0
149680,-135.0,
149693,-53.0,
149741,-74.0,
149962,-92.0,
149964,-75.0,
150121,-144.0,-79.0
150282,-16.0,
150398,-77.0,
150578,-110.0,
150763,-54.0,
151358,-44.0,
151465,-55.0,
151549,-95.0,
151587,-129.0,234.0
151697,-23.0,
151745,-80.0,
151800,-47.0,
151917,-80.0,
152037,-120.0,-66.0
152153,-93.0,157.0
152320,-118.0,199.0
152428,-24.0,
152524,-94.0,
152587,-50.0,
152626,-34.0,
152668,-72.0,104.0
152671,-22.0,
152867,-31.0,18.0
152887,-32.0,107.0
152910,-8.0,
152917,-56.0,
152929,-104.0,
152962,-26.0,
152973,-5.0,
153110,-23.0,
153170,-37.0,
153212,-82.0,
153611,-29.0,
153687,-37.0,-30.0
153704,-166.0,166.0
153785,-23.0,
153788,-153.0,
154011,-29.0,
154027,-19.0,
154057,-30.0,
154059,-57.0,
154073,-149.0,
154125,-17.0,
154191,-107.0,
154540,-34.0,
154570,-64.0,117.0
154697,-17.0,139.0
155067,-92.0,
155158,-27.0,
155256,-24.0,
155298,-145.0,
155484,-93.0,
155511,-29.0,
155550,-16.0,
155631,-89.0,
155735,-45.0,13.0
155854,-54.0,
155938,-102.0,
155956,-31.0,
155963,-22.0,
155984,-64.0,191.0
156127,-36.0,
156171,-92.0,
156311,-23.0,
156358,-53.0,197.0
156594,-23.0,
156755,-125.0,-38.0
156783,-54.0,
156788,-195.0,45.0
156835,-135.0,
157060,-29.0,
157225,-34.0,128.0
157276,-29.0,
157298,-78.0,
157308,-31.0,
157310,-16.0,
157568,-52.0,
157647,-96.0,
157752,-28.0,
157795,-16.0,
158575,-156.0,114.0
158611,-61.0,
158707,-57.0,172.0
158708,-32.0,
158831,-43.0,
159287,-110.0,
159293,-141.0,
159484,-110.0,
159571,-11.0,
159596,-96.0,160.0
159906,-64.0,
159925,-128.0,
159947,-14.0,
159954,-46.0,123.0
160005,-89.0,
160026,-53.0,
160178,-89.0,-24.0
160181,-120.0,166.0
160193,-55.0,108.0
160262,-8.0,
160300,-201.0,
160310,-117.0,
160401,-116.0,96.0
160472,-79.0,
160479,-46.0,
160536,-26.0,
160720,-73.0,9.0
160934,-52.0,
160945,-8.0,
160946,-81.0,
161286,-100.0,-46.0
161491,-64.0,
161658,-58.0,
161678,-27.0,
161781,-38.0,72.0
161811,-161.0,-1.0
161837,-86.0,-36.0
161878,-68.0,209.0
162210,-23.0,
162337,-96.0,
162646,-25.0,
162650,-23.0,
162809,-75.0,
162901,-101.0,-3.0
162984,-81.0,54.0
163067,-72.0,
163120,-82.0,
163332,-23.0,
163962,-96.0,58.0
163996,-154.0,
164148,-46.0,
164211,-24.0,
164259,-64.0,
164451,-10.0,100.0
164708,-103.0,86.0
164922,-32.0,
164935,-137.0,
164944,-148.0,
164968,-157.0,
165099,-142.0,
165178,-129.0,37.0
165226,-22.0,
165243,-25.0,
165376,-16.0,
165421,-19.0,
165498,-82.0,-11.0
165509,-186.0,
165617,-87.0,
165647,-190.0,143.0
165733,-99.0,
165806,-11.0,
165823,-145.0,12.0
165898,-17.0,
165904,-67.0,
166123,-28.0,
166160,-25.0,
166183,-44.0,
166327,-28.0,
166342,-27.0,
166421,-22.0,
166607,-24.0,110.0
166713,-29.0,
166988,-37.0,
167106,-79.0,
167123,-136.0,-122.0
167557,-61.0,219.0
167717,-25.0,
167759,-23.0,
167791,-109.0,
167906,-117.0,
167945,-30.0,101.0
167961,-44.0,
168178,-109.0,
168229,-36.0,
168243,-99.0,44.0
168843,-27.0,152.0
168845,-110.0,-84.0
168936,-32.0,
169008,9.0,
169079,-54.0,
169213,-195.0,
169297,-38.0,162.0
169380,-34.0,
169400,-39.0,
169490,-144.0,
169515,-50.0,135.0
169555,-22.0,
169596,-14.0,
169700,-148.0,
169858,-4.0,
169894,-37.0,82.0
169908,-73.0,
170025,-89.0,
170030,-54.0,
170165,-180.0,
170356,-46.0,68.0
170519,-148.0,0.0
170864,-26.0,
170874,-89.0,
170936,-114.0,
170943,-61.0,
171107,-167.0,-45.0
171304,-39.0,
171334,-27.0,53.0
171377,-90.0,
171549,-150.0,116.0
171692,-92.0,
171751,-47.0,
171843,-149.0,
171896,-24.0,
172112,-50.0,
172137,-24.0,
172301,-176.0,34.0
172493,-56.0,
172797,-45.0,
172965,-54.0,-32.0
173004,-59.0,209.0
173163,-38.0,
173316,-99.0,
173335,-61.0,
173341,-80.0,
173370,-57.0,
173412,-108.0,184.0
173710,-102.0,
173834,-59.0,
174010,-47.0,
174024,-85.0,
174094,-89.0,
174155,-50.0,-47.0
174222,-60.0,
174321,-82.0,-19.0
174436,-110.0,
174440,-39.0,
174468,-33.0,
174487,-109.0,
174512,-173.0,-136.0
174745,-30.0,
174782,-162.0,
174805,-96.0,48.0
174807,-106.0,-26.0
175392,-195.0,
175447,-115.0,
175453,-54.0,
175490,-40.0,
175638,-43.0,
175772,-45.0,67.0
175804,-31.0,12.0
175932,-92.0,
175940,-51.0,
175991,-57.0,
176086,-43.0,
176092,-66.0,
177186,-17.0,9.0
177333,-34.0,
177354,-59.0,
177472,-13.0,
177492,-22.0,
177554,-120.0,
177568,-33.0,
177639,-24.0,11.0
177781,-58.0,
177817,-22.0,222.0
177967,-41.0,
177981,-16.0,
178020,-40.0,
178072,-46.0,195.0
178118,-114.0,
178179,-44.0,
178258,-171.0,-92.0
178496,-148.0,
178639,-85.0,
178654,-234.0,-88.0
178738,-37.0,
178935,-68.0,9.0
178963,-8.0,
179073,-35.0,157.0
179081,-113.0,
179254,-61.0,
179297,-18.0,
179605,-68.0,76.0
179718,-40.0,
179892,-110.0,
179904,-108.0,
180651,-60.0,
180667,-28.0,
180753,-64.0,
180958,-79.0,
180974,-77.0,130.0
180976,-109.0,
181251,-44.0,
181316,-39.0,60.0
181508,-55.0,
181719,-45.0,46.0
181861,-142.0,
181992,-24.0,
182400,-27.0,
182468,-58.0,
182661,-31.0,
182824,-43.0,
182854,-14.0,
183057,-23.0,
183096,-128.0,
183287,-128.0,74.0
183331,-88.0,19.0
183429,-26.0,
183714,-310.0,
183806,-104.0,
183947,-32.0,
184025,-148.0,
184129,-22.0,
184137,-73.0,
184234,-18.0,
184236,-29.0,-12.0
184271,-74.0,
184409,-95.0,
184473,-33.0,
184583,-43.0,
184627,-37.0,75.0
184720,-29.0,100.0
184897,-158.0,-52.0
184925,-75.0,-46.0
184968,-64.0,74.0
184972,-45.0,
185021,-96.0,
185024,-61.0,170.0
185057,-123.0,
185127,-54.0,
185240,-87.0,33.0
185349,-54.0,
185350,-22.0,
185439,-12.0,
185451,-89.0,145.0
185496,-22.0,
185597,-59.0,-51.0
185994,-114.0,
186149,-109.0,
186380,-23.0,
186476,-19.0,
186565,-33.0,
186670,-11.0,
186780,-117.0,213.0
186988,-15.0,
187100,-136.0,
187199,-47.0,
187257,-3.0,
187435,-1.0,
187601,-33.0,
187623,-72.0,
187663,-16.0,
187793,-127.0,
188026,-196.0,
188152,-19.0,
188251,-9.0,
188260,-19.0,
188273,-53.0,
188278,-57.0,60.0
188524,-117.0,200.0
188662,-53.0,
188766,-11.0,
188875,-81.0,
189035,-32.0,
189095,-29.0,
189117,-5.0,
189143,-60.0,
189178,-67.0,
189428,-23.0,
189442,-46.0,142.0
189624,-151.0,
189629,-23.0,
189664,-145.0,
189720,-108.0,
189879,-180.0,
189986,-79.0,-2.0
190279,-15.0,
190352,-36.0,
190418,-204.0,
190565,-29.0,
190653,-36.0,46.0
190780,-87.0,75.0
190829,-62.0,-54.0
190910,-173.0,
190930,-12.0,
191000,-29.0,193.0
191195,-45.0,
191235,-157.0,-95.0
191269,-29.0,
191398,-86.0,27.0
191445,-57.0,
191459,-80.0,
191491,-129.0,-5.0
191504,-53.0,151.0
191590,-22.0,
191732,-53.0,
191746,-27.0,
191797,-27.0,
191896,-111.0,
191972,-227.0,
191973,-87.0,
191998,-29.0,51.0
192183,-62.0,
192186,-23.0,
192196,-31.0,
192375,-122.0,
192424,-74.0,
192680,-43.0,
192944,-154.0,
193163,-29.0,
193193,-28.0,
193215,-114.0,
193310,-42.0,
193803,-16.0,-14.0
193822,-25.0,
193834,-121.0,
194073,-225.0,-57.0
194163,-31.0,
194377,-148.0,-148.0
195096,-37.0,
195221,-49.0,
195234,-100.0,
195246,-124.0,
195252,-103.0,
195262,-45.0,185.0
195345,-23.0,
195515,-29.0,
195552,-103.0,-22.0
195897,-14.0,
195938,-37.0,
195940,-144.0,
196132,-11.0,
196189,-74.0,
196264,-139.0,-10.0
196266,-60.0,
196902,-47.0,-30.0
197097,-178.0,-67.0
197188,-29.0,
197240,-39.0,
197412,-103.0,
197486,-124.0,
197527,-39.0,
197536,-49.0,
197538,-34.0,213.0
197595,-24.0,
197730,-81.0,-60.0
197759,-141.0,
198167,-114.0,
198257,-108.0,39.0
198315,-29.0,
198339,-86.0,51.0
198470,-22.0,81.0
198691,-86.0,
198902,-34.0,
198953,-143.0,-120.0
198956,-29.0,
199009,-58.0,
199029,-17.0,
199244,-25.0,
199261,-52.0,97.0
199361,-45.0,
199446,-95.0,
199520,-22.0,
199636,-30.0,
199663,-18.0,
199760,-15.0,
199782,-100.0,
199897,3.0,
200095,-44.0,
200278,-149.0,49.0
200372,-311.0,150.0
200506,-137.0,-23.0
200588,-16.0,
200773,-183.0,
200804,-80.0,
200860,-54.0,
200863,-77.0,25.0
200905,-121.0,
200957,-88.0,
201151,-68.0,
201327,-16.0,
201425,-115.0,
201431,-36.0,
201655,-45.0,-16.0
202138,-117.0,117.0
202394,-30.0,
202487,-55.0,
202489,-142.0,60.0
202506,-140.0,
202606,-130.0,
202635,-73.0,166.0
202677,-67.0,
202713,-80.0,
202879,-61.0,
203050,-117.0,
203066,-149.0,
203108,-117.0,
203149,-87.0,
203442,-22.0,27.0
203481,-34.0,
203568,-67.0,
203640,-107.0,
203652,-22.0,
203707,-29.0,
203963,-26.0,
204117,-66.0,136.0
204182,-200.0,
204410,-161.0,
204505,-89.0,
204550,-47.0,
204609,-38.0,
204725,-80.0,
204738,-10.0,
204745,-33.0,
204746,-25.0,
204996,-55.0,
205218,-120.0,-113.0
205231,-58.0,
205350,-68.0,
205398,-17.0,
205417,-134.0,44.0
205425,-125.0,
205442,-94.0,
205494,-45.0,
205719,-51.0,
205788,-195.0,
205978,-59.0,12.0
206003,-24.0,
206245,-117.0,
206342,-82.0,
206599,-66.0,
226374,-115.0,
226747,-61.0,
226827,-72.0,
226839,-31.0,
226879,-44.0,
226890,-23.0,
226895,-34.0,180.0
226955,-141.0,
227020,-45.0,
227167,-107.0,-9.0
227192,-31.0,
227254,-29.0,
227297,-52.0,
227401,-61.0,
227416,-53.0,
227491,-71.0,143.0
227499,-169.0,
227517,-172.0,
227752,-41.0,
227811,-166.0,-50.0
227826,-101.0,
227833,-71.0,-52.0
228021,-68.0,
228049,-54.0,11.0
228082,-31.0,
228138,-124.0,
228153,-92.0,
228222,-108.0,
228235,-127.0,6.0
228242,-25.0,
228243,-194.0,-176.0
228258,-108.0,
228272,-82.0,
228373,-152.0,
228383,-21.0,
228481,-96.0,
228513,-31.0,-15.0
228543,-207.0,
228633,-68.0,
228635,-122.0,-60.0
228695,-134.0,96.0
228703,-24.0,
228729,-23.0,
228743,-93.0,
228775,-59.0,
228784,-30.0,
228824,-59.0,
228888,-89.0,
228909,-23.0,131.0
229057,-85.0,
229179,-165.0,
229191,-103.0,-29.0
229240,-34.0,
229326,-24.0,159.0
229361,-58.0,
229417,-80.0,
229426,-25.0,
229498,-56.0,
229499,-57.0,
230052,-25.0,82.0
230081,-57.0,
230279,-102.0,
230340,-110.0,0.0
230348,-121.0,-68.0
230383,-37.0,
230510,-54.0,
230656,-22.0,-9.0
230684,-23.0,
230761,-12.0,
230947,-128.0,
231017,-107.0,
231019,3.0,
231024,-33.0,
231320,-93.0,37.0
231339,-24.0,
231554,-29.0,
231572,-199.0,
231606,-68.0,
231673,-94.0,-45.0
231697,-35.0,5.0
231959,-50.0,184.0
231973,-87.0,48.0
231980,-144.0,-43.0
232072,-31.0,
232078,-152.0,115.0
232173,-142.0,
232286,-131.0,
232307,-107.0,
232347,-19.0,
232480,-51.0,
232539,-36.0,
232600,-59.0,-9.0
232660,-54.0,
232675,-19.0,
232695,-108.0,
232745,-77.0,-65.0
232764,-23.0,110.0
232827,-36.0,
232833,-12.0,74.0
232856,-171.0,
233087,-82.0,
233095,-107.0,
233102,-29.0,-19.0
233153,-36.0,
233311,-149.0,
233317,-23.0,
233335,-53.0,
233389,-96.0,
233444,-51.0,182.0
233461,-52.0,
233685,-66.0,
233752,-64.0,
233771,-24.0,
233868,-23.0,196.0
233873,-60.0,
233957,-142.0,
234004,-33.0,0.0
234031,-124.0,24.0
234068,-94.0,
234196,-47.0,27.0
234311,-15.0,
234406,-38.0,
234552,-147.0,
234559,-17.0,
234609,-60.0,
234661,-58.0,96.0
234727,-30.0,
234740,-23.0,
234796,-155.0,
234827,-65.0,41.0
234859,-122.0,
234929,-17.0,
234957,-99.0,109.0
234978,-3.0,
235068,-156.0,
235097,-85.0,
235121,-11.0,139.0
235131,-67.0,166.0
235175,-54.0,-40.0
235258,-53.0,-8.0
235371,-65.0,
235380,-31.0,
235428,-22.0,222.0
235492,-24.0,
235507,-79.0,109.0
235584,-54.0,
235670,-143.0,
235706,-103.0,
235747,-31.0,12.0
235768,-115.0,
235777,-203.0,215.0
235893,-57.0,
235971,-107.0,
235978,-80.0,
236015,-46.0,53.0
236017,-108.0,12.0
236090,-137.0,
236150,-163.0,12.0
236161,-24.0,
236205,-24.0,
236284,2.0,
236498,-53.0,
236512,-92.0,
236620,-108.0,
236844,-71.0,
236848,-75.0,
236857,-40.0,
236875,-20.0,
236953,-39.0,
237182,-46.0,
237274,-155.0,
237304,-17.0,
237370,-52.0,150.0
237387,-37.0,130.0
237401,-87.0,
237418,-53.0,10.0
237506,-73.0,
237602,-38.0,
237808,-40.0,
237891,-37.0,
237913,-12.0,
237921,-22.0,
237925,-36.0,-15.0
237934,-12.0,
237953,-77.0,
237969,-122.0,-109.0
238007,-151.0,
238144,-42.0,
238150,-61.0,
238249,-106.0,
238255,-155.0,118.0
238301,-70.0,-1.0
238519,-158.0,94.0
238800,-58.0,
238825,-79.0,-14.0
238901,-28.0,
238983,-36.0,
239095,-75.0,
239345,-17.0,
239459,-29.0,
239540,-16.0,
239707,-134.0,122.0
239748,-169.0,
239751,-15.0,
239908,-89.0,
240024,-22.0,
240186,-15.0,
240236,-65.0,
240389,-237.0,177.0
240486,-144.0,
240641,-75.0,
240712,-45.0,
240755,-23.0,206.0
240884,-47.0,
240936,-116.0,
240993,-196.0,
241039,-58.0,
241066,-23.0,
241166,-28.0,
241338,-39.0,
241649,-50.0,
241700,-59.0,
241728,-46.0,
241729,-31.0,
241769,-56.0,109.0
241771,-16.0,
241792,-121.0,26.0
241922,-55.0,
241955,-114.0,
241971,-50.0,-1.0
242149,-89.0,123.0
242254,-17.0,
242390,-51.0,
242472,-95.0,
242491,-90.0,
242633,-4.0,
242636,-109.0,
242778,-66.0,
242793,-36.0,
242858,-65.0,
242893,-68.0,156.0
242998,-46.0,
243025,-29.0,
243047,-109.0,-80.0
243351,-68.0,-36.0
243358,-57.0,
243372,-130.0,
243396,-33.0,
243510,-16.0,
243600,-22.0,
243657,-136.0,
243851,-120.0,
243909,-32.0,
243926,-53.0,
243992,-38.0,
244064,-87.0,
244114,-52.0,
244166,-51.0,
244205,-82.0,
244246,-137.0,
244438,-34.0,0.0
244738,-93.0,
244816,-25.0,116.0
244875,-23.0,
244902,-15.0,20.0
244917,-31.0,0.0
244918,-107.0,
244919,-30.0,131.0
244961,-75.0,
244977,-72.0,
245217,-186.0,160.0
245283,-66.0,
245316,-36.0,
245404,-44.0,
245494,-103.0,
245600,19.0,
245605,-186.0,
245653,-45.0,
245784,-37.0,
245802,-54.0,
245946,-22.0,
245987,-38.0,
246060,-39.0,
246112,-59.0,
246248,-24.0,
246652,-208.0,
246829,-81.0,158.0
246834,-16.0,
247267,-79.0,
247292,-54.0,
247304,-89.0,
247342,-66.0,-1.0
247457,-12.0,
247513,-54.0,
247653,-92.0,-4.0
247666,-46.0,
247714,-268.0,-4.0
247819,-22.0,
247856,-111.0,
247902,-143.0,
247940,-30.0,9.0
247967,-68.0,156.0
248103,-101.0,
248252,-54.0,132.0
248270,-198.0,
248511,-140.0,
248581,-61.0,
248653,-18.0,
248695,-97.0,
248716,-45.0,
248734,-107.0,55.0
248800,-150.0,167.0
248818,-57.0,
248882,-33.0,
248961,-114.0,
248994,-79.0,
249154,-53.0,
249357,11.0,
249359,-30.0,
249362,-64.0,
249423,-43.0,
249534,-162.0,
249570,-23.0,
249704,-73.0,211.0
249750,-85.0,
249965,-32.0,
249996,-23.0,
250047,-33.0,
250058,-57.0,-18.0
250092,-29.0,
250123,-58.0,
250159,-53.0,
250163,-40.0,
250456,,-40.0
250644,-137.0,107.0
251166,-95.0,
251351,-93.0,
251375,-29.0,
251385,-93.0,
251397,-79.0,-18.0
251405,-47.0,
251815,-26.0,
251916,-56.0,23.0
251965,-127.0,
251999,-30.0,
252041,-47.0,
252073,-5.0,
252095,-22.0,
252149,-29.0,
252257,-19.0,
252340,-17.0,
252489,-36.0,
252652,-86.0,-25.0
252863,-18.0,
253013,-29.0,
253208,-39.0,
253250,-24.0,34.0
253496,-4.0,207.0
253516,-15.0,
253567,-39.0,
253577,-65.0,
253579,-137.0,164.0
253633,-37.0,
253763,-23.0,
253767,-36.0,
253859,-45.0,
254044,-122.0,
254162,-82.0,
254313,-101.0,-30.0
254325,-96.0,
254417,-25.0,
254446,-46.0,
254463,-47.0,
254612,-59.0,
254625,-50.0,
255140,-29.0,16.0
255310,-79.0,
255344,-28.0,
255347,-24.0,
255449,-51.0,65.0
255548,-103.0,
255622,-23.0,
255747,-54.0,
255878,-26.0,
255902,-24.0,
255957,-131.0,-16.0
255998,-51.0,
256144,-53.0,
256215,-127.0,-92.0
256532,-17.0,49.0
256680,-53.0,68.0
256740,-43.0,
256815,-117.0,
256867,-17.0,
256905,-23.0,
256998,-130.0,
257104,-243.0,199.0
257110,-50.0,33.0
257167,-54.0,
257359,-71.0,-52.0
257369,-183.0,-117.0
257887,-67.0,
257970,-79.0,39.0
258010,-38.0,
258035,-52.0,
258042,-38.0,
258245,-120.0,
258268,-22.0,
258310,-92.0,144.0
258392,-68.0,
258402,-108.0,-1.0
258509,-37.0,
258538,-122.0,
258587,-109.0,
258737,-268.0,
258840,-85.0,
258894,-172.0,
258978,-115.0,
259060,-87.0,
259182,-115.0,-5.0
259609,-124.0,-36.0
259641,-87.0,
259662,-61.0,
259750,-54.0,
259951,-190.0,
260062,-107.0,38.0
260077,-50.0,
260137,-160.0,
260179,-67.0,
260216,-101.0,
260275,-15.0,10.0
260355,-186.0,170.0
260367,-101.0,-44.0
260491,-149.0,
260565,-46.0,
260623,-28.0,
260639,-4.0,
260777,-151.0,3.0
260949,-24.0,
260951,-11.0,
260955,-127.0,
261042,-20.0,
261160,-5.0,157.0
261205,-85.0,
261265,-43.0,
261332,-47.0,
261335,-68.0,
261342,-22.0,
261466,-127.0,
261495,-53.0,201.0
261525,-123.0,139.0
261615,-29.0,
261718,-38.0,
261863,-107.0,192.0
262011,-145.0,
262025,-79.0,
262294,-24.0,208.0
262332,-110.0,-39.0
262385,-61.0,
262391,-41.0,132.0
262394,-148.0,
262396,3.0,
262403,-86.0,
262454,-88.0,
262639,-117.0,
262741,-59.0,
262934,-191.0,
263022,-295.0,-274.0
263098,-78.0,-24.0
263143,-124.0,-85.0
263150,-22.0,12.0
263251,-73.0,
263341,-121.0,
263448,-102.0,
263499,-107.0,
263524,-25.0,179.0
263531,-47.0,-22.0
263543,-56.0,
263697,-17.0,80.0
263862,-37.0,
263952,-38.0,
264106,-106.0,
264151,-103.0,
264152,-58.0,
264159,-29.0,
264164,-17.0,
264281,-143.0,12.0
264285,-106.0,-81.0
264298,-103.0,126.0
264589,-66.0,
264601,-115.0,-1.0
264694,-23.0,
264715,-99.0,
264723,-120.0,
264732,-39.0,19.0
264744,-27.0,
264842,-58.0,-25.0
264845,-15.0,
264924,-107.0,-12.0
265112,-51.0,
265170,-46.0,
265268,-68.0,
265405,-85.0,27.0
265466,17.0,
265497,-30.0,
265769,-71.0,
265855,-102.0,
265958,-53.0,95.0
265978,-95.0,
266040,-52.0,45.0
266097,-8.0,69.0
266286,-19.0,
266331,-54.0,
266450,-97.0,
266514,-50.0,
266524,-134.0,
266536,-22.0,
266558,-110.0,
266559,-79.0,
266564,-67.0,
266626,-113.0,
266744,-31.0,109.0
266757,-36.0,150.0
266762,-174.0,
266858,-68.0,
266915,-47.0,165.0
266922,-110.0,
267118,-65.0,103.0
267602,-64.0,
267619,-11.0,
267761,-131.0,
267774,-75.0,136.0
267853,-19.0,
267871,-114.0,
267961,-103.0,
268018,-101.0,172.0
268073,-33.0,
268127,-310.0,-24.0
268143,-101.0,
268153,-89.0,
268301,-71.0,
268343,-127.0,0.0
268391,-18.0,
268589,-103.0,
268649,-95.0,167.0
268727,-110.0,-108.0
268733,-17.0,187.0
268817,-59.0,87.0
268823,-31.0,
268845,-137.0,145.0
268883,-64.0,180.0
268915,-92.0,47.0
269065,-88.0,55.0
269076,-23.0,48.0
269082,-44.0,
269204,-29.0,
269220,-24.0,
269243,-81.0,
269245,-62.0,78.0
269289,-137.0,-82.0
269388,-130.0,
269508,-52.0,
269510,-32.0,
269575,-79.0,204.0
269584,-36.0,
269593,-25.0,
269676,-29.0,
269677,-103.0,
269730,-53.0,
269764,-12.0,
269856,-108.0,
270191,-85.0,-15.0
270256,-173.0,-82.0
270393,-82.0,
270399,-30.0,
270421,-28.0,
270435,-47.0,
270468,-117.0,
270493,-116.0,
270502,-51.0,
270567,-34.0,
270638,-36.0,
270646,-72.0,
270764,-64.0,34.0
270814,-29.0,
270988,-24.0,
271036,-9.0,
271047,-25.0,
271168,-137.0,
271206,-54.0,
271251,-68.0,
271274,-113.0,
271346,-32.0,-1.0
271467,-64.0,
271526,-52.0,
271702,-195.0,-169.0
271974,-67.0,
272000,-106.0,
272103,-135.0,-23.0
272172,-81.0,
272313,-67.0,6.0
272580,-19.0,
272617,-39.0,104.0
272623,-32.0,124.0
272701,-106.0,
272704,-148.0,13.0
273106,-96.0,
273339,-25.0,
273346,-155.0,
273442,-135.0,
273605,-88.0,
273731,-16.0,
273782,-24.0,
273877,-28.0,
274218,-22.0,
274237,-78.0,-61.0
274247,-38.0,
274443,-142.0,
274577,-145.0,-23.0
274712,-150.0,
274947,-43.0,229.0
274964,-81.0,
274967,-24.0,
274971,-24.0,
275006,-53.0,62.0
275112,-127.0,
275127,-15.0,
275136,-2.0,
275151,-79.0,
275162,-19.0,
275180,-99.0,
275232,-165.0,
275296,-36.0,
275297,-38.0,
275309,-60.0,108.0
275674,-155.0,132.0
275711,-115.0,
275792,-37.0,
275882,-23.0,
276265,-29.0,180.0
276314,-65.0,
276337,-128.0,128.0
276388,-150.0,
276717,-256.0,
276808,-29.0,
276830,-64.0,
276846,-60.0,57.0
276857,-53.0,
276893,-53.0,
276925,-96.0,174.0
276935,-162.0,
277044,-24.0,
277123,-20.0,
277166,-19.0,
277384,-122.0,12.0
277412,-87.0,
277537,-26.0,
277577,-74.0,-8.0
277596,-143.0,
277729,-45.0,
277733,-89.0,
277809,-152.0,-53.0
277812,-142.0,
277880,-108.0,177.0
277967,-16.0,
278155,-22.0,
278272,-54.0,
278282,-101.0,27.0
278380,-70.0,
278413,-28.0,27.0
278447,-45.0,
278600,-15.0,12.0
278773,-110.0,-57.0
278786,-100.0,-93.0
278794,-185.0,
278861,-305.0,226.0
278955,-53.0,
278962,-16.0,
279069,-87.0,-68.0
279085,-33.0,
279117,-65.0,105.0
279238,-35.0,12.0
279440,-29.0,
279557,-75.0,-29.0
279572,-138.0,
279653,-102.0,
279747,-81.0,
279750,-36.0,
279755,-24.0,
279839,-54.0,138.0
279868,-73.0,
279879,-93.0,60.0
279883,-75.0,-11.0
280017,-108.0,
280054,-32.0,
280140,-60.0,
280151,-25.0,
280152,-53.0,
280439,-87.0,-51.0
280541,-145.0,38.0
280962,-53.0,
281022,-74.0,
281077,-103.0,
281118,-45.0,
281134,-28.0,
281172,-57.0,
281250,-64.0,
281252,-32.0,11.0
281261,-34.0,97.0
281271,-74.0,65.0
281564,-16.0,
281589,-50.0,
281619,-29.0,
281636,-73.0,
281638,-47.0,
281651,-90.0,
281656,-143.0,-87.0
281785,-149.0,-8.0
281799,-122.0,12.0
281801,-138.0,
281920,-147.0,
281970,-100.0,12.0
282038,-43.0,38.0
282161,-31.0,-30.0
282193,-68.0,
282317,-203.0,
282385,-26.0,
282388,-67.0,
282498,-149.0,-12.0
282585,-102.0,
282713,-75.0,
282785,-47.0,97.0
282806,-183.0,
282821,-107.0,
282849,-15.0,
282879,-166.0,
282962,-10.0,
282975,-75.0,
283035,-17.0,
283050,-58.0,
283055,-61.0,48.0
283131,-31.0,
283133,-99.0,
283230,-52.0,
283348,-22.0,
283401,-75.0,0.0
283402,-11.0,
283535,-124.0,118.0
283564,-127.0,
283618,-17.0,
283783,-108.0,60.0
283798,-22.0,
283811,-130.0,-10.0
283953,-19.0,
283978,-60.0,
284036,-62.0,
284076,-28.0,
284095,-53.0,
284246,17.0,
284326,-16.0,
284395,-152.0,-120.0
284540,-51.0,38.0
284589,-53.0,-23.0
284593,-95.0,-2.0
284636,-101.0,
284734,-73.0,
284741,-124.0,-10.0
284742,-150.0,0.0
284762,-82.0,
284812,-34.0,
284906,-192.0,
285050,-4.0,
285085,-59.0,205.0
285096,-214.0,
285170,-17.0,
285193,-4.0,
285223,-12.0,
285315,-36.0,
285391,-18.0,
285412,-110.0,
285470,-149.0,
285475,-225.0,
285481,-162.0,
285557,-79.0,
285567,-179.0,
285633,-25.0,
285637,-30.0,158.0
285705,-29.0,
285861,-12.0,
285912,-43.0,
285934,-16.0,
285992,-144.0,-12.0
285996,-18.0,
286067,-60.0,27.0
286160,-46.0,
286262,-9.0,103.0
286338,-60.0,
286402,-85.0,
286422,-25.0,
286442,-71.0,60.0
286449,-96.0,59.0
286484,-92.0,173.0
286488,-8.0,
286527,-26.0,145.0
286658,-67.0,
286690,-44.0,
286762,-39.0,
286778,-14.0,
286842,-157.0,
286914,-73.0,
286947,-36.0,
287004,-47.0,-18.0
287040,-155.0,
287079,-31.0,110.0
287099,-89.0,
287107,-103.0,
287204,-79.0,
287210,-156.0,
287258,-136.0,
287309,-153.0,
287432,-185.0,
287499,-122.0,0.0
287526,-53.0,102.0
287548,-52.0,
287679,-45.0,
287715,-72.0,12.0
287783,-46.0,
287897,-94.0,-11.0
287954,-35.0,
288086,-88.0,
288282,-145.0,
288380,-82.0,
288407,-53.0,0.0
288655,-18.0,12.0
288717,-141.0,0.0
288762,-134.0,-75.0
288769,-100.0,0.0
288967,-29.0,
288990,-47.0,198.0
288994,-10.0,
289009,-10.0,
289108,3.0,
289179,-50.0,12.0
289180,-108.0,-43.0
289221,-149.0,
289247,-25.0,
289304,-29.0,
289397,-29.0,22.0
289449,-122.0,
289529,-40.0,-7.0
289564,-54.0,
289618,-64.0,209.0
289676,-96.0,
289753,-16.0,142.0
289826,-32.0,30.0
289965,-64.0,
289993,-100.0,-82.0
290043,-16.0,
290089,-115.0,
290164,-88.0,
290184,-18.0,
290201,-96.0,
290252,-28.0,60.0
290371,-121.0,55.0
290382,-59.0,
290521,-129.0,
290550,-43.0,
290658,-23.0,
290757,-141.0,
290854,-58.0,
290914,-145.0,
291005,-25.0,
291037,-156.0,
291133,-83.0,
291156,-130.0,135.0
291159,-103.0,
291194,-68.0,
291237,-52.0,
291334,-132.0,
291516,-66.0,
291544,-144.0,
291674,-47.0,
291701,-121.0,-25.0
291745,-31.0,
291805,-87.0,
291844,-116.0,
291848,-58.0,
291937,-10.0,
291960,-27.0,
292027,-50.0,22.0
292136,-50.0,
292525,-52.0,
292537,-17.0,
292694,-213.0,32.0
292713,-29.0,
292741,-25.0,
292775,-35.0,
292813,-94.0,5.0
292923,-162.0,-121.0
293162,-92.0,
293317,-53.0,144.0
293321,-30.0,10.0
293387,-23.0,
293454,-22.0,
293670,-22.0,54.0
293686,-22.0,
293699,-27.0,
293712,-38.0,
293754,-61.0,
293760,5.0,
293824,-50.0,
293853,-29.0,
293989,-32.0,90.0
293992,-36.0,
294112,-28.0,
294134,-65.0,
294219,-45.0,
294364,-69.0,
294381,-50.0,
294496,-147.0,
294513,-24.0,
294570,-80.0,
294578,-52.0,7.0
294594,-145.0,
294655,-49.0,
294679,-52.0,67.0
294920,-93.0,93.0
294929,-148.0,
294961,-233.0,
294999,-65.0,72.0
295060,-66.0,
295075,-114.0,
295118,-131.0,
295255,-15.0,
295728,-79.0,
295741,-17.0,
295754,-12.0,
295893,-85.0,164.0
296100,-31.0,12.0
296138,-32.0,
296222,-86.0,-4.0
296232,-31.0,
296332,-115.0,
296408,-227.0,-117.0
296411,-22.0,
296424,-84.0,
296725,-73.0,
296813,-157.0,-30.0
296849,-163.0,103.0
296904,-45.0,
296911,-194.0,24.0
296993,-80.0,
297014,-17.0,
297166,-25.0,
297179,-269.0,75.0
297218,-9.0,
297341,-22.0,
297382,-36.0,-5.0
297484,-170.0,
297582,-103.0,27.0
297685,-142.0,
297806,-56.0,
297853,-78.0,
297990,-114.0,
298034,-49.0,
298040,-100.0,
298148,-30.0,
298186,-38.0,
298187,-29.0,
298303,5.0,
298322,-100.0,
298402,-199.0,
298476,-21.0,
298497,-23.0,
298696,-32.0,
298777,-84.0,-3.0
298838,-66.0,
298911,-44.0,114.0
298961,-88.0,
299027,-8.0,
299237,-117.0,
299281,-149.0,
299473,-205.0,
299485,-29.0,-2.0
299536,-57.0,
299561,-128.0,54.0
299707,-150.0,
299886,-166.0,
299949,-29.0,223.0
300057,-128.0,
300059,-24.0,
300264,-72.0,
300398,-59.0,
300508,-36.0,
300592,-31.0,
300594,-201.0,108.0
300611,-151.0,149.0
300819,-35.0,
300848,-128.0,-29.0
301036,-28.0,12.0
301074,-120.0,
301128,-95.0,-44.0
301232,-106.0,
301298,-18.0,
301498,-71.0,
301561,-52.0,159.0
301583,-31.0,
301681,-115.0,-36.0
301967,-35.0,
301987,-60.0,
302071,-123.0,
302145,-21.0,
302302,-83.0,
302363,-93.0,-72.0
302476,-156.0,
302522,-2.0,
302550,-198.0,-163.0
302566,-150.0,
302924,-68.0,
303141,-35.0,
303165,-29.0,
303218,-15.0,
303288,-47.0,
303331,-163.0,163.0
303341,-79.0,20.0
303521,-108.0,
303582,-26.0,
303595,-25.0,
303617,-110.0,
303774,-45.0,171.0
303937,-128.0,
303985,-24.0,
304069,-94.0,53.0
304106,-17.0,
304240,-184.0,
304465,-135.0,
304500,-29.0,
304589,-108.0,
304607,-110.0,
304734,-54.0,
304795,-73.0,-12.0
304893,-9.0,224.0
305036,-25.0,
305064,-86.0,
305152,-18.0,
305173,-38.0,
305307,-60.0,0.0
305313,-83.0,10.0
305373,-110.0,
305386,-66.0,
305535,101.0,
305539,-54.0,-3.0
305547,-123.0,-26.0
305659,-28.0,
305702,-2.0,157.0
305783,-79.0,
305792,-40.0,
305812,-23.0,60.0
305824,-309.0,-7.0
305858,-109.0,
305876,-25.0,
305909,-162.0,
305918,-82.0,
305935,-114.0,
305945,-53.0,57.0
305974,-79.0,-40.0
306107,-107.0,
306150,-157.0,
306202,-81.0,
306466,-58.0,
306478,-68.0,
306610,-75.0,
306646,-22.0,
306754,-81.0,12.0
306880,-75.0,12.0
306886,-79.0,
306897,-123.0,
306944,-29.0,
306964,-12.0,
306984,-123.0,27.0
307061,-31.0,
307116,-39.0,93.0
307158,-18.0,
307193,-29.0,
307230,-44.0,95.0
307245,-150.0,
307290,-22.0,
307291,-44.0,79.0
307297,-15.0,32.0
307386,-94.0,
307676,-29.0,
307689,-107.0,
307789,-35.0,-11.0
307866,-107.0,
307932,-12.0,138.0
307953,-140.0,
308231,-45.0,
308345,-17.0,
308359,-67.0,65.0
308363,-61.0,
308391,-66.0,126.0
308509,-130.0,
308589,-9.0,
308634,-24.0,
308703,-44.0,121.0
308707,-80.0,142.0
308767,-9.0,
308775,-32.0,
308807,-94.0,
308850,-4.0,
308852,-17.0,112.0
308918,-36.0,
308953,-17.0,
308982,-12.0,-11.0
309048,-24.0,
309118,-16.0,
309142,-38.0,
309150,-58.0,89.0
309175,-44.0,
309258,-150.0,23.0
309350,-141.0,65.0
309515,-24.0,-17.0
309580,-30.0,
309709,-193.0,
309734,-16.0,
309756,-157.0,
309893,-47.0,
310088,-90.0,208.0
310125,-32.0,136.0
310205,-79.0,
310280,-128.0,
310412,-81.0,
310646,-26.0,
310765,-108.0,
310865,-66.0,51.0
310899,-113.0,-45.0
310933,-88.0,
310968,-7.0,
311042,-16.0,47.0
311117,-25.0,215.0
311151,-31.0,46.0
311158,-93.0,
311235,-123.0,
311332,-50.0,
311401,-50.0,27.0
311474,-131.0,88.0
311599,-36.0,
311616,-25.0,
311659,2.0,
311845,-19.0,
311862,-23.0,
311877,-59.0,207.0
311889,-24.0,
311917,-121.0,
312061,-29.0,
312126,-22.0,12.0
312141,-61.0,
312231,-81.0,
312275,-29.0,0.0
312518,-58.0,159.0
312531,-65.0,-61.0
312537,-79.0,
312760,-15.0,
312761,-24.0,
312782,-59.0,
312886,-71.0,
312960,-72.0,
313070,-45.0,-17.0
313206,-45.0,
313243,-53.0,
313246,-128.0,
313501,-102.0,
313561,-82.0,
313700,-75.0,
313756,-17.0,
313810,-74.0,
313925,-29.0,
313937,-32.0,
313975,-30.0,
314123,-158.0,-25.0
314219,-94.0,-7.0
314252,-29.0,
314507,-10.0,
314548,3.0,
314555,-29.0,54.0
314675,-155.0,
314776,-36.0,
314801,-30.0,
314850,-180.0,135.0
314956,-113.0,
315025,-24.0,
315076,-22.0,
315082,-73.0,0.0
315105,-87.0,
315186,-79.0,
315322,-36.0,171.0
315388,-123.0,52.0
315517,-19.0,5.0
315625,-36.0,
315633,-165.0,-22.0
315723,-113.0,0.0
315728,-101.0,
315730,-82.0,
315744,-53.0,
315795,-10.0,
315808,-163.0,
315850,-144.0,
315909,-173.0,
315945,-88.0,
316061,-38.0,188.0
316076,-54.0,
316082,-68.0,
316091,-46.0,
316098,-32.0,
316227,-34.0,
316289,-96.0,
316327,-75.0,
316421,-150.0,12.0
316454,-84.0,12.0
316541,-81.0,
316772,-280.0,-191.0
316841,-18.0,
317096,-114.0,
317394,-8.0,
317399,-66.0,
317801,-61.0,
317855,-97.0,-26.0
318056,-24.0,
318068,-22.0,
318101,-29.0,
318139,-68.0,79.0
318147,-64.0,
318241,-23.0,
318289,-35.0,-21.0
318500,-289.0,
318574,-113.0,0.0
318627,-115.0,
318769,-38.0,
318794,-74.0,
318848,-28.0,
318855,-38.0,
318876,-179.0,
318919,-60.0,
318933,-100.0,
318977,-201.0,
319035,-46.0,-17.0
319042,-29.0,
319047,-47.0,
319073,-22.0,
319209,-81.0,
319325,-36.0,3.0
319331,-26.0,
319461,-46.0,5.0
319479,-32.0,-1.0
319492,-53.0,150.0
319563,-51.0,
319578,-32.0,
319606,-60.0,
319618,-31.0,
319884,-30.0,
320014,-74.0,
320051,-32.0,
320133,-25.0,
320153,-22.0,129.0
320251,-123.0,
320363,-79.0,
320437,-75.0,
320593,-96.0,
320612,-25.0,
320661,-321.0,-110.0
320757,-81.0,
320764,-136.0,
320963,-145.0,
321096,-110.0,
321112,-129.0,110.0
321121,-73.0,
321142,-143.0,
321346,-87.0,
321450,-14.0,
321486,-29.0,65.0
321525,-44.0,
321744,-51.0,
321810,-17.0,
321942,-67.0,
321952,-53.0,
321969,-150.0,110.0
322106,-24.0,
322137,-91.0,
322184,-100.0,156.0
322325,-29.0,
322499,-32.0,61.0
322509,-113.0,
322574,-122.0,
322641,-120.0,
322728,-102.0,18.0
322745,-85.0,
322844,-53.0,166.0
322907,-31.0,
322960,-23.0,81.0
322985,-106.0,
323025,-28.0,3.0
323090,-29.0,
323146,-59.0,
323370,-53.0,
323480,-185.0,
323606,-73.0,
323659,-59.0,226.0
323680,-142.0,
323688,,-107.0
323805,-144.0,-101.0
323809,-58.0,
323914,-136.0,
323940,-4.0,
323984,-29.0,
324002,-32.0,
324084,-165.0,
324095,-157.0,
324236,-36.0,139.0
324257,-34.0,
324268,-89.0,57.0
324282,-32.0,
324305,-21.0,90.0
324319,-29.0,192.0
324331,-72.0,138.0
324332,-53.0,
324338,-25.0,116.0
324440,-70.0,-44.0
324447,17.0,
324614,-38.0,103.0
324672,-16.0,
324691,-94.0,
324773,-46.0,
324907,-96.0,
324948,-22.0,
325044,-44.0,
325080,-64.0,
325089,-25.0,
325308,-103.0,
325368,-29.0,
325497,-152.0,
325511,-166.0,
325518,-14.0,12.0
325565,-29.0,
325566,-57.0,
325750,-32.0,235.0
325879,-104.0,
325887,-45.0,
325909,-128.0,
326012,-66.0,
326056,-25.0,179.0
326995,-146.0,-54.0
327003,-124.0,
327024,-2.0,
327057,-51.0,
327224,5.0,
327449,-25.0,
327616,-29.0,
327641,-135.0,
327650,-71.0,
327664,-66.0,12.0
327797,-48.0,137.0
327940,-39.0,
327997,-21.0,83.0
328024,-45.0,
328123,-54.0,
328173,-67.0,164.0
328241,-149.0,
328261,-29.0,
328377,-106.0,17.0
328476,-15.0,
328674,-16.0,
328734,-144.0,-47.0
328797,-53.0,-43.0
328844,-145.0,
328942,-49.0,
329030,-71.0,
329095,-37.0,158.0
329192,-44.0,
329226,-64.0,
329321,-89.0,
329455,-29.0,
329655,-29.0,
329659,-128.0,
329673,-54.0,
329689,-102.0,
329800,-53.0,
329895,-106.0,201.0
329967,-21.0,
330067,-30.0,
330177,-43.0,
330192,-28.0,
330347,-196.0,
330354,-179.0,-121.0
330376,-92.0,27.0
330453,-23.0,
330530,-53.0,159.0
330594,-14.0,
330669,-94.0,-78.0
330682,-46.0,
330723,-38.0,172.0
330862,-24.0,
330917,-29.0,
330937,-75.0,0.0
330952,-86.0,48.0
330966,-14.0,138.0
330981,-39.0,12.0
330994,-116.0,20.0
331039,-29.0,
331104,-30.0,27.0
331107,-43.0,
331156,-41.0,
331232,-74.0,
331315,-23.0,
331318,-18.0,
331351,-73.0,
331354,-16.0,
331358,-67.0,53.0
331404,-54.0,
331417,-32.0,
331494,-103.0,-10.0
331526,-75.0,-15.0
331622,-22.0,-3.0
331789,-108.0,
331844,-260.0,
331883,-144.0,
332237,-22.0,198.0
332257,-31.0,0.0
332309,-25.0,
332436,-74.0,
332668,-50.0,
332676,-44.0,10.0
332715,-143.0,
332726,-170.0,
332789,-64.0,
332884,-29.0,
332945,-22.0,
333059,-103.0,
333117,-179.0,100.0
333129,-24.0,
333155,-135.0,
333308,-129.0,
333323,-53.0,
333346,-59.0,37.0
333493,-158.0,
333637,-34.0,
333651,-58.0,186.0
333710,-44.0,
333823,-85.0,
333832,-118.0,
333837,-137.0,42.0
333856,-28.0,
333976,-36.0,
333993,-106.0,
334023,-31.0,
334048,-115.0,
334134,-25.0,
334154,-36.0,
334224,-29.0,
334225,-140.0,
334255,-78.0,
334257,-150.0,
334259,-32.0,
334291,-22.0,
334294,-90.0,54.0
334333,-192.0,65.0
334441,-154.0,
334476,-47.0,
334504,-132.0,0.0
334565,-29.0,
334581,-135.0,
334669,-46.0,58.0
334794,-29.0,38.0
334973,-35.0,
334981,-64.0,
335018,-2.0,233.0
335020,-43.0,
335035,-56.0,
335095,-103.0,
335136,-52.0,
335242,-23.0,
335247,-29.0,
335264,-88.0,10.0
335355,-178.0,
335401,-35.0,54.0
335405,-69.0,
335421,-53.0,
335471,-40.0,41.0
335476,-117.0,
335481,-32.0,
335553,-99.0,80.0
335562,-59.0,
335582,-32.0,
335600,-102.0,
335607,-117.0,45.0
335644,-28.0,
335648,-25.0,
335726,-149.0,100.0
335764,-196.0,160.0
335765,-148.0,12.0
335910,-29.0,
335914,-14.0,137.0
335922,-99.0,12.0
335996,-135.0,-2.0
336014,-28.0,139.0
336037,-36.0,
336112,-68.0,
336131,-18.0,
336163,-8.0,
336165,-24.0,
336207,-110.0,
336213,-57.0,
336218,-88.0,
336258,-116.0,
336277,-32.0,47.0
336356,-97.0,
336362,-123.0,
336398,-29.0,
336402,-58.0,
336478,-110.0,
336646,-67.0,
336684,-55.0,
336695,-34.0,50.0
336696,-25.0,
336772,-122.0,
336936,-22.0,67.0
337000,-22.0,
337048,-8.0,199.0
337151,-58.0,
337189,-27.0,
337314,-51.0,-2.0
337359,-144.0,
337414,-43.0,216.0
337615,-59.0,
337741,-58.0,-31.0
337748,-70.0,165.0
337940,-103.0,53.0
338034,-86.0,
338056,-16.0,
338076,-27.0,
338089,-16.0,
338113,-14.0,
338168,-8.0,
338373,-134.0,
338407,-67.0,
338446,-39.0,
338536,-16.0,
338554,-50.0,
338604,-62.0,
338669,-5.0,45.0
338689,-66.0,
338704,-65.0,
338731,-17.0,178.0
338741,-144.0,
338806,-32.0,
338854,-143.0,-96.0
338861,-22.0,
338878,-95.0,27.0
338894,-45.0,
338912,-22.0,-16.0
338958,-46.0,
338975,-99.0,
338983,-50.0,207.0
339235,-31.0,
339353,-81.0,-75.0
339379,-179.0,
339381,-66.0,
339481,-89.0,
339494,-123.0,
339513,-67.0,
339519,-32.0,
339526,-94.0,123.0
339608,-134.0,
339624,-37.0,9.0
339640,-103.0,
339645,-29.0,
339656,-115.0,-2.0
339727,-49.0,
339728,-46.0,
339739,-52.0,
339785,-149.0,
339824,-109.0,
339853,-67.0,
339855,-29.0,135.0
339924,-53.0,
339946,-73.0,200.0
339972,-57.0,
340010,-36.0,
340216,-155.0,
340242,-14.0,
340378,-66.0,27.0
340399,-51.0,
340486,-109.0,
340496,-137.0,
340592,-22.0,
340627,-39.0,
340647,-23.0,
340661,-29.0,-19.0
340751,-32.0,-1.0
340831,-97.0,136.0
340850,-36.0,
340899,-23.0,229.0
340911,-31.0,
340962,-135.0,-26.0
340965,-67.0,
341010,-24.0,
341027,-190.0,-171.0
341040,-64.0,129.0
341044,2.0,
341093,-93.0,
341096,-54.0,
341229,-29.0,
341235,-85.0,-8.0
341361,-194.0,
341457,-144.0,135.0
341470,-90.0,
341509,-36.0,
341611,-85.0,
341612,-138.0,-52.0
341629,-21.0,
341839,-23.0,157.0
341854,-35.0,
341855,-32.0,207.0
341872,48.0,
341876,-155.0,72.0
341921,-66.0,
342007,-71.0,51.0
342017,-89.0,
342089,-45.0,
342100,-54.0,
342125,-86.0,54.0
342155,-38.0,
342176,-46.0,6.0
342187,-29.0,
342192,-86.0,
342208,-48.0,66.0
342234,-25.0,
342303,-50.0,67.0
342387,-44.0,
342466,-24.0,
342475,-43.0,
342483,-85.0,233.0
342514,-81.0,
342678,,-33.0
342685,-32.0,
342697,-38.0,68.0
342799,-24.0,
342946,-18.0,
342949,-29.0,
342953,-165.0,
342957,-43.0,
342962,-47.0,
342972,-60.0,
342974,-57.0,
343053,-22.0,
343138,-39.0,
343238,-45.0,
343419,-103.0,
343427,-25.0,-1.0
343446,-49.0,
343543,-38.0,
343655,-4.0,
343658,-31.0,
343709,-36.0,
343781,-53.0,
343828,-29.0,
343911,-87.0,
343913,-16.0,
344098,-17.0,
344199,-60.0,52.0
344282,-12.0,
344367,-61.0,
344396,-20.0,
344409,-205.0,
344451,-117.0,
344474,-16.0,200.0
344568,-172.0,
344676,-96.0,
344740,-36.0,-4.0
344787,-117.0,
344873,-23.0,
345064,-53.0,
345068,-37.0,
345083,-184.0,80.0
345128,-37.0,
345256,-34.0,
345257,-16.0,
345271,-109.0,
345288,-74.0,
345313,-16.0,
345357,-18.0,
345440,-46.0,
345442,-41.0,
345455,-24.0,
345519,-88.0,
345568,-52.0,
345737,-92.0,207.0
345881,-34.0,
346025,-75.0,
346093,-49.0,
346118,-148.0,
346207,-53.0,
346333,-54.0,
346843,-44.0,
346853,-18.0,
347197,-49.0,
347210,-27.0,39.0
347257,-130.0,-58.0
347365,-22.0,
347410,-123.0,-53.0
347484,-95.0,
347518,-82.0,
347764,-79.0,
347809,-47.0,
347864,-31.0,191.0
348050,-164.0,
348108,-56.0,
348159,-29.0,
348275,-103.0,128.0
348288,-24.0,
348324,-50.0,
348351,-67.0,
348378,-65.0,
348439,-34.0,52.0
348547,-199.0,83.0
348579,-49.0,
348602,-52.0,146.0
348655,-85.0,
348708,-113.0,0.0
348717,-192.0,
348771,-29.0,
348783,-38.0,
348790,-16.0,123.0
348807,-22.0,
348837,-43.0,
348855,-59.0,
348906,-67.0,32.0
348986,-22.0,
349040,-127.0,83.0
349069,-52.0,
349093,-24.0,
349145,-106.0,9.0
349182,-68.0,
349219,-23.0,
349247,-49.0,101.0
349258,-57.0,
349359,-30.0,56.0
349360,-89.0,
349401,-208.0,-50.0
349424,-16.0,
349515,-53.0,
349554,-38.0,
349675,-32.0,
349676,-150.0,
349688,-71.0,
349710,-19.0,101.0
349777,-68.0,51.0
349908,-64.0,
349910,-39.0,
349924,-45.0,12.0
350156,-50.0,
350164,-65.0,51.0
350188,-49.0,
350267,23.0,159.0
350312,-74.0,
350361,-131.0,-42.0
350398,-43.0,122.0
350473,-8.0,
350622,-96.0,
350644,-39.0,
350660,-52.0,
350690,-55.0,100.0
350795,-55.0,
350797,-14.0,
350929,-141.0,
350939,-124.0,
350944,-34.0,
350949,-74.0,123.0
351034,-132.0,
351050,-109.0,
351080,-65.0,
351147,-79.0,
351170,-26.0,
351181,-25.0,
351244,-144.0,
351271,-113.0,
351290,-54.0,
351293,-114.0,-5.0
351328,-87.0,166.0
351336,-130.0,
351378,-27.0,
351500,-90.0,
351505,-37.0,
351512,-48.0,
351543,-46.0,
351577,-218.0,
351767,-144.0,-3.0
351775,-58.0,
351903,-16.0,114.0
352009,-107.0,
352051,-96.0,
352083,-32.0,-18.0
352102,-31.0,0.0
352112,-116.0,
352152,-58.0,-10.0
352161,-87.0,61.0
352308,-17.0,58.0
352339,-44.0,118.0
352364,-30.0,
352382,-53.0,
352600,-145.0,-46.0
352637,-44.0,
352641,-190.0,23.0
352679,-151.0,54.0
352688,-54.0,
352771,-73.0,
352953,-128.0,45.0
352954,-59.0,-9.0
353018,-74.0,
353066,-38.0,-23.0
353093,-73.0,
353221,-36.0,
353352,-24.0,
353368,-22.0,
353617,-23.0,
353660,-142.0,223.0
353665,-51.0,
353790,-19.0,
353804,-128.0,139.0
353918,-95.0,-18.0
353953,-44.0,
353969,-101.0,84.0
353979,-29.0,12.0
354050,-21.0,
354058,-29.0,
354121,-29.0,-7.0
354170,-124.0,
354171,-58.0,
354173,-11.0,135.0
354550,-92.0,
354552,-135.0,0.0
354560,-107.0,2.0
354607,-24.0,
354688,-7.0,
354698,-17.0,
354713,-14.0,
354779,-47.0,
354815,-266.0,137.0
354858,-32.0,5.0
354895,-77.0,102.0
354953,-22.0,112.0
354984,-117.0,
354988,-79.0,131.0
354992,5.0,
355034,-87.0,12.0
355049,-101.0,
355143,-27.0,
355147,-110.0,
355149,-260.0,-220.0
355205,-106.0,-102.0
355293,-54.0,228.0
355309,-68.0,
355335,-136.0,
355369,-54.0,59.0
355510,-177.0,
355591,-176.0,111.0
355617,-100.0,
355643,-102.0,
355663,-60.0,
355692,-107.0,-11.0
355738,-71.0,
355780,-64.0,213.0
355935,-136.0,
355998,-29.0,
356166,-25.0,
356170,-149.0,
356257,-64.0,78.0
356274,-71.0,
356297,-110.0,
356371,-24.0,
356386,-78.0,
356397,-37.0,
356523,-22.0,124.0
356535,-22.0,0.0
356561,-31.0,
356568,-58.0,
356705,-46.0,163.0
356735,-63.0,
357030,-18.0,51.0
357038,-107.0,
357176,-34.0,
357214,-34.0,-16.0
357219,-21.0,
357297,-36.0,
357485,-47.0,-19.0
357493,-72.0,
357576,-22.0,
357595,-117.0,-87.0
357668,-38.0,
357820,-155.0,12.0
357851,-145.0,234.0
357901,-115.0,
357928,-102.0,
357942,-24.0,106.0
358001,-25.0,
358054,-50.0,125.0
358075,-46.0,
358182,-96.0,
358204,-14.0,
358289,-36.0,37.0
358341,-1.0,
358504,-127.0,
358522,-298.0,
358578,-21.0,72.0
358808,-22.0,
358956,-32.0,
358966,-80.0,
359114,-22.0,
359149,-145.0,166.0
359156,-29.0,
359170,-58.0,-36.0
359417,-58.0,
359438,-127.0,
359460,-235.0,19.0
359590,-75.0,95.0
359640,-109.0,
359645,-115.0,137.0
359657,-22.0,10.0
359728,-47.0,11.0
359855,-38.0,205.0
359883,-1.0,
359943,-82.0,
359958,-10.0,
360024,-117.0,174.0
360101,-53.0,0.0
360188,-22.0,
360190,-82.0,
360266,-106.0,
360278,-88.0,16.0
360483,-41.0,16.0
360489,-16.0,152.0
360492,-51.0,
360547,-29.0,136.0
360581,-38.0,
360683,-24.0,
360726,-102.0,
360747,-67.0,
360752,-38.0,-2.0
360759,-61.0,186.0
360876,-17.0,
360877,-86.0,
360938,-86.0,
360986,-23.0,
361209,-30.0,
361243,-43.0,
361282,-66.0,178.0
361410,-73.0,
361411,-79.0,
361603,-27.0,
361837,-108.0,87.0
361842,-156.0,10.0
361889,-81.0,87.0
361988,-17.0,0.0
362037,-30.0,
362115,-16.0,
362140,-67.0,
362223,-25.0,
362356,-36.0,27.0
362374,-128.0,
362548,-74.0,
362647,-115.0,
362661,-72.0,12.0
362668,-92.0,
362760,-93.0,
362877,-128.0,100.0
362907,-37.0,0.0
363110,-137.0,
363122,-29.0,
363151,-81.0,-71.0
363213,-36.0,
363273,-15.0,
363374,-17.0,
363396,-51.0,
363401,-24.0,
363416,6.0,
363660,-88.0,
363711,-66.0,0.0
363738,-53.0,93.0
363749,-78.0,
363773,-53.0,
363906,-22.0,
363939,-75.0,
363990,-39.0,
364021,-61.0,
364066,-142.0,-36.0
364073,-37.0,
364103,-59.0,
364177,-129.0,
364185,-95.0,-32.0
364239,-169.0,
364307,-52.0,
364322,-25.0,
364323,-16.0,5.0
364405,-30.0,
364440,-78.0,-29.0
364527,-14.0,
364547,-44.0,
364666,-64.0,
364712,-145.0,-88.0
364770,-49.0,
364790,-83.0,
364871,-45.0,
364920,-157.0,180.0
364957,-37.0,
364974,-73.0,
365060,-114.0,47.0
365084,-8.0,
365097,-103.0,
365111,-75.0,198.0
365169,-31.0,
365192,-31.0,
365222,-26.0,
365239,-184.0,60.0
365244,-38.0,
365288,-75.0,0.0
365375,-131.0,181.0
365397,-64.0,
365405,-23.0,
365439,-61.0,
365452,-102.0,
365488,-83.0,
365631,-25.0,
365642,-52.0,
365661,-32.0,
365701,-78.0,
365707,-27.0,
365762,-92.0,171.0
365764,-130.0,
365782,-53.0,
365860,-29.0,
365893,-110.0,88.0
365939,-117.0,
365993,-144.0,
366024,-36.0,
366140,-94.0,
366164,-44.0,201.0
366267,6.0,167.0
366310,-66.0,
366367,-74.0,
366371,-10.0,
366424,-122.0,28.0
366449,-39.0,
366479,-162.0,
366483,-4.0,
366492,-24.0,
366524,-72.0,
366535,-54.0,9.0
366649,-66.0,
366771,-54.0,
366791,-70.0,-29.0
366821,-46.0,
366836,-9.0,9.0
366872,-67.0,0.0
366873,-18.0,
366936,-117.0,88.0
366987,-36.0,
367045,-187.0,-2.0
367127,-138.0,
367151,-120.0,191.0
367304,-30.0,
367309,-45.0,
367348,-36.0,
367352,-52.0,
367433,-32.0,
367510,-37.0,94.0
367535,-36.0,
367605,-37.0,
367609,-53.0,
367646,-22.0,
367696,-23.0,
367807,-200.0,-26.0
367815,-155.0,123.0
367898,-74.0,
368077,-52.0,
368106,-122.0,
368194,-123.0,
368195,-116.0,144.0
368245,-16.0,
368306,-143.0,
368315,-31.0,
368389,-155.0,-155.0
368436,-130.0,
368439,-136.0,
368483,-85.0,188.0
368507,-29.0,
368521,-101.0,
368675,-11.0,
368741,-88.0,
368749,-28.0,
368824,-60.0,
368876,-29.0,
368886,-22.0,
368935,-194.0,
368963,-19.0,
368969,-29.0,
369119,-150.0,
369208,-142.0,
369212,-61.0,27.0
369234,-35.0,
369242,-72.0,33.0
369319,-171.0,
369378,-135.0,166.0
369450,-144.0,
369507,-23.0,0.0
369610,-38.0,
369644,-16.0,67.0
369713,-59.0,
369715,-36.0,
369811,-106.0,
369826,-82.0,-15.0
369834,-74.0,227.0
369908,-82.0,
369942,-46.0,
369986,-45.0,
370008,-60.0,
370089,-249.0,51.0
370100,-21.0,115.0
370129,-17.0,96.0
370184,-17.0,
370274,-45.0,
370294,-199.0,
370302,-60.0,
370307,-51.0,55.0
370312,-22.0,
370336,-121.0,86.0
370367,-54.0,230.0
370375,-30.0,
370512,-141.0,
370720,-50.0,
370735,-67.0,
370839,-143.0,141.0
370859,-173.0,
370865,-16.0,
370920,-172.0,0.0
370934,-150.0,-110.0
370949,-73.0,
371019,-67.0,
371044,-165.0,
371113,-54.0,0.0
371133,-71.0,134.0
371168,-102.0,
371169,-53.0,137.0
371184,-16.0,223.0
371247,-28.0,
371362,-131.0,0.0
371402,-9.0,
371429,-22.0,12.0
371439,-53.0,
371526,-191.0,
371530,-47.0,
371679,-42.0,
371710,-128.0,
371787,-25.0,
371810,-60.0,143.0
371831,-2.0,
371869,-51.0,
371888,-46.0,114.0
371901,-304.0,
371949,-127.0,
372141,-58.0,
372172,-27.0,
372234,-74.0,
372262,-88.0,
372345,-59.0,
372509,-17.0,
372511,-1.0,
372577,-101.0,236.0
372602,-151.0,
372619,-174.0,0.0
372624,-83.0,-73.0
372658,-66.0,
372691,-23.0,
372812,-96.0,31.0
372837,-17.0,
372997,-92.0,
373126,-93.0,
373135,-30.0,
373174,-29.0,
373237,-71.0,
373269,-183.0,
373280,-45.0,233.0
373369,-115.0,
373613,-25.0,
373633,-95.0,-36.0
373790,-61.0,128.0
373795,-40.0,0.0
373807,-144.0,
373846,-52.0,108.0
373848,-62.0,
373872,-25.0,
374028,-69.0,
374038,-54.0,
374055,-46.0,12.0
374102,-50.0,
374192,-37.0,
374234,-55.0,
374266,-67.0,
374353,-67.0,81.0
374515,-24.0,143.0
374636,-141.0,
374645,-24.0,
374739,-82.0,
374747,-29.0,
374756,-90.0,
375260,-122.0,
375300,-46.0,
375312,-42.0,9.0
375527,-25.0,
375600,-99.0,
375646,-38.0,
375688,-45.0,0.0
375711,-60.0,
375717,-36.0,
375856,-29.0,
375882,-71.0,
375960,-171.0,
375993,-155.0,12.0
376067,-201.0,0.0
376109,-72.0,
376117,-128.0,2.0
376280,-118.0,
376439,-87.0,
376581,-64.0,
376617,-23.0,
376701,-127.0,30.0
376758,-100.0,173.0
376868,-124.0,
377046,-137.0,94.0
377244,-117.0,
377274,-16.0,
377469,-173.0,
377546,-37.0,
377695,-155.0,-73.0
377705,-88.0,
377759,-144.0,
377846,-23.0,
377905,-45.0,
377929,-170.0,0.0
378388,-35.0,93.0
378462,-15.0,
378543,-16.0,
378576,-59.0,235.0
378705,-31.0,
378721,-123.0,130.0
378728,-66.0,
378809,-22.0,
378825,-29.0,
378884,-52.0,
378920,-38.0,
378946,-94.0,
378950,-44.0,
378953,-152.0,
378969,-30.0,-17.0
379023,-117.0,
379042,-179.0,
379070,-28.0,
379107,5.0,
379113,-114.0,
379124,-45.0,
379185,-81.0,
379199,-23.0,
379210,-61.0,
379212,-37.0,116.0
379234,-16.0,
379255,-60.0,
379265,-60.0,
379278,-94.0,
379311,-108.0,
379330,-164.0,151.0
379336,-137.0,
379402,-66.0,
379405,-169.0,-30.0
379406,-1.0,121.0
379528,-49.0,
379558,-16.0,
379563,-17.0,52.0
379720,-23.0,
379769,-40.0,
379785,-22.0,-10.0
379843,-64.0,
379844,-44.0,
379861,-183.0,
379983,-49.0,
380138,-44.0,
380151,-16.0,121.0
380161,-108.0,-101.0
380184,-23.0,
380204,-68.0,
380205,-28.0,
380238,-10.0,
380239,-148.0,
380240,-75.0,
380253,-39.0,
380341,-29.0,
380429,-65.0,
380435,-158.0,
380515,-86.0,12.0
380599,-84.0,
380662,-127.0,
380668,-32.0,
380681,-138.0,158.0
380710,-38.0,37.0
380894,-54.0,
380919,-58.0,
380921,-17.0,
380952,-5.0,
380953,-155.0,
381058,-135.0,
381185,-22.0,
381240,-24.0,
381257,-22.0,
381365,-123.0,154.0
381414,-101.0,51.0
381428,-102.0,87.0
381439,-93.0,207.0
381525,-113.0,-1.0
381528,-25.0,12.0
381529,-115.0,74.0
381533,-64.0,
381539,-99.0,121.0
381541,-107.0,
381544,-29.0,
381586,-88.0,
381640,-137.0,
381642,-88.0,229.0
381646,-228.0,
381669,-89.0,
381722,-52.0,53.0
381882,-24.0,
381909,-24.0,
381917,-94.0,
381927,-40.0,
381959,-95.0,
381983,-14.0,
382051,-44.0,
382086,-27.0,40.0
382095,-88.0,
382125,-145.0,0.0
382156,-54.0,
382160,-134.0,159.0
382339,-51.0,
382378,-61.0,
382408,-93.0,26.0
382432,-61.0,75.0
382497,-23.0,
382575,-38.0,
382641,-99.0,
382738,-94.0,
382742,-101.0,
382857,-25.0,
382877,-111.0,2.0
382879,-61.0,
382910,-15.0,
382920,-15.0,
382947,-23.0,
382979,-66.0,
383015,-128.0,-66.0
383018,-44.0,
383140,-72.0,
383158,-109.0,
383180,-88.0,172.0
383239,-22.0,
383241,-134.0,
383254,-61.0,
383303,-17.0,
383311,-29.0,
383316,-25.0,
383347,-2.0,
383372,-185.0,
383388,-34.0,23.0
383420,-101.0,-33.0
383445,-29.0,
383517,-25.0,
383541,-23.0,
383558,-34.0,
383571,-49.0,
383600,-32.0,
383602,-102.0,
383608,4.0,46.0
383629,-67.0,
383643,-137.0,
383694,-64.0,
383701,-51.0,
383723,-113.0,
383748,-16.0,
383778,-36.0,
383785,-38.0,53.0
383828,-99.0,13.0
383907,-29.0,
383921,-22.0,
383946,-30.0,
383967,-66.0,
383971,-43.0,
383978,-36.0,
384026,-34.0,
384035,-71.0,
384099,-100.0,-14.0
384106,-18.0,12.0
384107,-35.0,
384153,-95.0,180.0
384203,-155.0,
384227,-158.0,
384246,-68.0,
384266,-36.0,12.0
384295,-39.0,
384331,-81.0,10.0
384372,-24.0,
384499,-120.0,
384636,-29.0,
384678,-22.0,
384725,-137.0,
384797,-103.0,
384866,-23.0,
384884,-81.0,
384909,-88.0,145.0
384999,-68.0,153.0
385019,-43.0,
385033,-149.0,
385034,-85.0,66.0
385040,-108.0,
385120,-123.0,216.0
385195,-101.0,
385209,-61.0,
385218,-110.0,
385228,-10.0,
385341,-79.0,
385387,-43.0,
385405,5.0,
385495,-68.0,88.0
385547,-27.0,
385563,-32.0,
385578,-58.0,
385681,-30.0,11.0
385820,-37.0,
385927,-43.0,
385937,-141.0,
385947,-117.0,67.0
385980,-255.0,-108.0
386121,-92.0,28.0
386140,-24.0,122.0
386180,-67.0,
386189,-222.0,118.0
386348,-18.0,
386374,-29.0,
386389,-143.0,
386671,-108.0,-95.0
386833,-256.0,
386849,-75.0,58.0
386880,-22.0,
386889,-125.0,
386904,-124.0,-78.0
386912,-43.0,-6.0
386924,-192.0,
386952,-38.0,
386956,-31.0,109.0
386957,-53.0,
386985,-58.0,26.0
387009,-81.0,
387174,-137.0,
387276,-88.0,-80.0
387289,-50.0,183.0
387294,-25.0,
387335,-36.0,49.0
387359,-45.0,139.0
387364,-94.0,234.0
387378,-135.0,-72.0
387406,-31.0,
387446,-103.0,
387447,-36.0,
387453,-205.0,-11.0
387507,-149.0,
387533,-50.0,
387537,-36.0,
387550,-58.0,
387635,-102.0,
387648,-107.0,
387652,-192.0,-15.0
387656,-15.0,82.0
387700,-194.0,
387702,-24.0,
387773,-102.0,
387941,-67.0,0.0
387944,-74.0,
387954,-150.0,18.0
387963,-45.0,
388014,-276.0,-209.0
388041,-79.0,-8.0
388052,-45.0,
388147,-84.0,
388168,-53.0,-32.0
388205,-6.0,
388252,-101.0,97.0
388259,-2.0,
388323,-34.0,
388360,-122.0,
388410,-21.0,
388432,-52.0,
388484,-68.0,
388538,-29.0,
388549,-29.0,
388697,-89.0,
388708,-8.0,174.0
388722,-179.0,
388738,-31.0,228.0
388750,-106.0,170.0
388754,-192.0,
388885,-185.0,
388912,-24.0,
388923,-123.0,
388947,-199.0,
388975,-93.0,
389025,-65.0,
389076,-46.0,27.0
389101,-28.0,
389208,-38.0,
389249,-36.0,
389250,-32.0,
389267,-109.0,
389362,-177.0,144.0
389369,-19.0,
389471,-36.0,
389639,-39.0,
389680,-201.0,-47.0
389759,-55.0,76.0
389773,-173.0,190.0
389853,-46.0,195.0
390026,-72.0,
390029,-29.0,
390070,-21.0,
390210,-61.0,
390220,-16.0,
390233,-48.0,
390332,-57.0,34.0
390400,-25.0,
390440,-27.0,46.0
390442,-221.0,
390461,-94.0,
390556,-39.0,211.0
390690,-59.0,
390849,-39.0,
390890,-31.0,202.0
390942,-29.0,
390958,-36.0,
391059,-114.0,
391114,-24.0,
391153,-17.0,
391185,-46.0,
391187,-38.0,
391249,-25.0,
391301,-30.0,
391343,-55.0,
391419,-57.0,
391466,-11.0,
391537,-32.0,
391556,-32.0,
391572,-154.0,12.0
391578,-58.0,
391611,-25.0,
391613,-140.0,
391630,-89.0,
391638,-25.0,146.0
391822,-25.0,
391891,-42.0,
391924,-93.0,
391937,-65.0,
392021,-36.0,166.0
392060,-38.0,
392207,-65.0,
392210,-89.0,
392213,-94.0,
392215,-36.0,
392217,-113.0,-29.0
392250,-88.0,-82.0
392281,-44.0,195.0
392289,-34.0,39.0
392427,-49.0,
392428,-24.0,
392526,-29.0,
392604,-168.0,
392614,-46.0,
392626,-100.0,
392664,-86.0,
392691,-115.0,54.0
392692,-62.0,62.0
392713,-23.0,
392733,-51.0,
392756,-58.0,
392802,-17.0,81.0
392890,-37.0,
392931,-54.0,
392994,-138.0,
393094,-4.0,159.0
393131,-172.0,
393141,-115.0,
393142,-32.0,
393150,-130.0,
393207,-38.0,
393327,-128.0,-109.0
393451,-89.0,
393488,-82.0,
393526,-66.0,
393529,-14.0,-1.0
393682,-22.0,
393698,-32.0,209.0
393727,-49.0,
393827,-42.0,
393918,-151.0,
393934,-46.0,
394010,-32.0,-30.0
394020,-20.0,
394024,-15.0,
394028,-15.0,
394060,-44.0,
394067,-128.0,
394076,-200.0,30.0
394082,-23.0,206.0
394218,-121.0,
394239,-44.0,
394311,-234.0,
394314,-49.0,236.0
394331,-97.0,
394341,-166.0,
394347,-12.0,
394384,-34.0,
394480,-131.0,
394520,-114.0,
394791,,-61.0
394937,-42.0,
394951,-58.0,143.0
394956,-134.0,31.0
394979,-54.0,
395010,-30.0,27.0
395073,-158.0,
395107,-169.0,-2.0
395164,-61.0,12.0
395169,-24.0,32.0
395188,-117.0,
395229,-123.0,
395288,-72.0,157.0
395320,-115.0,
395358,-67.0,-22.0
395367,-194.0,151.0
395373,-18.0,
395374,-29.0,
395463,-140.0,
395535,-50.0,235.0
395588,-118.0,
395696,-28.0,
395715,-195.0,116.0
395757,-25.0,
395758,-179.0,81.0
395814,-29.0,59.0
395822,-43.0,
395954,-24.0,
395980,-23.0,-1.0
396016,-45.0,
396028,-162.0,
396114,-107.0,
396136,-130.0,12.0
396145,-35.0,
396210,-30.0,
396256,-30.0,0.0
396292,-71.0,
396456,-24.0,
396502,-113.0,
396532,-7.0,
396599,-67.0,
396631,-27.0,
396633,-29.0,
396655,-37.0,
396668,-163.0,
396673,-87.0,200.0
396674,-30.0,
396679,-213.0,
396683,-28.0,
396739,-77.0,
396799,-68.0,
396825,-114.0,
396834,-15.0,
396872,-23.0,
396907,-18.0,
397118,-27.0,
397149,-64.0,
397219,-70.0,
397292,-117.0,229.0
397297,-21.0,-5.0
397310,-82.0,
397312,-149.0,
397405,-30.0,
397414,-59.0,
397429,-75.0,
397470,-155.0,
397506,-29.0,
397557,-172.0,
397590,-150.0,
397671,-100.0,
397747,-22.0,
397763,-50.0,27.0
397797,-29.0,
397829,-32.0,
397894,-35.0,207.0
398019,-23.0,
398029,-50.0,
398040,-36.0,
398067,-79.0,
398071,-101.0,-16.0
398084,-106.0,
398118,-52.0,
398171,-42.0,
398199,-36.0,
398315,-145.0,
398349,-108.0,
398357,-74.0,0.0
398413,-32.0,
398439,-27.0,
398442,-65.0,
398487,-75.0,
398496,-60.0,
398525,-23.0,
398529,-79.0,115.0
398550,-155.0,
398552,-57.0,
398630,-88.0,
398656,-12.0,
398816,-87.0,
398862,-21.0,
398877,-136.0,
398891,-132.0,
398949,-30.0,-22.0
398956,-30.0,
398965,-173.0,156.0
399108,-24.0,5.0
399120,-110.0,-3.0
399203,-36.0,88.0
399429,-64.0,
399450,-22.0,
399453,-34.0,
399628,-72.0,
399737,-85.0,
399772,-95.0,82.0
399792,-24.0,
399794,-67.0,
399843,-82.0,
399863,-134.0,-121.0
399895,-55.0,
399935,-33.0,
400004,-16.0,170.0
400010,-36.0,
400049,-43.0,
400063,-17.0,125.0
400087,-48.0,
400091,-63.0,
400145,-22.0,
400147,-154.0,
400208,-92.0,0.0
400252,-127.0,
400266,-45.0,
400451,-121.0,
400461,-68.0,10.0
400469,-77.0,
400474,-30.0,
400549,-36.0,
400599,-17.0,157.0
400611,-23.0,50.0
400630,-21.0,
400632,-12.0,
400682,-115.0,
400718,-121.0,-106.0
400729,-142.0,-71.0
400759,-160.0,
400894,-12.0,
400942,-37.0,223.0
400958,-31.0,
401011,-67.0,
401139,-33.0,
401240,-45.0,
401258,-63.0,12.0
401296,-67.0,
401317,-44.0,
401319,-49.0,0.0
401339,-51.0,
401349,-66.0,
401404,-58.0,
401441,-80.0,
401486,-60.0,
401812,-92.0,
401824,-36.0,
401866,-32.0,137.0
401869,-53.0,
401903,-180.0,
401909,-67.0,-22.0
401947,-102.0,220.0
402180,-100.0,
402200,-61.0,226.0
402204,-43.0,
402210,-64.0,
402268,-134.0,12.0
402295,-80.0,
402314,-25.0,
402378,-31.0,
402433,-39.0,
402449,-22.0,
402458,-198.0,235.0
402470,-130.0,
402489,-42.0,226.0
402502,-27.0,
402531,-100.0,
402575,-108.0,111.0
402596,-22.0,12.0
402660,-36.0,27.0
402662,-23.0,
402695,-123.0,
402727,-50.0,
402806,-22.0,
402808,-92.0,139.0
402829,-44.0,-38.0
402883,-66.0,
402906,-43.0,12.0
402958,-162.0,
402961,-140.0,
402993,-149.0,
403052,-22.0,0.0
403085,-25.0,
403093,-23.0,
403158,-148.0,89.0
403191,-18.0,27.0
403213,-73.0,
403902,-46.0,
404022,-30.0,
404050,-80.0,150.0
404121,-32.0,
404135,-46.0,
404147,-22.0,
404170,-74.0,178.0
404200,-29.0,
404239,-106.0,
404269,-58.0,
404325,-11.0,
404356,-81.0,
404415,-91.0,
404449,-29.0,
404536,-31.0,
404559,-22.0,
404631,-67.0,
404671,-38.0,
404695,-52.0,
404708,-142.0,
404727,-97.0,
404804,-129.0,
404852,-171.0,-67.0
404863,-51.0,
405088,-67.0,
405125,-35.0,32.0
405192,-72.0,-25.0
405193,-108.0,
405219,-22.0,
405268,-18.0,
405314,-48.0,221.0
405336,-137.0,
405426,-88.0,
405471,-118.0,
405743,-15.0,125.0
405746,-34.0,54.0
405775,-146.0,
405784,-16.0,223.0
405889,-143.0,
405945,-145.0,
405961,-170.0,-100.0
405963,-137.0,74.0
405995,-54.0,
406000,-60.0,
406056,-89.0,
406116,-142.0,-134.0
406121,-23.0,
406224,-25.0,
406254,-184.0,
406265,-29.0,39.0
406311,-99.0,
406326,-53.0,39.0
406337,-25.0,18.0
406416,-68.0,68.0
406425,-58.0,41.0
406498,-27.0,64.0
406541,-55.0,
406549,-109.0,
406600,-59.0,
406671,-78.0,
406682,-156.0,
406698,-70.0,
406751,-89.0,
406753,-214.0,-10.0
406846,-24.0,
406908,-22.0,
406937,-54.0,32.0
406974,-95.0,165.0
407115,-80.0,
407232,-46.0,
407303,-17.0,
407371,-81.0,
407374,-143.0,
407404,-84.0,
407428,-29.0,
407453,-28.0,
407487,-51.0,
407500,-25.0,
407545,-31.0,169.0
407595,-109.0,
407670,-52.0,
407681,-23.0,
407731,-38.0,
407818,-30.0,
407838,-24.0,
407876,-127.0,
407968,-18.0,
408061,-38.0,
408105,-99.0,
408106,-47.0,
408112,-36.0,
408239,-171.0,
408344,-27.0,
408353,-97.0,
408371,-25.0,68.0
408372,-68.0,
408413,-46.0,
408469,-52.0,15.0
408499,-31.0,94.0
408581,-29.0,
408608,-53.0,
408651,-24.0,
408753,-11.0,
408762,-88.0,-18.0
408763,-64.0,
408817,-191.0,
408872,-140.0,12.0
408975,-19.0,
409040,-191.0,
409056,-199.0,90.0
409091,-225.0,
409100,-124.0,
409105,-173.0,
409109,-28.0,
409120,-24.0,209.0
409160,-58.0,
409205,-16.0,
409276,-54.0,
409284,-54.0,95.0
409540,-36.0,66.0
409651,-51.0,
409662,-94.0,
409663,3.0,191.0
409698,-45.0,93.0
409703,-78.0,
409708,-60.0,
409733,-73.0,
409766,-51.0,27.0
409794,-121.0,30.0
409852,-81.0,
409880,-24.0,23.0
409930,-158.0,
409945,-54.0,
409949,-25.0,
409953,-58.0,
410043,4.0,
410052,-87.0,
410084,-129.0,
410092,-81.0,
410176,-24.0,
410199,-29.0,
410203,-50.0,
410281,-57.0,
410357,-103.0,
410407,-92.0,
410537,-36.0,
410573,-59.0,
410587,-29.0,
410592,-36.0,
410666,-62.0,-42.0
410699,-47.0,
410739,-92.0,
410767,-202.0,112.0
410810,-24.0,
410816,-22.0,228.0
410838,-75.0,
410842,-53.0,
410874,-27.0,
410883,-94.0,
410886,-58.0,
411001,-106.0,123.0
411013,-23.0,
411060,-64.0,
411105,-36.0,
411126,-27.0,
411150,-30.0,158.0
411197,-29.0,
411226,-110.0,97.0
411304,-115.0,
411381,-117.0,37.0
411546,-85.0,
411549,-41.0,
411553,-42.0,
411619,-32.0,
411642,-67.0,
411688,-18.0,
411707,-29.0,
411730,-87.0,0.0
411895,-131.0,
411939,-54.0,32.0
411971,-44.0,
412025,-16.0,
412063,-88.0,
412081,-4.0,
412102,-29.0,
412156,-23.0,-7.0
412175,-56.0,129.0
412258,-24.0,
412263,-29.0,
412268,-17.0,24.0
412284,-22.0,
412304,-28.0,34.0
412307,-22.0,
412343,-115.0,
412353,-29.0,
412387,-40.0,101.0
412407,-34.0,
412431,-183.0,-53.0
412600,-139.0,
412618,-60.0,
412654,-66.0,
412663,-52.0,
412695,-113.0,
412697,-26.0,
412717,-30.0,
412731,-102.0,
412754,-30.0,27.0
412772,-27.0,
412911,-67.0,
413052,-53.0,0.0
413083,-22.0,
413087,5.0,
413137,-60.0,41.0
413180,-156.0,
413190,-90.0,
413200,-29.0,
413248,-29.0,
413259,-194.0,-33.0
413580,-23.0,168.0
413629,-25.0,33.0
413702,-26.0,59.0
413705,-64.0,
413709,-52.0,
413747,-75.0,
413891,-104.0,
413934,-30.0,
413949,-67.0,
413950,-61.0,
413984,-18.0,
414028,-47.0,
414077,-148.0,0.0
414094,-37.0,
414117,-73.0,
414247,-156.0,
414258,-16.0,
414304,-58.0,
414350,-158.0,
414495,-75.0,
414587,-3.0,
414633,-84.0,
414663,-113.0,-11.0
414668,-60.0,
414696,-12.0,
414758,-28.0,
414772,-79.0,
414803,-245.0,
414958,-123.0,
414963,-31.0,
415023,-53.0,3.0
415151,-72.0,86.0
415187,-130.0,45.0
415216,-107.0,
415298,-136.0,
415307,-92.0,
415399,-29.0,
415546,-22.0,
415548,-46.0,-29.0
415631,-23.0,
415695,-16.0,
415698,-87.0,76.0
415716,-30.0,
415724,-54.0,44.0
415760,-4.0,
415812,-16.0,163.0
415818,-102.0,
415952,-147.0,
415969,-60.0,172.0
415988,-86.0,
416000,-238.0,-145.0
416007,-87.0,
416008,-96.0,
416199,-81.0,
416229,-22.0,
416243,-130.0,
416276,-31.0,139.0
416284,-51.0,
416302,-45.0,
416304,-73.0,
416314,-65.0,
416355,-24.0,
416407,-43.0,
416420,-46.0,
416426,-145.0,-31.0
416500,-68.0,
416654,-16.0,
416689,-17.0,
416696,-100.0,171.0
416700,-32.0,
416725,-20.0,
416860,-24.0,144.0
417096,-81.0,
417135,-138.0,
417157,-151.0,-50.0
417184,-17.0,
417220,-38.0,
417242,-86.0,
417263,-75.0,
417410,-60.0,
417414,-30.0,
417462,-25.0,
417522,-18.0,
417547,-50.0,
417657,-22.0,
417663,-138.0,
417677,-52.0,0.0
417684,-29.0,
417724,-38.0,
417785,-162.0,
417805,-103.0,
417820,-113.0,
417863,-107.0,0.0
417967,-185.0,-17.0
417971,-67.0,101.0
417974,-53.0,157.0
417978,-24.0,
417986,-77.0,
418007,-32.0,
418032,-45.0,
418035,-72.0,
418065,-29.0,87.0
418077,-59.0,
418122,-48.0,
418129,-82.0,-8.0
418159,-89.0,215.0
418201,-18.0,
418206,-161.0,-4.0
418216,-22.0,
418218,-36.0,
418224,-25.0,
418325,-8.0,
418340,-51.0,
418397,-24.0,
418453,-10.0,
418486,-35.0,9.0
418490,-97.0,
418502,-143.0,5.0
418623,-124.0,
418634,-82.0,
418731,-85.0,
418781,-12.0,
418851,-79.0,5.0
418900,-17.0,
418956,-99.0,
418971,-22.0,99.0
418998,-155.0,
419024,-29.0,
419059,-70.0,
419081,-29.0,
419192,-38.0,
419223,-53.0,
419228,-46.0,136.0
419233,-34.0,
419273,-88.0,
419284,-24.0,
419375,-132.0,
419517,-37.0,
419536,-58.0,32.0
419565,-23.0,219.0
419791,-30.0,
419822,-148.0,-95.0
419913,-128.0,
419924,-36.0,179.0
419946,-29.0,
419990,-66.0,
420042,-29.0,
420087,-15.0,
420096,-50.0,46.0
420141,-115.0,
420163,-46.0,
420173,-80.0,
420333,-47.0,
420344,-31.0,145.0
420345,-45.0,
420388,-53.0,
420428,-17.0,-8.0
420528,-29.0,
420560,-81.0,
420604,-15.0,
420631,-66.0,
420641,-137.0,-126.0
420650,-39.0,38.0
420663,-102.0,
420673,-25.0,117.0
420699,-36.0,
420720,-36.0,
420724,-44.0,
420745,-191.0,-142.0
420762,-103.0,
420834,-23.0,95.0
420867,-32.0,
420894,-24.0,
420935,-25.0,
421018,-184.0,
421070,-29.0,100.0
421111,-29.0,
421179,-109.0,
421185,-67.0,
421205,-44.0,
421209,-10.0,
421221,-74.0,-29.0
421242,-97.0,9.0
421301,-106.0,158.0
421326,-61.0,
421455,-121.0,
421712,-128.0,131.0
421754,-46.0,73.0
421877,-24.0,11.0
421989,-22.0,-1.0
421992,-82.0,
421999,-15.0,
422006,-67.0,
422061,-107.0,
422070,-16.0,
422087,-42.0,
422164,-46.0,
422223,-26.0,
422250,-78.0,
422276,-82.0,
422280,-77.0,101.0
422340,-143.0,
422341,-22.0,0.0
422343,-114.0,
422479,-149.0,
422505,-155.0,0.0
422530,-36.0,
422534,-165.0,
422542,-18.0,
422626,-36.0,
422670,-29.0,
422697,-40.0,
422752,-44.0,30.0
422768,-25.0,
423061,-67.0,
423093,-88.0,
423147,-51.0,
423210,-32.0,
423314,-44.0,
423317,-42.0,38.0
423386,-72.0,223.0
423398,-39.0,
423399,-30.0,
423474,-304.0,-99.0
423488,-28.0,
423544,-82.0,-61.0
423601,-24.0,
423607,-52.0,
423613,-22.0,12.0
423622,-15.0,
423648,-25.0,
423650,-91.0,-57.0
423652,-29.0,
423664,-95.0,
423757,-97.0,
423781,-36.0,
423871,-107.0,
423876,-48.0,51.0
423879,-22.0,
423947,-28.0,
423985,-25.0,
424014,-103.0,-2.0
424069,-46.0,2.0
424082,-25.0,
424112,-17.0,
424171,-121.0,
424211,-39.0,
424220,-52.0,
424437,-136.0,
424539,-22.0,
424544,-24.0,
424577,-114.0,
424586,-161.0,-32.0
424637,-86.0,
424659,-110.0,-86.0
424863,-52.0,
424880,-200.0,
424950,-43.0,
424978,-15.0,
424987,-11.0,
425053,-81.0,
425136,-94.0,
425218,-24.0,
425257,-113.0,
425274,-162.0,
425287,-1.0,227.0
425314,-58.0,37.0
425332,-36.0,
425393,-64.0,-16.0
425467,-53.0,-53.0
425543,-39.0,232.0
425714,-103.0,
425747,-30.0,
425748,-46.0,
425755,-77.0,89.0
425772,-37.0,
425808,-53.0,
425817,-99.0,172.0
425820,-53.0,
425858,-93.0,
425910,-127.0,
425919,-38.0,4.0
425997,-46.0,
426059,-43.0,219.0
426074,-89.0,
426094,-92.0,136.0
426097,-137.0,5.0
426137,-23.0,19.0
426297,-64.0,
426316,-57.0,
426340,-87.0,-16.0
426410,-64.0,
426458,-46.0,
426465,-51.0,
426547,-8.0,
426610,-25.0,
426616,-45.0,
426624,-38.0,
426650,-82.0,
426701,-16.0,3.0
426736,-43.0,
426768,-57.0,87.0
426782,-115.0,-29.0
426838,-54.0,
426871,-66.0,
426887,-39.0,
427228,-134.0,-82.0
427248,-70.0,30.0
427256,-23.0,
427276,-17.0,-15.0
427321,-37.0,
427344,-151.0,
427348,-54.0,
427390,-60.0,
427413,-36.0,
427485,-60.0,26.0
427536,-15.0,
427683,-103.0,145.0
427704,-79.0,
427773,-36.0,
427802,-114.0,
427921,-142.0,
428068,-104.0,
428116,-157.0,
428142,-23.0,
428195,-43.0,
428301,-35.0,
428321,-16.0,
428323,-57.0,
428411,-107.0,-87.0
428641,-16.0,
428653,-80.0,
428769,-12.0,
428787,-65.0,158.0
428932,-82.0,
428979,-22.0,
429004,-80.0,
429015,-16.0,
429038,-23.0,
429065,-50.0,
429099,-192.0,
429158,-65.0,-47.0
429162,-46.0,
429185,-123.0,
429194,-62.0,0.0
429212,-173.0,
429220,-262.0,-9.0
429417,-52.0,
429494,-210.0,
429610,-36.0,
429740,-56.0,-17.0
429777,-32.0,139.0
429832,-43.0,
429833,-61.0,
429854,-64.0,
429858,-53.0,
429958,-58.0,
430002,-114.0,
430020,-8.0,
430055,-30.0,-3.0
430160,-42.0,9.0
430279,-68.0,38.0
430282,-46.0,0.0
430352,-30.0,-12.0
430356,-109.0,
430357,-55.0,
430392,-178.0,
430487,-143.0,
430516,-43.0,-3.0
430530,-88.0,123.0
430554,-46.0,219.0
430625,-165.0,220.0
430678,-25.0,
430686,-57.0,
430708,-101.0,
430806,-63.0,
430870,-24.0,
431005,-24.0,194.0
431014,-127.0,
431025,-46.0,
431071,-10.0,164.0
431136,-17.0,180.0
431139,-17.0,
431251,-25.0,
431268,-113.0,163.0
431386,-17.0,
431406,-110.0,
431987,-85.0,
432004,-43.0,
432144,-26.0,
432204,-23.0,27.0
432222,-99.0,
432232,-68.0,
432237,-81.0,
432278,-16.0,180.0
432319,-25.0,108.0
432336,-45.0,
432474,-19.0,
432478,-93.0,
432480,-110.0,
432484,-114.0,108.0
432532,-262.0,
432592,-136.0,
432624,-187.0,166.0
432642,-31.0,
432703,-45.0,
432718,-269.0,26.0
432724,-28.0,
432862,-185.0,
432870,-89.0,
432968,-43.0,206.0
433064,-31.0,
433151,-30.0,
433165,-67.0,
433280,-49.0,
433386,-52.0,
433508,-29.0,
433531,-159.0,
433748,-101.0,
433755,-71.0,
433794,-43.0,
433864,-157.0,
433939,-73.0,
434002,-268.0,145.0
434035,-36.0,0.0
434094,-16.0,
434159,-59.0,
434192,-22.0,
434298,-44.0,
434347,-51.0,
434353,-80.0,
434397,-74.0,
434476,-16.0,129.0
434478,-38.0,172.0
434503,-34.0,46.0
434562,-150.0,
434573,-52.0,
434585,27.0,
434617,-123.0,
434646,-28.0,
434759,-117.0,
434767,-78.0,3.0
434841,-12.0,
434977,-44.0,
435043,-106.0,
435057,-120.0,
435101,-44.0,
435245,-130.0,
435258,-113.0,
435271,-22.0,-12.0
435277,-153.0,
435282,-88.0,
435287,-25.0,
435294,-24.0,173.0
435423,-25.0,
435446,-149.0,
435536,-81.0,-17.0
435572,-130.0,
435587,-26.0,
435780,-46.0,90.0
435803,-54.0,
436044,-61.0,
436058,-110.0,
436213,-10.0,
436481,-24.0,
436554,-23.0,54.0
436590,-141.0,
436898,-64.0,
436900,-88.0,
437030,-145.0,-86.0
437171,-100.0,
437246,-30.0,
437281,-30.0,
437303,-185.0,-145.0
437432,-200.0,17.0
437482,-122.0,
437529,-57.0,
437550,-142.0,
437562,-68.0,
437565,-41.0,
437747,-68.0,-61.0
437752,-43.0,116.0
437872,-90.0,
437923,-43.0,
437967,-55.0,
437968,-85.0,
437971,-103.0,128.0
438063,-102.0,171.0
438068,-88.0,
438135,-99.0,151.0
438210,-99.0,26.0
438244,-90.0,
438283,-49.0,
438290,-86.0,115.0
438313,-29.0,
438323,-30.0,
438379,-117.0,-8.0
438452,-25.0,
438551,-29.0,
438644,-28.0,235.0
438662,-78.0,
438703,-136.0,
438751,-73.0,
438775,-94.0,58.0
438796,-25.0,
439002,-73.0,62.0
439013,-8.0,
439053,-53.0,108.0
439109,-29.0,
439170,-8.0,
439182,-29.0,
439203,-89.0,
439294,-29.0,
439305,-127.0,
439433,-103.0,
439542,-23.0,
439568,-82.0,
439633,-141.0,
439669,-25.0,20.0
439677,-25.0,
439684,-32.0,0.0
439710,-146.0,
439713,-124.0,
439806,-51.0,
439855,-73.0,
439857,-123.0,
439896,-73.0,170.0
439925,-72.0,0.0
439950,-15.0,
439995,-24.0,
440003,-50.0,
440057,-113.0,
440075,-92.0,13.0
440103,-104.0,
440171,-147.0,-87.0
440225,-52.0,
440288,-102.0,27.0
440297,-124.0,-8.0
440319,-88.0,174.0
440323,-165.0,179.0
440331,-29.0,
440375,-72.0,
440499,-50.0,
440509,-102.0,
440559,-29.0,
440563,-57.0,
440591,-186.0,25.0
440593,-121.0,
440610,-38.0,
440632,-24.0,
440637,-93.0,17.0
440664,-67.0,-19.0
440751,-127.0,-8.0
440765,-53.0,
440798,-199.0,
440818,-16.0,
440825,-29.0,
440851,-114.0,86.0
440857,-106.0,86.0
440905,12.0,
440911,-86.0,
440912,-51.0,-8.0
441000,-30.0,
441018,-52.0,
441020,-31.0,3.0
441024,-14.0,6.0
441073,-16.0,
441087,-95.0,
441113,-58.0,
441132,-68.0,
441165,-7.0,
441170,-144.0,-103.0
441181,-89.0,
441201,-93.0,
441213,-8.0,
441255,-42.0,
441302,-23.0,
441342,-81.0,
441354,-57.0,-5.0
441385,-16.0,
441389,-16.0,
441393,-110.0,33.0
441421,-52.0,27.0
441423,-128.0,-26.0
441444,-192.0,
441540,-52.0,
441606,-32.0,
441791,-25.0,
441852,-60.0,
441858,-149.0,
441885,-192.0,
441888,-53.0,
441892,-50.0,
441895,-81.0,
441897,-74.0,
441954,-111.0,
442012,-73.0,
442017,-23.0,166.0
442064,-18.0,
442131,-22.0,
442132,-122.0,
442143,-137.0,54.0
442144,-110.0,-67.0
442183,-128.0,
442191,-53.0,-3.0
442199,-73.0,
442347,-88.0,95.0
442359,-57.0,
442393,-66.0,
442432,-43.0,
442436,-115.0,110.0
442442,-32.0,119.0
442456,-61.0,
442466,69.0,
442497,-52.0,
442530,-56.0,10.0
442545,-52.0,
442547,-90.0,
442549,-28.0,
442561,-5.0,
442563,-46.0,
442589,-53.0,
442590,-114.0,
442618,-20.0,0.0
442669,-25.0,
442670,-122.0,112.0
442685,-35.0,12.0
442725,-15.0,
442745,-136.0,18.0
442753,-285.0,185.0
442802,-15.0,
442807,-83.0,
442819,-104.0,-12.0
442823,5.0,7.0
442865,-28.0,
442873,-100.0,
442877,-17.0,
442878,-107.0,
442886,-51.0,
442910,-11.0,
442924,-45.0,
442937,-180.0,72.0
442949,-16.0,
442954,-29.0,67.0
442987,-35.0,
443007,-93.0,
443055,-18.0,
443108,-85.0,187.0
443151,-149.0,
443181,-67.0,
443200,-79.0,
443215,-61.0,
443275,-91.0,
443288,-15.0,
443297,-86.0,
443300,-116.0,0.0
443387,-52.0,
443400,-29.0,
443438,-176.0,
443452,-65.0,
443498,-32.0,
443500,-127.0,27.0
443514,-146.0,
443539,-41.0,
443540,-67.0,173.0
443563,-140.0,
443696,-34.0,
443701,-134.0,26.0
443731,-39.0,
443753,-108.0,
443765,-79.0,
443837,-135.0,-16.0
443842,-24.0,
443861,-12.0,
443923,-81.0,191.0
443948,-24.0,
443950,-95.0,
443954,-45.0,47.0
443964,-49.0,
443989,-24.0,
444011,-64.0,
444063,-32.0,
444117,-65.0,
444180,-85.0,
444197,-123.0,
444221,-65.0,83.0
444225,-32.0,
444266,-32.0,
444317,-148.0,
444349,-61.0,
444361,-43.0,
444375,-157.0,
444388,-30.0,12.0
444403,-53.0,
444408,-72.0,
444474,-75.0,75.0
444541,-143.0,123.0
444545,-45.0,
444561,-184.0,
444574,-65.0,
444576,-27.0,
444619,-22.0,37.0
444625,-31.0,-1.0
444677,-38.0,
444697,-36.0,
444713,-272.0,53.0
444718,-15.0,
444729,-143.0,-96.0
444766,-153.0,
444768,-151.0,
444783,-74.0,142.0
444784,-9.0,
444814,-108.0,12.0
444821,-79.0,
444847,-35.0,169.0
444856,-73.0,
444858,-36.0,
444872,-36.0,
444907,-38.0,
444909,-122.0,
444925,-42.0,34.0
444926,-50.0,
444943,-12.0,
444960,-31.0,38.0
445049,-74.0,
445065,-127.0,
445086,-36.0,
445109,-53.0,
445114,-10.0,
445125,-46.0,
445134,-74.0,
445136,-32.0,51.0
445145,-86.0,
445230,-156.0,5.0
445239,-30.0,
445351,-53.0,159.0
445386,-59.0,
445410,-52.0,
445415,-153.0,
445429,-95.0,
445451,-51.0,
445459,-106.0,11.0
445474,-59.0,-12.0
445494,-31.0,
445573,-23.0,
445595,-86.0,-22.0
445605,-17.0,38.0
445647,-136.0,12.0
445686,-22.0,
445728,-42.0,-10.0
445749,-78.0,58.0
445760,-144.0,
445774,-77.0,
445776,-136.0,
445777,-29.0,
445782,-79.0,108.0
445785,-39.0,163.0
445818,-92.0,
445857,-93.0,
445889,-51.0,
445917,-52.0,
445921,-21.0,12.0
445930,-53.0,
445947,-24.0,
445972,-52.0,
446045,-30.0,
446077,-27.0,
446097,-31.0,
446108,-106.0,
446145,-61.0,
446246,-87.0,
446247,-67.0,47.0
446279,-45.0,
446295,-25.0,
446296,-11.0,
446324,-101.0,
446345,-24.0,
446357,-44.0,159.0
446397,-30.0,234.0
446439,-10.0,
446440,-123.0,
446448,-86.0,76.0
446479,-24.0,158.0
446619,-108.0,108.0
446628,-125.0,
446650,-61.0,
446730,-122.0,
446746,-150.0,0.0
446755,-138.0,
446761,-29.0,
446778,-37.0,219.0
446814,-86.0,
446825,-74.0,-1.0
446836,-101.0,
446856,-90.0,
446873,-96.0,
447007,-16.0,187.0
447036,-46.0,178.0
447059,-87.0,
447086,-109.0,
447124,-100.0,
447127,-106.0,
447162,-46.0,
447184,-53.0,
447235,-72.0,
447242,-137.0,
447265,-32.0,
447292,4.0,
447306,-34.0,
447324,-59.0,
447374,-117.0,-109.0
447393,-103.0,-37.0
447459,-1.0,
447475,-47.0,
447481,-21.0,
447510,-154.0,
447516,-75.0,
447644,-43.0,
447659,-5.0,61.0
447695,-18.0,128.0
447759,-71.0,
447782,-28.0,
447790,-36.0,216.0
448370,-87.0,46.0
464236,-27.0,
464522,-130.0,-29.0
464525,-136.0,
464592,-22.0,
464596,-83.0,-17.0
464615,,-116.0
464616,-46.0,-1.0
464685,-36.0,
464724,-29.0,18.0
464732,-59.0,
464748,-157.0,198.0
464755,-122.0,23.0
464780,-45.0,32.0
464785,-30.0,
464887,-54.0,104.0
464924,-179.0,
464957,-15.0,
464968,-28.0,
464981,-80.0,
465009,-67.0,228.0
465068,-23.0,95.0
465078,-103.0,69.0
465121,-65.0,
465175,-58.0,
465194,-134.0,-133.0
465245,-148.0,-18.0
465260,-42.0,
465281,-122.0,-57.0
465294,-38.0,
465312,-106.0,
465331,-5.0,
465369,-279.0,
465392,-22.0,
465399,-34.0,37.0
465406,-46.0,
465413,-52.0,
465418,-198.0,-44.0
465421,-17.0,
465430,-58.0,
465441,-52.0,
465517,-29.0,19.0
465564,-57.0,
465567,-32.0,
465577,-30.0,163.0
465599,-21.0,
465619,-18.0,
465629,-59.0,
465719,-22.0,
465724,-64.0,
465727,-59.0,
465730,-25.0,226.0
465732,-88.0,
465764,-43.0,
465777,-75.0,
465789,-64.0,
465843,-30.0,
465845,-25.0,-2.0
465893,-82.0,
465900,-101.0,
465952,-1.0,
466037,-182.0,
466120,-109.0,
466158,-171.0,97.0
466202,-116.0,
466203,-22.0,
466216,-187.0,
466230,-32.0,
466248,-67.0,18.0
466289,-54.0,
466329,-25.0,
466347,-34.0,
466360,-115.0,
466372,-42.0,
466377,-51.0,173.0
466425,-29.0,
466430,-52.0,11.0
466477,-166.0,
466508,-77.0,
466539,-198.0,
466576,-29.0,
466582,-42.0,28.0
466599,-24.0,
466714,-95.0,166.0
466717,-106.0,12.0
466800,-15.0,159.0
466807,-51.0,129.0
466810,-106.0,
466828,-86.0,
466854,-42.0,
466856,-36.0,
466880,-29.0,
466892,-96.0,
466900,-24.0,
466956,-100.0,-71.0
466959,-50.0,
466961,-166.0,
466973,-28.0,
466987,-10.0,
466990,-15.0,
467035,-115.0,
467100,-94.0,
467144,-59.0,
467179,-16.0,45.0
467230,-64.0,
467243,-63.0,
467291,-156.0,-37.0
467292,-59.0,
467294,-22.0,
467302,-31.0,
467303,-36.0,
467312,-22.0,12.0
467330,-171.0,-92.0
467363,-89.0,118.0
467381,-137.0,31.0
467396,-89.0,-50.0
467413,49.0,
467416,-102.0,
467504,-22.0,
467506,-21.0,
467524,-157.0,
467580,-88.0,
467582,-13.0,
467606,-138.0,118.0
467685,-38.0,
467700,-113.0,
467721,-162.0,-16.0
467725,-16.0,
467753,-16.0,112.0
467756,-58.0,
467776,-103.0,102.0
467822,-50.0,
467835,-22.0,27.0
467854,-46.0,
467893,-43.0,
467894,-123.0,
467901,-75.0,
468021,-128.0,
468120,-106.0,
468187,-51.0,
468349,-51.0,
468386,-79.0,68.0
468482,-46.0,38.0
468497,-21.0,
468529,-87.0,208.0
468623,-17.0,12.0
468657,-65.0,233.0
468672,-53.0,124.0
468694,-23.0,240.0
468720,-24.0,
468729,-99.0,111.0
468730,-147.0,
468753,-16.0,
468792,-29.0,60.0
468808,-53.0,
468845,-39.0,
468902,-26.0,
468908,-16.0,
468927,-115.0,
468947,-52.0,111.0
468949,-30.0,
469016,-66.0,
469113,-31.0,
469154,-21.0,
469177,-145.0,
469281,-15.0,
469284,-17.0,
469389,-33.0,103.0
469424,-23.0,
469425,-22.0,
469465,24.0,
469499,-46.0,
469553,-18.0,
469579,-113.0,
469614,-59.0,
469624,-74.0,
469633,-142.0,
469664,-22.0,33.0
469683,-22.0,
469732,-24.0,11.0
469743,-123.0,
469761,-110.0,
469803,-32.0,-15.0
469861,-149.0,
469878,-185.0,
469887,-107.0,
469959,-30.0,
469977,-20.0,
470001,-149.0,
470002,-96.0,-85.0
470037,-2.0,54.0
470113,-2.0,
470119,-102.0,-8.0
470121,-21.0,2.0
470159,-25.0,
470187,-53.0,
470253,-63.0,13.0
470318,-22.0,
470331,-53.0,219.0
470340,-173.0,
470385,-60.0,
470403,-183.0,
470461,-38.0,
470464,-108.0,
470534,-52.0,154.0
470555,-109.0,39.0
470588,-43.0,73.0
470617,3.0,12.0
470619,-34.0,
470637,-21.0,144.0
470653,-28.0,
470674,-90.0,13.0
470693,-32.0,
470733,-72.0,
470786,-23.0,
470869,-191.0,
470870,-145.0,
470900,-79.0,
470914,-29.0,104.0
470921,-106.0,
470982,-31.0,
471018,-68.0,53.0
471027,-46.0,
471157,-50.0,
471189,-74.0,40.0
471196,-30.0,
471219,-15.0,
471284,-80.0,
471373,-151.0,
471374,-74.0,-57.0
471434,-30.0,130.0
471476,-29.0,
471525,-52.0,
471580,-185.0,
471654,-61.0,
471657,-22.0,
471669,-22.0,
471711,-89.0,
471781,-15.0,45.0
471810,-22.0,122.0
471925,-100.0,
471973,-57.0,
471976,-30.0,
471977,-73.0,
471979,-25.0,
472000,-38.0,
472049,-129.0,117.0
472060,-22.0,163.0
472073,-109.0,
472087,-59.0,
472120,-115.0,
472180,-22.0,
472182,-169.0,116.0
472257,-108.0,
472262,-122.0,
472284,-25.0,
472290,-130.0,
472309,-25.0,222.0
472327,-103.0,
472336,-127.0,
472341,-25.0,
472348,-23.0,96.0
472401,-51.0,16.0
472511,-24.0,
472584,-140.0,
472586,-53.0,
472602,-15.0,
472616,-77.0,-4.0
472649,-37.0,-37.0
472651,-113.0,
472736,-63.0,
472762,-134.0,
472810,-25.0,178.0
472845,-96.0,
472856,-131.0,-8.0
472857,-22.0,
472911,-114.0,
472949,124.0,
472981,-85.0,-1.0
473008,-101.0,
473081,-79.0,28.0
473082,-24.0,215.0
473095,-16.0,
473102,-44.0,177.0
473104,-56.0,
473129,-38.0,
473162,-42.0,
473265,-24.0,180.0
473271,-24.0,
473328,-46.0,
473340,-176.0,
473378,-93.0,146.0
473406,-38.0,-8.0
473444,-17.0,-11.0
473491,-191.0,
473509,-195.0,-78.0
473640,-106.0,160.0
473706,-81.0,
473739,-32.0,
473789,-151.0,
473896,-129.0,
473924,-156.0,
473943,-59.0,
473965,-92.0,
474067,-29.0,
474071,-52.0,
474119,-48.0,124.0
474126,-109.0,
474133,-53.0,
474153,-48.0,108.0
474246,-70.0,
474256,-127.0,-82.0
474272,-20.0,
474283,-22.0,
474290,-16.0,
474377,-134.0,-50.0
474385,-102.0,94.0
474387,-161.0,
474408,-60.0,
474451,-24.0,
474464,-85.0,
474495,-60.0,
474508,-74.0,82.0
474607,-137.0,
474628,-25.0,
474633,-155.0,
474667,-50.0,
474674,-110.0,198.0
474677,-28.0,
474740,-95.0,
474759,-25.0,
474902,-56.0,
474949,-45.0,
474966,-24.0,57.0
475015,-23.0,
475065,-42.0,
475078,-92.0,226.0
475095,-25.0,
475149,-155.0,100.0
475163,-135.0,239.0
475215,-22.0,97.0
475241,-73.0,
475253,-32.0,
475363,-144.0,
475370,-30.0,
475443,-53.0,123.0
475460,-61.0,
475480,-71.0,27.0
475497,-182.0,
475556,-120.0,35.0
475566,-28.0,-1.0
475594,-99.0,
475604,-77.0,-10.0
475619,-24.0,223.0
475631,-15.0,-2.0
475681,-21.0,
475682,-53.0,0.0
475688,-96.0,
475699,-170.0,80.0
475734,-96.0,
475811,-34.0,
475839,-29.0,
475863,-81.0,
475883,-21.0,
475893,-143.0,
475897,-95.0,
475901,-46.0,
475908,-74.0,
475945,-85.0,
475981,-284.0,
476037,-74.0,212.0
476041,-61.0,
476093,-29.0,
476108,-27.0,
476144,-70.0,
476170,-169.0,
476194,-305.0,
476201,-36.0,
476253,-121.0,-8.0
476278,-95.0,
476297,-23.0,209.0
476355,-29.0,
476369,-113.0,
476401,-30.0,
476438,-120.0,
476457,-127.0,47.0
476497,-147.0,
476520,-74.0,
476596,-30.0,
476603,-72.0,
476629,-14.0,
476637,-213.0,
476709,-42.0,
476710,-142.0,
476769,-103.0,
476783,-58.0,
476816,-16.0,18.0
476822,-85.0,
476845,-15.0,
476855,-74.0,38.0
476859,-36.0,
476868,-186.0,18.0
476906,-45.0,-24.0
476910,-23.0,
476912,-17.0,
476921,-29.0,
476937,-127.0,
476946,-102.0,
476964,-66.0,
477009,-18.0,
477011,-127.0,
477063,-25.0,
477067,-34.0,
477069,-53.0,
477099,-43.0,
477120,-108.0,
477128,-157.0,
477160,-142.0,-137.0
477161,-103.0,
477164,-100.0,
477165,-78.0,
477167,-67.0,
477180,-53.0,
477185,-144.0,
477246,-144.0,12.0
477319,-128.0,124.0
477348,-59.0,
477354,-58.0,
477412,-95.0,
477451,-50.0,
477468,-29.0,
477488,-57.0,-12.0
477517,-154.0,
477556,-136.0,
477588,-102.0,
477650,-26.0,
477734,-94.0,
477779,-24.0,
477812,-55.0,216.0
477825,-31.0,
477833,-24.0,108.0
477835,-30.0,164.0
478025,-24.0,-1.0
478069,-43.0,
478073,-46.0,
478212,-12.0,
478213,-2.0,
478238,-123.0,
478242,-23.0,
478244,-127.0,
478279,-29.0,
478289,-58.0,137.0
478317,-107.0,223.0
478326,-156.0,12.0
478332,-46.0,
478337,-23.0,
478346,-30.0,
478412,-78.0,
478432,-78.0,
478435,-24.0,
478444,-16.0,
478496,-155.0,
478513,-135.0,
478517,-30.0,
478550,-60.0,
478556,-117.0,
478562,-52.0,
478583,-25.0,
478660,-44.0,
478685,-58.0,
478692,-29.0,-10.0
478718,-157.0,172.0
478744,-24.0,215.0
478784,-45.0,
478791,-74.0,
478792,-23.0,
478873,-10.0,
478886,-52.0,
478967,-150.0,
478977,-17.0,187.0
479020,-136.0,
479057,-109.0,
479060,-24.0,
479061,-80.0,
479141,-110.0,
479170,-74.0,
479171,-76.0,
479267,-16.0,27.0
479305,-127.0,
479343,-53.0,
479347,-25.0,27.0
479356,-15.0,
479442,-53.0,
479457,-176.0,
479516,-85.0,
479519,-74.0,
479522,-32.0,
479553,-136.0,
479595,-29.0,-8.0
479607,-66.0,88.0
479649,-45.0,
479714,-277.0,-141.0
479725,-46.0,
479738,-107.0,
479753,-101.0,
479764,-102.0,
479828,-23.0,24.0
479845,-149.0,
479848,-165.0,
479853,-46.0,
479860,-29.0,
479892,-113.0,27.0
479921,-255.0,-59.0
479922,-73.0,
479939,-21.0,
479977,-160.0,
479987,-66.0,118.0
480014,-89.0,
480025,-31.0,
480086,-8.0,
480115,-173.0,
480151,-27.0,10.0
480181,-36.0,214.0
480199,-130.0,
480207,-109.0,
480225,-28.0,
480303,-79.0,
480372,-51.0,
480382,-24.0,
480458,-16.0,
480507,-21.0,
480531,-73.0,-60.0
480554,-88.0,
480579,-128.0,
480590,-85.0,
480604,-8.0,156.0
480650,-61.0,
480667,-57.0,136.0
480716,-59.0,
480815,-155.0,
480888,-116.0,
480910,-179.0,-92.0
480914,-135.0,12.0
480924,-78.0,-1.0
480928,-132.0,26.0
480929,-23.0,
480937,-117.0,
480938,-102.0,
480943,-34.0,
480956,-47.0,
480959,-130.0,
480960,-68.0,
480972,-22.0,
480981,-127.0,
480984,-30.0,
480988,-86.0,12.0
481010,-65.0,
481022,-30.0,
481024,-17.0,12.0
481092,-67.0,79.0
481143,-67.0,
481150,-29.0,
481169,-67.0,236.0
481210,-101.0,
481227,-58.0,45.0
481240,-30.0,236.0
481314,-85.0,
481350,-68.0,
481367,-29.0,76.0
481404,-29.0,
481448,-30.0,
481453,-16.0,
481538,-107.0,
481549,-34.0,
481580,-72.0,
481593,-39.0,
481607,-30.0,
481618,-157.0,
481667,-32.0,
481717,-21.0,
481762,-29.0,
481772,-38.0,
481787,-17.0,
481790,-17.0,
481863,-38.0,97.0
481884,16.0,
481934,-108.0,-75.0
481947,-48.0,
482012,-185.0,
482030,-155.0,
482071,-55.0,
482083,-45.0,
482117,-59.0,
482145,-37.0,
482173,-179.0,123.0
482187,-29.0,
482264,-29.0,128.0
482268,-137.0,
482275,-5.0,
482280,-264.0,
482356,-53.0,
482406,-138.0,
482445,-109.0,
482467,-88.0,
482513,-11.0,
482554,-156.0,-131.0
482556,-149.0,0.0
482580,-67.0,0.0
482635,-117.0,38.0
482644,-8.0,
482677,-29.0,
482680,-78.0,
482710,-25.0,
482726,-158.0,
482745,-128.0,
482751,-67.0,26.0
482766,-15.0,
482810,-138.0,
482843,-24.0,
482856,-23.0,
482868,-36.0,
482938,-46.0,
482945,-15.0,188.0
483031,-76.0,
483037,-35.0,
483064,-55.0,
483074,-23.0,
483108,-113.0,
483109,-15.0,
483117,-148.0,-4.0
483123,-43.0,
483131,-115.0,
483135,-30.0,-22.0
483136,-58.0,
483149,-31.0,
483158,-29.0,
483179,-115.0,-1.0
483195,-90.0,-2.0
483200,-48.0,
483243,-16.0,
483267,-24.0,46.0
483275,-162.0,
483309,-28.0,38.0
483315,-116.0,
483339,-32.0,0.0
483343,-156.0,6.0
483362,-141.0,
483371,-94.0,188.0
483389,-89.0,
483411,-23.0,
483468,-120.0,
483470,-25.0,
483479,-53.0,
483485,-12.0,
483508,5.0,
483543,-31.0,
483582,-12.0,
483620,-123.0,
483626,-32.0,
483646,-38.0,
483656,-77.0,82.0
483666,-64.0,3.0
483674,-74.0,
483703,-170.0,93.0
483706,-38.0,
483724,-52.0,
483743,-15.0,
483744,-32.0,173.0
483793,-13.0,
483800,-49.0,
483818,-55.0,
483858,-123.0,
483869,-16.0,
483872,-96.0,
483876,-51.0,
483921,-146.0,
483934,-113.0,
483952,-170.0,
483959,-60.0,
483975,-199.0,
483997,-23.0,
484010,-109.0,
484039,-53.0,
484075,-24.0,
484125,-90.0,
484130,-22.0,228.0
484135,-93.0,44.0
484158,-94.0,-1.0
484161,-142.0,
484165,-136.0,
484171,-153.0,-145.0
484174,-34.0,221.0
484213,-17.0,
484223,-101.0,
484242,-134.0,139.0
484252,-88.0,
484266,-176.0,124.0
484292,-172.0,9.0
484301,-17.0,
484305,-25.0,19.0
484312,-32.0,
484351,-131.0,-18.0
484355,-151.0,122.0
484361,-46.0,
484412,-31.0,
484423,-29.0,
484435,-22.0,
484436,-37.0,
484443,-29.0,
484446,-100.0,-5.0
484458,-22.0,
484464,-34.0,
484475,-30.0,101.0
484490,-116.0,
484494,-44.0,12.0
484550,-29.0,
484556,-73.0,
484574,-108.0,
484594,-29.0,
484675,10.0,198.0
484754,-102.0,-3.0
484762,-95.0,
484768,-122.0,
484780,-115.0,
484787,-65.0,3.0
484790,-23.0,
484816,-86.0,
484821,-127.0,
484885,-34.0,
484897,-109.0,
484933,-30.0,
484947,-21.0,
484983,-29.0,186.0
484999,-29.0,47.0
485006,-162.0,
485180,-71.0,
485195,-137.0,
485219,-57.0,
485228,-87.0,
485262,-29.0,
485282,-86.0,
485306,-135.0,29.0
485312,-88.0,
485352,-135.0,-16.0
485374,-52.0,
485399,-106.0,
485412,-95.0,-16.0
485421,-100.0,
485439,-46.0,202.0
485448,-25.0,
485464,-46.0,
485506,-152.0,
485519,-142.0,18.0
485528,-42.0,
485532,-21.0,
485534,-162.0,
485544,-58.0,
485560,-100.0,-18.0
485568,-114.0,
485582,-93.0,
485594,-68.0,
485604,-54.0,
485612,-162.0,54.0
485630,-68.0,
485671,-61.0,
485675,-50.0,
485734,-60.0,
485762,-16.0,
485766,-141.0,
485768,-22.0,
485772,-63.0,
485780,-29.0,
485782,-21.0,
485791,-106.0,
485853,-43.0,57.0
485885,-86.0,
485898,-142.0,
485909,-92.0,
485920,-22.0,
485943,-274.0,-271.0
485944,-22.0,
485949,-129.0,-78.0
485962,-121.0,
485980,-157.0,-61.0
486004,-17.0,
486007,-83.0,
486022,-22.0,
486087,-25.0,
486099,-132.0,
486145,-117.0,
486214,-130.0,27.0
486244,-44.0,14.0
486279,-46.0,
486282,-64.0,
486287,-70.0,
486300,-135.0,
486378,-52.0,44.0
486391,-106.0,
486457,-52.0,
486473,-31.0,0.0
486511,-52.0,
486516,-30.0,
486521,-25.0,
486533,-43.0,
486539,-57.0,12.0
486545,-155.0,
486550,-81.0,25.0
486551,-103.0,
486650,-169.0,108.0
486656,-55.0,
486737,-170.0,-1.0
486777,-201.0,0.0
486836,-268.0,
486877,-73.0,
486890,-145.0,
486948,-149.0,
486964,-30.0,
486994,-41.0,
487002,-195.0,33.0
487168,-171.0,
487214,-8.0,
487226,-151.0,-7.0
487239,-46.0,
487247,-225.0,80.0
487267,-28.0,34.0
487271,-36.0,216.0
487278,-59.0,
487293,-145.0,
487314,-24.0,
487329,-79.0,
487371,-60.0,
487386,-51.0,-19.0
487494,-129.0,56.0
487543,-115.0,
487556,-143.0,184.0
487570,-310.0,-75.0
487573,-122.0,-7.0
487588,-128.0,
487607,-45.0,
487621,-144.0,
487629,-162.0,
487636,-36.0,
487646,-161.0,
487681,-63.0,
487711,-58.0,
488136,-28.0,145.0
488176,-49.0,100.0
488185,-93.0,
488192,-85.0,-50.0
488195,-174.0,
488198,-64.0,
488242,-23.0,4.0
488324,-38.0,
488364,-12.0,
488382,-155.0,-137.0
488386,-106.0,89.0
488394,-144.0,
488425,-123.0,
488427,-138.0,
488431,-82.0,
488445,-29.0,
488477,-53.0,89.0
488524,-34.0,
488525,-136.0,
488550,-58.0,62.0
488575,-29.0,121.0
488617,-5.0,
488675,-65.0,
488680,-160.0,
488694,-48.0,27.0
488755,-65.0,33.0
488758,-40.0,
488828,-128.0,
488853,-56.0,
488854,-143.0,12.0
488863,-127.0,
488908,-164.0,-92.0
488929,-61.0,27.0
488941,-92.0,
488968,-116.0,
488990,-137.0,
489048,-16.0,12.0
489084,-99.0,
489087,-73.0,
489104,-49.0,-4.0
489137,-36.0,
489146,-106.0,
489150,-38.0,0.0
489198,-24.0,
489209,-203.0,
489222,-122.0,
489251,-94.0,
489291,-18.0,
489309,-17.0,-4.0
489313,-80.0,73.0
489320,-115.0,
489410,-45.0,
489443,-5.0,
489455,-120.0,
489493,-60.0,4.0
489507,-207.0,
489553,-74.0,
489560,-60.0,
489624,-56.0,
489889,-115.0,
489929,-25.0,
489966,-120.0,-47.0
489990,-32.0,
490024,-24.0,
490081,-48.0,
490082,-209.0,
490110,-51.0,27.0
490152,-73.0,
490154,-106.0,
490156,-135.0,
490164,-181.0,111.0
490195,-42.0,
490282,-213.0,
490284,-144.0,
490297,-56.0,209.0
490299,-28.0,12.0
490313,-53.0,212.0
490327,-103.0,37.0
490391,-58.0,
490394,-18.0,
490443,-115.0,31.0
490449,-43.0,
490500,-179.0,
490505,-31.0,
490514,-86.0,
490530,-36.0,60.0
490542,-137.0,-127.0
490587,-45.0,
490629,-102.0,
490648,-122.0,
490662,-40.0,
490665,-155.0,20.0
490677,-184.0,
490733,-44.0,27.0
490738,-137.0,147.0
490768,-127.0,
490769,-155.0,178.0
490894,-36.0,
491001,-142.0,-38.0
491004,-21.0,
491011,-165.0,-89.0
491033,-22.0,73.0
491036,-67.0,
491077,-59.0,96.0
491081,-67.0,
491097,-38.0,
491106,-73.0,
491108,-25.0,
491110,-131.0,72.0
491114,-36.0,26.0
491126,-29.0,
491170,-93.0,207.0
491232,-148.0,
491279,-115.0,
491387,-81.0,
491474,-117.0,
491486,-120.0,80.0
491503,-217.0,
491548,-25.0,
491570,-15.0,3.0
491578,-123.0,
491606,-79.0,
491607,-24.0,-16.0
491636,-43.0,
491664,-102.0,
491688,-205.0,-100.0
491693,-11.0,
491742,-53.0,
491756,-145.0,179.0
491757,-83.0,152.0
491758,-115.0,-22.0
491771,-141.0,
491792,-22.0,-16.0
491843,-22.0,121.0
491863,-57.0,
491874,-122.0,100.0
491875,-145.0,
491885,-22.0,-8.0
491907,-29.0,
491912,-31.0,-7.0
491914,-53.0,
491926,-89.0,
491959,-52.0,163.0
491966,-108.0,
492020,-87.0,73.0
492024,-88.0,
492088,-8.0,
492095,-85.0,
492111,-182.0,-64.0
492153,-61.0,
492177,-119.0,
492182,-53.0,
492229,-30.0,-21.0
492240,-36.0,
492247,-150.0,0.0
492254,-81.0,-25.0
492286,-22.0,
492336,-96.0,27.0
492357,-71.0,104.0
492371,-72.0,
492403,-89.0,
492468,-95.0,-25.0
492478,-29.0,125.0
492480,-143.0,
492496,-86.0,
492537,-69.0,
492552,-136.0,67.0
492557,-184.0,234.0
492579,-53.0,5.0
492590,-80.0,
492592,-50.0,
492613,-36.0,
492635,-70.0,
492676,-87.0,
492726,-58.0,
492740,-171.0,
492842,-32.0,0.0
492851,-63.0,
492895,-71.0,80.0
492900,-67.0,
492909,-71.0,
492928,-64.0,
492946,-127.0,
492979,-43.0,
492993,-59.0,
493055,-22.0,12.0
493067,-67.0,0.0
493147,-93.0,24.0
493186,-116.0,
493207,-202.0,94.0
493296,-29.0,
493365,-116.0,27.0
493377,-27.0,82.0
493404,-92.0,
493416,-150.0,
493434,-69.0,97.0
493443,-86.0,
493451,-28.0,
493453,-145.0,
493460,-122.0,
493465,-87.0,
493515,-25.0,
493539,-52.0,
493559,-32.0,
493609,-57.0,118.0
493650,-87.0,145.0
493672,-32.0,-32.0
493725,-203.0,
493743,-80.0,-21.0
493760,-50.0,
493763,-58.0,
493773,-15.0,
493793,-132.0,-52.0
493822,-47.0,201.0
493826,-60.0,4.0
493876,-43.0,40.0
493879,-38.0,59.0
493891,-162.0,-51.0
493912,-27.0,
493958,-24.0,
493984,-88.0,146.0
493988,-19.0,
493999,-29.0,
494046,-82.0,86.0
494095,-65.0,
494143,-157.0,
494164,-21.0,
494165,-30.0,
494184,-51.0,
494191,-144.0,-53.0
494211,-30.0,
494212,-25.0,
494214,-51.0,
494270,-137.0,
494278,-16.0,
494291,-44.0,
494304,-22.0,
494329,-107.0,175.0
494335,-113.0,47.0
494340,-51.0,
494341,-43.0,
494383,-89.0,-61.0
494389,-43.0,94.0
494414,-75.0,-43.0
494424,-38.0,
494427,-53.0,
494433,-22.0,
494443,-126.0,
494471,-22.0,
494495,-13.0,
494498,-156.0,163.0
494622,-27.0,
494637,-28.0,
494667,-103.0,
494673,-42.0,
494722,-107.0,229.0
494728,-53.0,149.0
494786,-102.0,
494789,-59.0,
494806,-144.0,
494818,-25.0,
494829,-4.0,173.0
494838,-126.0,
494840,-83.0,54.0
494866,-65.0,48.0
494872,-62.0,
494896,-176.0,47.0
494903,-22.0,
494911,-129.0,12.0
494919,-164.0,
494927,-77.0,95.0
494948,-89.0,13.0
494960,-196.0,
494975,-67.0,112.0
495035,-132.0,
495115,-153.0,95.0
495239,-36.0,
495276,-36.0,
495284,-29.0,
495298,-25.0,52.0
495318,-36.0,27.0
495320,-155.0,
495324,-64.0,40.0
495377,-100.0,-30.0
495429,-21.0,
495438,-87.0,
495449,-66.0,
495489,-21.0,
495493,-36.0,
495509,-166.0,
495522,-122.0,147.0
495580,-102.0,
495615,-120.0,
495618,-66.0,101.0
495621,-73.0,
495625,11.0,
495674,-25.0,
495734,-8.0,
495762,-165.0,3.0
495776,-136.0,
495786,-53.0,
495856,-12.0,
495875,-23.0,46.0
495876,-24.0,
495879,-46.0,
495881,-56.0,
495887,-32.0,
495903,-156.0,190.0
495913,-22.0,39.0
495948,-44.0,
495958,-60.0,-7.0
495976,-15.0,
496041,-23.0,
496070,-59.0,
496085,-104.0,
496091,-42.0,
496108,-75.0,45.0
496154,-27.0,87.0
496185,-50.0,
496217,-58.0,
496220,-15.0,
496224,-25.0,
496243,-23.0,
496315,-66.0,
496334,-32.0,
496355,-128.0,
496373,-67.0,-42.0
496381,-63.0,
496442,-85.0,
496470,-102.0,
496491,-46.0,
496493,-92.0,97.0
496494,-77.0,
496530,-141.0,
496542,-179.0,143.0
496547,-86.0,-75.0
496561,-109.0,
496564,-171.0,
496590,-40.0,
496601,-30.0,
496657,-23.0,121.0
496671,-23.0,
496674,-29.0,
496764,-96.0,
496801,-94.0,
496815,-3.0,6.0
496845,-21.0,
496916,-116.0,
496978,-58.0,
496981,-42.0,0.0
497047,-156.0,-8.0
497074,-29.0,
497080,-25.0,223.0
497084,-37.0,
497088,-101.0,
497102,-22.0,
497130,-22.0,
497139,-36.0,57.0
497180,-101.0,
497190,-25.0,
497206,-29.0,0.0
497211,-156.0,
497226,-28.0,
497229,-23.0,
497278,-16.0,48.0
497280,-28.0,
497349,-178.0,
497361,-79.0,
497405,-143.0,-4.0
497410,-30.0,
497415,-49.0,
497468,-25.0,
497475,-51.0,95.0
497536,-77.0,65.0
497580,-124.0,
497584,-65.0,27.0
497590,-122.0,
497607,-23.0,
497619,-120.0,
497632,-198.0,
497793,-128.0,
497809,-178.0,
497855,-82.0,
497872,-32.0,49.0
497891,-148.0,28.0
497897,-123.0,
497898,-18.0,-16.0
497925,-103.0,0.0
497955,-18.0,187.0
497989,-86.0,12.0
497994,-82.0,
498006,-44.0,
498031,-36.0,
498043,-82.0,
498065,-51.0,
498131,-59.0,
498138,-148.0,
498175,-29.0,
498225,-59.0,-4.0
498236,-32.0,
498261,-232.0,-45.0
498266,-47.0,
498269,-48.0,
498296,-52.0,
498320,-15.0,
498326,-21.0,12.0
498363,5.0,226.0
498371,-171.0,118.0
498432,-53.0,152.0
498438,-218.0,-123.0
498442,-10.0,
498455,-21.0,
498459,-156.0,
498527,-80.0,
498543,-82.0,
498554,-102.0,
498564,-2.0,
498578,-24.0,
498582,-68.0,135.0
498602,-28.0,
498635,-36.0,
498636,-24.0,138.0
498702,-51.0,
498741,-25.0,
498755,-109.0,
498793,-59.0,68.0
498821,-203.0,
498828,-99.0,
498835,-92.0,
498841,-29.0,241.0
498857,-16.0,
498877,-95.0,3.0
498892,-28.0,
498898,-30.0,157.0
498903,-190.0,0.0
498905,-22.0,180.0
498967,-109.0,
498972,-51.0,
498980,-65.0,
499006,-38.0,
499027,-42.0,
499056,-27.0,
499067,-80.0,
499118,-23.0,
499187,-53.0,
499244,-30.0,145.0
499246,-66.0,
499354,-22.0,
499372,-109.0,
499373,-37.0,10.0
499380,-64.0,
499386,-158.0,
499387,-93.0,
499392,-32.0,
499400,-29.0,
499404,-137.0,-46.0
499419,-133.0,-31.0
499420,-24.0,
499446,-26.0,
499469,-49.0,
499483,-10.0,
499511,-30.0,
499557,-22.0,
499564,-36.0,
499624,-92.0,236.0
499683,-25.0,31.0
499703,-143.0,
499768,-16.0,-5.0
499790,-30.0,
499813,-25.0,
499819,-52.0,
499822,-107.0,137.0
499848,-8.0,
499865,-109.0,151.0
499881,-44.0,
499891,-18.0,
499931,-116.0,
499952,-87.0,-10.0
499993,-162.0,
500001,-172.0,-129.0
500006,-34.0,
500016,-71.0,
500031,-30.0,
500067,-170.0,
500068,-156.0,
500099,-58.0,106.0
500112,-43.0,
500113,-109.0,
500135,-37.0,
500136,-151.0,
500137,-183.0,58.0
500189,-25.0,
500230,-94.0,
500279,-120.0,69.0
500283,-67.0,
500339,-44.0,46.0
500395,-29.0,219.0
500440,-18.0,-5.0
500459,-53.0,
500502,-70.0,
500507,-61.0,208.0
500521,-56.0,118.0
500522,-27.0,139.0
500552,-81.0,
500581,-183.0,
500585,-102.0,163.0
500597,-22.0,
500618,-25.0,
500625,-36.0,12.0
500652,-18.0,
500659,-74.0,110.0
500668,-81.0,
500707,-53.0,165.0
500719,-106.0,74.0
500720,-29.0,
500766,-48.0,
500772,-79.0,
500779,-28.0,
500785,-157.0,111.0
500791,-89.0,
500815,-208.0,
500819,-85.0,
500836,-102.0,
500915,-87.0,223.0
500958,-55.0,
501008,-46.0,187.0
501053,-53.0,
501095,-31.0,
501123,-11.0,122.0
501146,-109.0,
501158,-15.0,
501203,-97.0,
501208,-46.0,
501302,-206.0,-57.0
501336,-53.0,
501339,-194.0,62.0
501411,-100.0,-12.0
501414,-114.0,-39.0
501421,-29.0,
501422,-35.0,12.0
501425,-66.0,
501432,-122.0,
501443,-150.0,
501444,-59.0,
501487,-78.0,
501488,-49.0,213.0
501493,-142.0,
501550,-44.0,
501617,-101.0,
501637,-67.0,
501652,-62.0,
501723,-103.0,90.0
501755,-136.0,90.0
501862,-42.0,
501867,-43.0,
501869,-36.0,
501871,-100.0,
501879,-96.0,
501888,-22.0,
501890,-123.0,6.0
501897,-14.0,10.0
501918,-25.0,
501921,-155.0,
501922,-37.0,
501945,-158.0,100.0
501955,-119.0,
501960,-94.0,
502004,-25.0,
502011,-70.0,
502051,-90.0,59.0
502057,-45.0,19.0
502088,-162.0,
502131,-162.0,48.0
502136,-53.0,
502150,-25.0,52.0
502161,-92.0,
502182,-8.0,
502207,-82.0,104.0
502249,-172.0,
502279,-164.0,-96.0
502303,-46.0,
502353,-87.0,74.0
502356,-32.0,
502361,-160.0,-18.0
502391,-52.0,
502393,-32.0,
502441,-58.0,
502452,-114.0,-57.0
502465,-192.0,
502466,-82.0,169.0
502470,-23.0,
502477,-38.0,
502479,-32.0,95.0
502501,-24.0,
502512,-102.0,
502517,-140.0,-21.0
502531,-23.0,144.0
502548,-63.0,
502554,-16.0,
502557,-87.0,103.0
502604,-73.0,
502621,-88.0,-46.0
502638,-145.0,
502640,-17.0,65.0
502642,-18.0,
502694,-24.0,
502696,-113.0,173.0
502697,-22.0,
502709,-40.0,
502713,-50.0,
502717,-21.0,
502736,4.0,
502763,-95.0,
502766,-71.0,
502767,-72.0,
502779,-31.0,62.0
502833,-38.0,
502868,-225.0,
502872,-23.0,
502900,-23.0,
502903,-34.0,27.0
502929,-96.0,220.0
502973,-132.0,
502993,-24.0,
503015,-36.0,66.0
503023,-129.0,
503024,-67.0,-19.0
503086,-82.0,
503100,2.0,109.0
503120,-74.0,
503134,-127.0,19.0
503154,-25.0,
503159,-149.0,12.0
503170,-53.0,
503183,-50.0,
503201,-10.0,
503322,-36.0,
503352,-38.0,
503353,-23.0,46.0
503368,-58.0,
503390,-21.0,
503400,-21.0,52.0
503401,-100.0,-10.0
503457,-72.0,
503469,-108.0,
503477,-18.0,
503491,-135.0,
503497,-15.0,
503509,-126.0,
503516,-31.0,
503544,-30.0,
503610,-52.0,
503663,-24.0,
503668,-27.0,
503684,-18.0,
503710,-115.0,
503731,-135.0,
503764,-22.0,
503779,-137.0,
503783,-152.0,
503804,-28.0,
503838,-45.0,
503872,-16.0,110.0
503878,-102.0,165.0
503889,-70.0,
503926,-102.0,
504013,-36.0,
504014,-58.0,
504021,-25.0,118.0
504022,-30.0,
504028,-77.0,
504034,-18.0,117.0
504057,-12.0,125.0
504062,-11.0,
504064,-130.0,-8.0
504066,-41.0,-9.0
504076,-150.0,
504089,-15.0,
504102,-24.0,
504105,-75.0,
504157,-80.0,
504162,-51.0,
504190,-123.0,
504200,-59.0,
504231,-174.0,
504234,-56.0,
504243,-25.0,
504246,-95.0,-5.0
504251,-102.0,
504270,-93.0,
504300,-124.0,33.0
504321,-179.0,
504352,-54.0,
504363,-24.0,
504368,-79.0,
504393,-85.0,4.0
504404,-51.0,
504429,-32.0,
504466,-29.0,
504492,-32.0,
504533,-130.0,
504552,-15.0,100.0
504583,-144.0,0.0
504589,-43.0,
504596,-116.0,
504597,-31.0,
504602,-146.0,-4.0
504635,-46.0,
504652,-87.0,
504689,-144.0,26.0
504700,-36.0,-1.0
504728,-247.0,
504737,-167.0,
504741,-77.0,-53.0
504749,-30.0,157.0
504819,-157.0,
504824,-106.0,
504834,-100.0,97.0
504841,-12.0,9.0
504842,-141.0,0.0
504862,-56.0,
504899,-196.0,-121.0
504936,-18.0,
504956,-107.0,214.0
504967,-116.0,
505002,-46.0,
505017,-107.0,
505047,-66.0,
505108,-95.0,
505123,-221.0,-68.0
505131,-246.0,203.0
505142,-137.0,86.0
505151,-60.0,-1.0
505153,-117.0,100.0
505199,-96.0,
505209,-24.0,65.0
505216,-44.0,
505235,-34.0,60.0
505244,-46.0,27.0
505248,-72.0,153.0
505311,-153.0,
505315,-106.0,
505333,-25.0,
505376,-25.0,
505403,-88.0,58.0
505410,-86.0,
505413,-58.0,
505417,-128.0,146.0
505488,-89.0,
505499,-157.0,-2.0
505501,-78.0,24.0
505503,-35.0,
505508,-53.0,
505520,-25.0,143.0
505561,-150.0,72.0
505579,-50.0,
505592,-53.0,27.0
505595,-46.0,74.0
505606,-43.0,
505692,-41.0,-29.0
505694,-80.0,
505700,-22.0,
505722,-158.0,
505727,-24.0,
505754,-29.0,
505762,-66.0,
505767,-75.0,
505773,-72.0,
505815,-61.0,58.0
505826,-34.0,51.0
505854,-68.0,216.0
505855,-150.0,
505856,-192.0,
505871,-24.0,
505878,-37.0,
505899,-36.0,
505900,-148.0,0.0
505930,-20.0,
505959,-116.0,
505961,-162.0,
505967,-101.0,-7.0
506020,-43.0,
506038,-59.0,
506056,-53.0,
506092,-61.0,-4.0
506144,-15.0,
506185,-37.0,
506205,-51.0,
506206,-124.0,
506219,-45.0,
506233,-71.0,
506248,-99.0,
506288,-57.0,12.0
506289,-80.0,
506309,-195.0,
506321,-176.0,
506360,-58.0,
506380,-157.0,27.0
506412,-20.0,
506476,-202.0,44.0
506498,-155.0,132.0
506504,-43.0,
506533,-10.0,
506543,-129.0,
506550,-80.0,
506582,-156.0,
506597,-36.0,0.0
506618,-116.0,116.0
506622,-36.0,
506650,-100.0,220.0
506674,-17.0,
506679,-142.0,
506705,-81.0,
506753,-34.0,
506767,-100.0,
506783,-99.0,
506785,-140.0,
506804,-32.0,
506824,-122.0,
506829,-25.0,150.0
506930,-102.0,
506980,-43.0,
507009,-124.0,33.0
507010,-75.0,
507014,-160.0,
507016,-25.0,
507031,-85.0,158.0
507034,-58.0,
507084,-142.0,
507113,-68.0,
507115,-29.0,
507149,-100.0,
507184,-21.0,49.0
507221,-114.0,3.0
507257,-25.0,
507279,-36.0,
507285,-152.0,
507300,-22.0,
507303,-179.0,27.0
507311,-93.0,
507320,-21.0,27.0
507334,-8.0,
507344,-142.0,
507359,-23.0,
507375,-28.0,
507386,-22.0,
507387,-31.0,
507388,-22.0,214.0
507389,-58.0,
507478,-101.0,
507485,-22.0,27.0
507523,-155.0,
507576,-130.0,-16.0
507577,-24.0,150.0
507671,-257.0,100.0
507676,-103.0,
507685,-165.0,4.0
507730,-9.0,
507743,-24.0,
507783,-32.0,
507801,-149.0,-8.0
507812,-134.0,200.0
507817,-72.0,
507844,-132.0,
507935,-41.0,
507941,-31.0,
507944,-81.0,-19.0
507967,-30.0,
507983,-80.0,
508025,-202.0,
508028,-194.0,
508047,-122.0,79.0
508059,-120.0,
508068,-93.0,
508079,-96.0,
508100,-17.0,
508103,-92.0,26.0
508210,-32.0,
508227,-45.0,-7.0
508232,-150.0,0.0
508244,-31.0,
508246,-192.0,
508274,-58.0,
508288,-29.0,
508295,-58.0,
508326,-43.0,
508388,-136.0,
508400,-82.0,
508414,-166.0,30.0
508422,-8.0,
508431,-35.0,12.0
508446,-24.0,83.0
508452,-171.0,
508469,-73.0,30.0
508470,-97.0,
508517,-29.0,
508537,-72.0,
508572,-22.0,
508573,-51.0,
508594,-24.0,226.0
508601,-44.0,51.0
508615,-110.0,142.0
508626,-46.0,
508627,-59.0,
508630,-107.0,
508637,-73.0,
508662,-16.0,
508668,-23.0,
508713,-129.0,
508749,-15.0,121.0
508759,-130.0,206.0
508775,-155.0,12.0
508785,-88.0,
508804,-60.0,
508818,-156.0,
508829,-138.0,
508830,-72.0,
508848,-244.0,-212.0
508859,-73.0,
508872,-25.0,194.0
508924,-40.0,
508927,-22.0,
508934,-98.0,
508940,-36.0,
508942,-38.0,
509029,-89.0,
509034,-142.0,
509036,-44.0,
509100,-144.0,-16.0
509102,-141.0,
509122,-242.0,67.0
509130,-24.0,27.0
509148,-52.0,9.0
509150,-42.0,167.0
509156,-22.0,
509177,-86.0,-2.0
509183,-81.0,
509226,-127.0,
509236,-94.0,
509258,-15.0,
509277,-100.0,
509279,-183.0,
509292,-22.0,178.0
509295,-122.0,-25.0
509327,-124.0,
509334,-101.0,-81.0
509390,-114.0,
509402,-89.0,
509407,-172.0,75.0
509416,-49.0,-7.0
509417,-304.0,0.0
509466,-109.0,
509501,-53.0,61.0
509535,-23.0,27.0
509536,-154.0,
509578,-38.0,
509607,-25.0,
509610,-95.0,
509634,-52.0,151.0
509649,-29.0,
509680,-29.0,-1.0
509696,-17.0,
509710,-92.0,
509737,-24.0,
509768,-72.0,
509780,-42.0,
509797,-15.0,
509839,-165.0,
509845,-62.0,111.0
509866,-52.0,
509873,-25.0,
509901,-36.0,
509913,-29.0,
509926,-22.0,
509929,-60.0,
509933,-50.0,
509935,-57.0,
509940,-22.0,98.0
509998,-109.0,
510027,-119.0,
510054,-32.0,
510068,-72.0,
510070,-47.0,198.0
510112,-22.0,28.0
510141,-28.0,158.0
510142,-10.0,
510149,-81.0,
510169,-46.0,218.0
510182,-202.0,
510186,-106.0,
510195,-46.0,
510266,-102.0,
510335,-130.0,
510401,-37.0,
510402,-60.0,
510420,-235.0,
510424,-24.0,
510435,-52.0,72.0
510438,-22.0,
510456,-85.0,
510460,-28.0,
510471,-43.0,
510492,-88.0,
510530,-160.0,178.0
510532,-29.0,12.0
510533,-66.0,
510534,-128.0,
510545,-115.0,-103.0
510556,-22.0,
510650,-158.0,-80.0
510693,-52.0,
510694,-29.0,
510737,-45.0,
510756,-23.0,
510759,-178.0,
510762,-10.0,
510776,-4.0,
510845,-36.0,
510846,-84.0,
510864,-59.0,
510868,-29.0,214.0
510873,-169.0,
510874,-73.0,
510883,-18.0,
510914,-179.0,136.0
511001,-15.0,
511005,-15.0,12.0
511050,-50.0,
511067,-18.0,
511109,-114.0,
511199,-45.0,
511228,-54.0,
511238,-75.0,-53.0
511246,-64.0,
511258,-144.0,
511271,-1.0,
511282,-150.0,
511295,-121.0,
511306,-46.0,
511309,-25.0,
511340,-15.0,
511345,-116.0,
511350,-29.0,226.0
511424,-109.0,-46.0
511432,-75.0,-5.0
511453,-192.0,
511459,-78.0,
511469,-123.0,6.0
511473,-103.0,
511474,-25.0,
511492,-8.0,
511506,-80.0,
511514,-16.0,27.0
511515,-96.0,
511524,-30.0,
511527,-95.0,
511544,-21.0,
511569,-23.0,53.0
511571,-26.0,
511576,-27.0,
511612,-109.0,122.0
511636,-59.0,-7.0
511652,-106.0,-30.0
511657,-22.0,
511676,-100.0,
511678,-92.0,
511693,-122.0,
511762,-28.0,
511807,-142.0,
511859,-42.0,-3.0
511869,-45.0,-44.0
511890,-115.0,-17.0
511901,-229.0,
511912,-29.0,
511949,-29.0,
511958,-22.0,16.0
511962,-73.0,-19.0
511981,-155.0,
511990,-15.0,
512046,-94.0,
512050,-39.0,
512070,-165.0,
512080,-22.0,
512118,-148.0,80.0
512123,-37.0,
512180,-46.0,
512236,-59.0,
512242,-25.0,
512257,-100.0,
512258,-143.0,
512259,-70.0,
512305,-21.0,27.0
512330,-43.0,
512335,-155.0,109.0
512353,-24.0,
512404,-22.0,81.0
512411,-32.0,
512417,-71.0,
512460,-32.0,
512468,-77.0,
512475,-22.0,
512493,-81.0,2.0
512525,-49.0,158.0
512546,-29.0,
512581,-85.0,
512582,-136.0,142.0
512693,-28.0,6.0
512706,-150.0,
512722,-22.0,
512725,-66.0,10.0
512775,-46.0,
512805,-28.0,
512839,-75.0,
512852,-16.0,
512859,-178.0,
512861,-68.0,
512883,-114.0,69.0
512911,-83.0,
512924,-119.0,-2.0
512929,-128.0,
512940,-46.0,
512961,-190.0,
512977,-42.0,
512995,-77.0,
513005,-95.0,
513007,-87.0,
513016,-93.0,-80.0
513076,-127.0,
513077,-32.0,
513093,-137.0,
513166,-10.0,
513172,-77.0,
513196,-25.0,5.0
513204,-169.0,130.0
513210,-122.0,198.0
513211,-46.0,
513228,-135.0,
513246,-30.0,119.0
513250,-45.0,
513266,3.0,
513268,-25.0,
513272,-77.0,
513283,-74.0,150.0
513315,-89.0,
513349,-136.0,
513356,-82.0,212.0
513368,-142.0,-29.0
513396,-10.0,
513415,-150.0,170.0
513422,-4.0,
513428,-107.0,
513482,-135.0,
513499,-87.0,
513638,-40.0,
513648,-158.0,0.0
513672,-29.0,
513687,-123.0,108.0
513701,-232.0,
513733,-25.0,
513751,-39.0,
513757,-76.0,
513773,-93.0,
513796,-130.0,0.0
513836,-150.0,104.0
513853,-145.0,
513854,-98.0,
513881,-36.0,167.0
513918,-123.0,12.0
513934,-25.0,156.0
513954,-152.0,
513957,-163.0,
513969,-114.0,-54.0
513997,-268.0,-29.0
514000,-22.0,
514006,-78.0,-8.0
514028,-23.0,30.0
514031,-32.0,
514040,-145.0,0.0
514043,-81.0,
514074,-25.0,107.0
514078,-38.0,
514096,-162.0,
514125,-137.0,
514140,-27.0,
514186,-25.0,
514218,-53.0,46.0
514277,-206.0,10.0
514300,-53.0,
514302,-101.0,
514324,-39.0,
514365,-150.0,20.0
514445,-83.0,
514495,-53.0,0.0
514504,-143.0,143.0
514526,-22.0,-12.0
514556,-25.0,
514558,-51.0,
514580,-27.0,
514581,-162.0,-46.0
514605,-137.0,-124.0
514633,10.0,
514648,-84.0,
514675,-144.0,
514699,-24.0,
514756,-109.0,
514773,-18.0,132.0
514776,-72.0,
514819,-23.0,-16.0
514824,-117.0,-9.0
514852,-58.0,
514864,-28.0,
514903,-23.0,
514913,-41.0,191.0
514934,-70.0,0.0
514951,-15.0,57.0
514969,-96.0,
514981,-128.0,
514987,-113.0,
515035,-55.0,
515046,-85.0,
515051,-93.0,
515052,-95.0,
515056,-37.0,
515070,-134.0,
515105,-93.0,
515107,-232.0,
515125,-170.0,
515130,-106.0,
515161,-36.0,
515170,-25.0,
515174,-52.0,27.0
515203,-44.0,
515209,-30.0,0.0
515247,-70.0,82.0
515278,-61.0,
515285,-176.0,
515311,-61.0,
515329,-42.0,
515331,-24.0,
515345,4.0,
515349,-14.0,
515370,-86.0,-22.0
515417,-191.0,
515426,-115.0,
515474,-111.0,
515491,-60.0,
515496,-24.0,
515497,-24.0,
515515,-29.0,
515520,-37.0,
515536,-51.0,
515574,-46.0,
515595,-61.0,
515645,-92.0,
515646,-32.0,
515648,-82.0,-7.0
515676,-43.0,
515734,-115.0,
515774,-72.0,
515812,-80.0,-8.0
515821,-22.0,
515833,-143.0,
515844,-86.0,
515857,-35.0,
515859,-85.0,
515888,-120.0,
515903,-61.0,
515936,-10.0,201.0
515938,-113.0,
515945,-23.0,
515959,-61.0,
515965,-22.0,
515977,-59.0,
516010,-77.0,
516024,-171.0,
516047,-136.0,73.0
516055,-143.0,-37.0
516057,-30.0,
516095,-107.0,
516165,-145.0,-1.0
516212,-134.0,0.0
516214,-66.0,0.0
516222,-52.0,27.0
516238,-179.0,
516281,-10.0,
516318,-93.0,
516343,-29.0,
516364,-114.0,221.0
516398,-142.0,
516405,-155.0,67.0
516432,-135.0,
516434,-26.0,
516435,-43.0,
516447,-52.0,-1.0
516450,-24.0,
516456,-15.0,
516475,-10.0,
516495,-72.0,
516496,-22.0,
516519,-137.0,-5.0
516529,-92.0,
516562,-17.0,
516588,-50.0,
516601,-18.0,
516602,-73.0,
516620,-36.0,
516634,-78.0,
516653,-80.0,
516673,-67.0,-1.0
516685,-113.0,49.0
516726,-24.0,
516728,-51.0,
516770,-42.0,93.0
516776,-72.0,
516841,-89.0,
516843,-16.0,219.0
516894,-128.0,
516926,-32.0,
516946,-38.0,
517000,-42.0,
517016,-145.0,
517043,-127.0,
517062,-77.0,135.0
517075,-121.0,-95.0
517093,-39.0,
517094,-21.0,
517112,-57.0,-19.0
517175,-15.0,
517195,-58.0,
517223,-15.0,
517231,-65.0,
517263,-127.0,
517269,-15.0,
517274,-116.0,
517277,-93.0,
517349,-24.0,218.0
517352,-80.0,
517362,-128.0,125.0
517416,-148.0,
517474,-59.0,
517481,-3.0,
517486,-137.0,
517551,-121.0,
517553,-162.0,165.0
517569,-29.0,
517571,-145.0,0.0
517617,-162.0,
517646,-52.0,
517679,-151.0,
517701,-18.0,-2.0
517726,-20.0,51.0
517731,-130.0,
517778,-174.0,
517850,-114.0,
517853,-50.0,
517864,-68.0,
517890,-30.0,
517922,-138.0,-17.0
517999,-25.0,
518029,-52.0,18.0
518097,-66.0,
518116,-66.0,
518126,-46.0,
518134,-129.0,
518145,-78.0,
518155,-21.0,216.0
518189,-123.0,
518194,-64.0,-7.0
518210,-60.0,
518223,-156.0,
518244,-128.0,
518258,-59.0,
518265,-29.0,-11.0
518288,-167.0,
518330,-131.0,-8.0
518349,-152.0,
518359,-22.0,
518363,-85.0,
518364,-57.0,
518385,-15.0,68.0
518389,-44.0,
518412,-82.0,
518436,-58.0,
518451,-150.0,-10.0
518469,-144.0,
518496,-115.0,
518503,-29.0,12.0
518544,-114.0,
518599,-155.0,-109.0
518661,-123.0,
518709,-29.0,120.0
518711,-64.0,
518731,-32.0,
518771,-88.0,
518805,-29.0,0.0
518808,-10.0,
518831,-28.0,
518862,-255.0,
518876,-97.0,
518879,-64.0,
518904,-22.0,
518906,-28.0,0.0
518930,-53.0,
518937,-66.0,
518951,-165.0,
518970,-104.0,
519012,-64.0,
519057,-18.0,
519078,-99.0,
519084,-75.0,
519091,-53.0,
519094,-61.0,
519100,-42.0,165.0
519102,-73.0,
519115,-88.0,
519116,-109.0,103.0
519155,-123.0,90.0
519185,-74.0,
519211,-60.0,
519222,-95.0,
519258,-95.0,12.0
519294,-67.0,
519358,-73.0,163.0
519387,-82.0,
519449,-39.0,-7.0
519472,-36.0,
519491,-156.0,-3.0
519500,-183.0,27.0
519506,-88.0,
519510,-36.0,
519540,-42.0,
519544,-200.0,
519552,-102.0,
519584,-74.0,
519589,-47.0,
519600,-20.0,27.0
519602,-21.0,
519622,-117.0,
519647,-179.0,27.0
519684,-65.0,
519715,-48.0,
519751,-81.0,-8.0
519800,-111.0,
519859,-148.0,
519879,-63.0,13.0
519910,-16.0,
519936,-98.0,
519941,-39.0,145.0
519945,-169.0,2.0
519961,-73.0,
519969,-29.0,
519995,-12.0,0.0
520002,-143.0,
520006,-130.0,
520024,-106.0,174.0
520026,-59.0,-31.0
520049,-50.0,-2.0
520061,-128.0,-57.0
520073,-53.0,
520076,-136.0,
520077,-129.0,
520082,-27.0,
520092,-128.0,30.0
520097,-121.0,
520100,-80.0,
520150,-58.0,
520153,-53.0,-15.0
520187,-90.0,
520230,-23.0,27.0
520249,-28.0,101.0
520265,-114.0,
520286,-59.0,
520307,-61.0,16.0
520325,-120.0,
520332,-62.0,-12.0
520337,-145.0,0.0
520349,-34.0,163.0
520360,-177.0,55.0
520377,-141.0,
520400,-28.0,
520525,-28.0,-2.0
520544,-12.0,
520588,-44.0,
520711,-25.0,
520749,-2.0,16.0
520750,-31.0,
520751,-36.0,75.0
520824,-22.0,73.0
520836,-149.0,
520854,-93.0,-12.0
520857,-48.0,
520873,-36.0,16.0
520891,-29.0,
520962,-24.0,
520972,-94.0,
521032,-114.0,-81.0
521051,-304.0,
521069,-104.0,
521073,-147.0,-15.0
521081,-65.0,
521096,-42.0,
521109,-46.0,47.0
521115,-17.0,
521153,-35.0,
521160,-21.0,
521164,-25.0,
521209,-150.0,0.0
521249,-82.0,-10.0
521255,-46.0,90.0
521292,-124.0,
521297,-129.0,
521329,-185.0,
521341,-35.0,
521350,-28.0,
521377,-22.0,145.0
521394,-114.0,
521404,-72.0,
521430,-34.0,
521456,-60.0,-53.0
521496,-61.0,
521509,-16.0,
521526,-90.0,
521541,-21.0,
521542,-42.0,
521590,-51.0,
521601,-36.0,17.0
521614,-57.0,
521631,-14.0,
521644,-78.0,
521666,-57.0,
521671,-29.0,
521703,-113.0,12.0
521709,-89.0,
521742,-58.0,
521755,-115.0,65.0
521764,-18.0,
521788,-46.0,
521895,-52.0,
521903,-59.0,
521957,-31.0,145.0
522004,-28.0,164.0
522007,-81.0,
522023,-43.0,
522082,-35.0,235.0
522087,-24.0,
522090,-50.0,
522129,-85.0,179.0
522189,-52.0,
522205,-89.0,
522249,-119.0,
522257,-145.0,
522302,-67.0,
522312,-128.0,
522363,-42.0,58.0
522373,-29.0,
522381,-67.0,
522383,-16.0,
522426,-24.0,
522428,-52.0,
522433,-27.0,
522434,-24.0,
522441,-24.0,
522443,-24.0,
522446,-24.0,
522473,-39.0,
522478,-60.0,
522479,-123.0,
522482,-87.0,80.0
522484,-51.0,
522512,-29.0,
522525,-226.0,
522529,-24.0,
522534,-79.0,137.0
522538,-80.0,63.0
522561,-25.0,
522572,-155.0,
522622,-36.0,
522645,-122.0,
522650,-22.0,30.0
522654,-36.0,
522682,-116.0,90.0
522690,-149.0,6.0
522708,-123.0,
522714,-44.0,
522718,-95.0,
522731,-38.0,
522739,-93.0,27.0
522740,-32.0,
522743,-107.0,
522754,-53.0,
522777,-29.0,
522784,-32.0,24.0
522792,-117.0,
522840,-5.0,
522850,-1.0,
522859,-30.0,
522862,-22.0,191.0
522878,-86.0,215.0
522881,-94.0,
522889,-67.0,
522891,-38.0,
522894,-67.0,
522899,-67.0,
522923,-135.0,
522924,-106.0,124.0
522994,-32.0,
523012,-23.0,
523017,-93.0,
523021,-47.0,124.0
523047,-173.0,
523061,-66.0,
523079,-25.0,
523132,-81.0,
523142,-74.0,
523156,-27.0,27.0
523169,-94.0,
523239,-81.0,51.0
523247,-32.0,
523248,-56.0,
523249,-58.0,
523271,-120.0,23.0
523275,-36.0,115.0
523331,-17.0,
523334,-24.0,101.0
523335,-92.0,
523392,-119.0,
523398,-58.0,
523419,-23.0,
523427,-51.0,128.0
523466,-36.0,
523545,-107.0,
523583,-82.0,89.0
523589,-73.0,10.0
523596,-85.0,
523599,-42.0,
523630,-61.0,
523632,-39.0,-7.0
523655,-29.0,
523672,-28.0,
523680,-75.0,
523700,-22.0,
523710,-93.0,
523757,-87.0,
523762,-21.0,
523777,-60.0,0.0
523789,-151.0,-23.0
523803,-58.0,
523804,-87.0,
523817,-135.0,38.0
523831,-128.0,156.0
523833,-137.0,
523834,-45.0,53.0
523841,-16.0,
523857,-100.0,
523872,-120.0,
523875,-74.0,
523885,-74.0,-36.0
523905,-94.0,
523928,-92.0,
523940,-134.0,
523944,-70.0,
523966,-113.0,
523971,-22.0,
523978,-43.0,
524019,-107.0,69.0
524020,-55.0,40.0
524043,-66.0,
524076,-29.0,
524101,-126.0,143.0
524109,-22.0,
524128,-190.0,
524137,-58.0,163.0
524160,-43.0,
524170,-153.0,115.0
524171,-142.0,
524175,-53.0,
524227,-128.0,
524232,-36.0,-4.0
524261,-107.0,158.0
524276,-22.0,
524290,-82.0,
524295,-117.0,
524296,-120.0,
524361,-140.0,
524369,-50.0,
524374,-20.0,37.0
524377,-66.0,
524378,-53.0,
524379,-29.0,12.0
524384,-27.0,
524386,-138.0,
524396,-93.0,
524407,-38.0,
524427,-30.0,
524431,-24.0,142.0
524452,-101.0,
524466,-141.0,
524496,-147.0,16.0
524575,-65.0,
524598,-135.0,
524609,-136.0,-130.0
524631,-46.0,
524711,-59.0,
524730,-201.0,-130.0
524731,-127.0,
524769,-30.0,27.0
524790,-22.0,
524791,-67.0,
524825,-82.0,
524827,-70.0,51.0
524845,-29.0,
524851,-41.0,52.0
524938,-36.0,
524968,-52.0,-2.0
524974,-22.0,
524984,-146.0,42.0
524996,-150.0,53.0
525027,-64.0,66.0
525060,-37.0,-4.0
525066,-27.0,
525068,-43.0,
525128,-23.0,
525189,-72.0,170.0
525217,-37.0,
525246,-51.0,
525332,-29.0,
525353,-156.0,-23.0
525412,-109.0,
525456,-60.0,
525469,-66.0,
525472,-36.0,
525490,-34.0,
525501,-119.0,
525512,-55.0,
525520,-144.0,
525523,-70.0,157.0
525543,-161.0,-142.0
525557,-123.0,
525596,-38.0,-10.0
525624,-21.0,
525625,-30.0,
525632,-113.0,
525635,-22.0,
525679,-116.0,
525683,-96.0,
525694,-121.0,-67.0
525700,-53.0,
525703,-22.0,
525749,-46.0,
525762,-42.0,139.0
525781,-29.0,0.0
525797,-121.0,
525800,-145.0,46.0
525820,-132.0,
525832,-198.0,
525854,-18.0,
525869,-86.0,
525870,-142.0,
525874,-92.0,
525877,-30.0,237.0
525885,-46.0,
525942,-68.0,216.0
525974,-38.0,
526051,-180.0,-11.0
526060,-94.0,40.0
526068,-30.0,
526073,-38.0,
526088,-57.0,
526098,-134.0,105.0
526124,-84.0,39.0
526132,-22.0,154.0
526151,-72.0,
526158,-121.0,
526175,-53.0,
526177,-49.0,
526200,-115.0,
526235,-127.0,223.0
526242,-99.0,
526285,-54.0,
526303,-34.0,75.0
526352,-42.0,
526356,-153.0,7.0
526370,-73.0,
526392,-30.0,
526417,-21.0,
526420,-106.0,-9.0
526426,-130.0,82.0
526441,-23.0,
526506,-43.0,79.0
526527,-59.0,
526547,-114.0,33.0
526549,-73.0,
526551,-86.0,
526559,-113.0,
526564,-43.0,222.0
526589,-128.0,
526601,-102.0,
526659,-92.0,15.0
526679,-157.0,
526699,-22.0,27.0
526721,-102.0,
526741,-10.0,
526761,-61.0,
526789,-122.0,12.0
526810,-67.0,140.0
526818,-36.0,
526819,-120.0,
526821,-50.0,
526844,-67.0,-18.0
526876,-204.0,
526896,-128.0,
526912,-71.0,235.0
526927,-53.0,
526948,-122.0,-86.0
526980,-46.0,
527020,-79.0,
527039,-52.0,
527081,-66.0,11.0
527100,-24.0,
527102,-160.0,
527148,-171.0,
527164,-93.0,
527225,-68.0,
527227,-128.0,
527242,-46.0,122.0
527306,-74.0,
527313,-16.0,
527323,-120.0,
527343,-46.0,29.0
527382,-59.0,39.0
527393,-22.0,
527400,-65.0,
527403,-137.0,26.0
527427,-192.0,
527494,-155.0,
527505,-27.0,27.0
527533,-66.0,51.0
527538,-2.0,
527565,-17.0,177.0
527574,-114.0,
527580,-128.0,
527601,-46.0,180.0
527619,-86.0,-71.0
527622,-44.0,
527636,-46.0,
527659,-109.0,
527685,-18.0,
527689,-31.0,30.0
527713,-145.0,
527742,-113.0,
527744,-15.0,131.0
527747,-23.0,136.0
527751,-134.0,
527771,-121.0,
527775,-30.0,
527789,-123.0,
527799,-88.0,
527801,-153.0,
527826,-92.0,
527886,-88.0,
527917,-52.0,
527927,-127.0,124.0
527954,-25.0,
527958,-15.0,173.0
527964,-12.0,
527980,-116.0,
527991,-25.0,
528021,-102.0,
528023,-24.0,
528034,-21.0,
528056,-99.0,
528066,-17.0,
528071,-50.0,-1.0
528075,-21.0,
528083,-18.0,
528161,-116.0,
528175,-88.0,83.0
528184,-34.0,
528204,-53.0,0.0
528220,-128.0,110.0
528250,-130.0,
528261,-109.0,
528264,-52.0,41.0
528270,-142.0,-131.0
528271,-134.0,97.0
528290,-136.0,52.0
528302,-118.0,
528330,-116.0,11.0
528351,-137.0,
528353,-24.0,
528363,-161.0,150.0
528420,-18.0,75.0
528424,-93.0,
528432,-57.0,
528464,-16.0,
528467,-53.0,
528506,-60.0,
528509,-93.0,
528515,-59.0,228.0
528517,-36.0,
528535,-135.0,199.0
528538,-163.0,143.0
528551,-44.0,
528559,-46.0,
528642,-119.0,23.0
528649,-36.0,
528662,-136.0,
528698,-85.0,
528699,-75.0,187.0
528700,-28.0,2.0
528702,-23.0,
528713,-114.0,212.0
528734,-2.0,
528782,-132.0,163.0
528822,-24.0,10.0
528846,-42.0,
528879,-150.0,-145.0
528892,-59.0,
528904,-24.0,
528918,-22.0,74.0
528923,-25.0,
528961,-143.0,
528971,-205.0,
528992,-59.0,
528996,-30.0,24.0
529000,-28.0,
529025,-80.0,
529030,-55.0,
529065,-20.0,
529073,-32.0,121.0
529078,-42.0,
529097,-100.0,
529118,-73.0,-5.0
529153,-144.0,33.0
529163,-30.0,0.0
529174,-92.0,
529175,-46.0,
529179,-21.0,72.0
529190,-108.0,
529197,-198.0,
529201,-53.0,
529211,-124.0,
529212,-59.0,
529226,-152.0,
529240,-86.0,
529277,-87.0,-21.0
529287,-37.0,162.0
529297,-58.0,
529304,-137.0,
529309,-29.0,
529349,-52.0,
529366,-77.0,
529381,-114.0,85.0
529383,-18.0,
529384,-148.0,-30.0
529390,-129.0,0.0
529404,-59.0,
529412,-16.0,
529434,-95.0,
529438,-78.0,
529439,-32.0,
529446,-50.0,
529452,-22.0,
529458,-52.0,89.0
529486,-53.0,
529490,-22.0,125.0
529493,-135.0,
529502,-15.0,
529503,-24.0,25.0
529509,-24.0,
529512,-17.0,
529522,-169.0,
529525,-127.0,177.0
529550,-29.0,104.0
529561,-30.0,
529563,-30.0,
529565,-30.0,
529566,-30.0,
529567,-30.0,
529569,-30.0,
529572,-30.0,
529597,-28.0,
529644,-58.0,
529670,-120.0,-67.0
529684,-132.0,
529689,-58.0,
529693,-66.0,
529705,-117.0,104.0
529723,-65.0,
529760,-82.0,
529762,-89.0,
529767,-23.0,27.0
529789,-87.0,
529795,-25.0,
529834,-93.0,
529862,-80.0,
529863,-102.0,
529864,-25.0,
529868,-53.0,
529870,-121.0,
529871,-23.0,
529877,-53.0,27.0
529885,-130.0,-5.0
529975,-29.0,
529991,-58.0,
530021,-132.0,
530043,-75.0,
530057,-123.0,
530065,-120.0,
530087,-29.0,
530112,-25.0,
530113,-17.0,32.0
530137,-119.0,-18.0
530148,-7.0,240.0
530153,-106.0,
530159,-130.0,
530172,-28.0,111.0
530196,-72.0,200.0
530215,-121.0,12.0
530226,-46.0,
530234,-123.0,
530245,-128.0,5.0
530266,-121.0,
530270,-127.0,17.0
530296,-65.0,
530344,-24.0,
530360,-29.0,
530398,-109.0,14.0
530445,-113.0,
530481,-29.0,212.0
530483,-121.0,-28.0
530487,-30.0,
530493,-114.0,
530514,-31.0,
530519,-74.0,36.0
530558,-96.0,
530567,-104.0,
530650,-57.0,
530663,-45.0,
530669,-116.0,
530676,-53.0,87.0
530736,-66.0,
530748,-25.0,171.0
530753,-22.0,
530762,-88.0,173.0
530765,-18.0,
530772,-155.0,
530802,-113.0,
530807,-56.0,-8.0
530826,-25.0,
530841,-43.0,
530852,-95.0,87.0
530853,-126.0,
530862,-30.0,
530901,-21.0,11.0
530936,-17.0,225.0
530940,-134.0,
530941,-39.0,
530944,-61.0,
530960,-94.0,-79.0
530967,-169.0,
530987,-121.0,
531000,-22.0,12.0
531018,-92.0,
531027,-73.0,
531047,-25.0,
531069,-52.0,96.0
531075,-95.0,
531077,-123.0,
531097,-185.0,
531124,-89.0,
531182,-67.0,
531190,-29.0,
531202,-68.0,
531205,-24.0,62.0
531224,-173.0,
531234,-74.0,40.0
531235,-77.0,31.0
531243,-65.0,215.0
531251,-114.0,-94.0
531270,-53.0,
531287,-72.0,-37.0
531290,-32.0,-2.0
531294,-80.0,
531340,-42.0,100.0
531344,-120.0,0.0
531377,-29.0,
531384,-30.0,
531397,-93.0,
531402,-50.0,
531427,-113.0,
531428,-133.0,48.0
531448,-86.0,
531450,-48.0,
531464,-94.0,
531481,-107.0,-75.0
531569,-73.0,
531573,-44.0,
531629,-113.0,
531634,-68.0,
531643,-102.0,
531646,-59.0,
531667,-140.0,19.0
531674,-136.0,12.0
531689,-92.0,30.0
531709,-23.0,
531753,-122.0,
531755,-114.0,
531787,-90.0,
531791,-107.0,
531845,-123.0,
531865,-73.0,
531866,-123.0,-23.0
531871,-28.0,
531888,-94.0,47.0
531894,-88.0,95.0
531896,-84.0,
531905,-92.0,
531924,-21.0,
531953,-8.0,
532000,-89.0,27.0
532020,-85.0,
532034,-82.0,
532049,-109.0,
532050,-102.0,
532062,-16.0,173.0
532067,-71.0,12.0
532114,-38.0,150.0
532116,-37.0,
532121,-46.0,
532140,-128.0,
532142,-73.0,109.0
532144,-23.0,-15.0
532194,-41.0,125.0
532236,-22.0,
532252,-92.0,-5.0
532254,-22.0,
532267,-44.0,226.0
532274,-69.0,
532317,-93.0,
532335,-43.0,
532350,-129.0,
532396,-130.0,44.0
532413,-122.0,
532428,-98.0,
532436,-73.0,
532440,-186.0,-8.0
532441,-29.0,174.0
532464,-77.0,
532468,-29.0,-7.0
532473,-1.0,142.0
532476,-140.0,-10.0
532477,-88.0,
532491,-120.0,
532500,-9.0,
532512,-44.0,191.0
532531,-5.0,
532534,-93.0,
532565,-127.0,
532570,-17.0,-10.0
532575,-42.0,179.0
532578,-55.0,
532579,-106.0,
532584,-120.0,
532589,-93.0,
532608,-89.0,
532615,-11.0,
532617,-89.0,
532627,-115.0,
532648,-73.0,86.0
532649,-7.0,
532665,-52.0,
532668,-113.0,
532683,-22.0,101.0
532695,-93.0,
532703,-52.0,60.0
532710,-50.0,
532715,-106.0,
532718,-107.0,
532739,-88.0,
532741,-49.0,
532742,-55.0,27.0
532744,-46.0,-11.0
532745,-22.0,
532750,-127.0,
532779,-91.0,
532794,-114.0,-87.0
532839,-130.0,208.0
532846,-25.0,108.0
532855,-118.0,
532859,-12.0,107.0
532862,-3.0,
532863,-45.0,
532868,-52.0,
532869,-37.0,
532886,-107.0,
532895,-129.0,96.0
532928,-93.0,-1.0
532941,-152.0,
532950,-64.0,
532968,-127.0,
532988,-30.0,
533004,-90.0,
533006,-120.0,12.0
533012,-32.0,
533016,-50.0,137.0
533044,-52.0,
533054,-17.0,
533068,-30.0,
533077,-59.0,
533091,-49.0,
533134,-116.0,
533140,-28.0,160.0
533141,-61.0,
533164,-52.0,156.0
533172,-86.0,
533198,-50.0,138.0
533201,-77.0,
533209,-21.0,
533210,-123.0,
533217,-1.0,
533291,-29.0,
533301,-80.0,
533311,-29.0,
533321,-90.0,
533324,-89.0,
533347,-71.0,
533348,-85.0,111.0
533365,-89.0,
533414,-177.0,-1.0
533418,-92.0,
533449,-36.0,18.0
533458,-36.0,-9.0
533485,-72.0,
533512,-95.0,-2.0
533522,-36.0,
533523,-150.0,
533527,-125.0,
533535,-106.0,
533545,-109.0,
533614,-90.0,
533689,-35.0,
533697,-86.0,136.0
533709,-30.0,
533722,-130.0,
533731,-18.0,
533737,-102.0,-1.0
533829,-85.0,31.0
533839,-30.0,
533846,-77.0,
533874,-22.0,27.0
533877,-116.0,
533929,-44.0,
533944,-111.0,18.0
533969,-111.0,
533975,-80.0,
533988,-94.0,
533996,-111.0,90.0
533997,-44.0,192.0
534014,-28.0,
534018,-109.0,33.0
534037,-102.0,
534047,-110.0,19.0
534051,-78.0,
534064,-107.0,
534074,-34.0,115.0
534086,-92.0,
534093,-58.0,
534112,-24.0,198.0
534133,-17.0,
534143,-52.0,
534151,-134.0,27.0
534163,-117.0,
534201,-154.0,
534203,-102.0,
534217,-116.0,-16.0
534219,-100.0,
534234,-113.0,
534251,-113.0,
534318,-182.0,149.0
534323,-49.0,
534343,-61.0,
534346,-25.0,
534349,-61.0,81.0
534360,-64.0,
534371,-37.0,
534373,-44.0,
534426,-89.0,-11.0
534428,-320.0,-73.0
534431,-102.0,
534432,-79.0,
534457,-67.0,
534530,-71.0,
534588,-9.0,12.0
534602,-82.0,
534609,-22.0,
534647,-25.0,
534652,-82.0,
534671,-16.0,27.0
534672,-10.0,
534698,-116.0,
534709,-89.0,
534713,-107.0,18.0
534715,-43.0,
534733,-120.0,
534744,-44.0,
534750,-113.0,
534758,-92.0,-19.0
534765,3.0,
534777,-24.0,27.0
534784,-93.0,
534792,-46.0,
534816,-102.0,
534827,-73.0,5.0
534830,-59.0,-17.0
534854,-132.0,
534856,-85.0,
534884,-52.0,157.0
534892,-23.0,
534908,-29.0,
534910,-95.0,
534913,-94.0,
534922,-127.0,-80.0
534944,-29.0,27.0
534946,-149.0,
534952,-71.0,
534958,-106.0,
534962,-42.0,79.0
534983,-77.0,
534989,-101.0,
534991,-24.0,
534998,-42.0,
535012,-87.0,
535037,-96.0,
535047,-28.0,
535052,-106.0,100.0
535077,-24.0,
535131,-31.0,
535140,-111.0,
535145,-46.0,
535152,-23.0,113.0
535155,-119.0,157.0
535161,-143.0,
535168,-45.0,4.0
535169,-58.0,-15.0
535215,-29.0,
535220,-106.0,128.0
535228,-16.0,51.0
535259,-16.0,
535269,-94.0,121.0
535272,-68.0,-36.0
535276,-23.0,68.0
535278,-107.0,
535303,-86.0,27.0
535324,-95.0,
535328,-52.0,
535351,-51.0,
535379,-16.0,
535390,-102.0,89.0
535396,-77.0,125.0
535407,-88.0,
535424,-36.0,
535460,-15.0,
535462,-131.0,
535463,-34.0,147.0
535468,-113.0,
535486,-85.0,41.0
535506,-51.0,
535526,-121.0,-94.0
535529,-52.0,
535530,-61.0,
535542,-15.0,59.0
535548,-127.0,
535558,-61.0,-4.0
535590,-149.0,-18.0
535605,-22.0,
535618,-79.0,
535620,-29.0,
535628,-113.0,
535632,-25.0,
535648,-124.0,
535662,-68.0,
535671,-71.0,95.0
535682,-36.0,
535707,-16.0,116.0
535747,-107.0,26.0
535755,-94.0,
535760,-68.0,
535761,-126.0,-59.0
535773,-44.0,
535778,-93.0,
535789,-73.0,27.0
535794,-37.0,
535799,-22.0,
535800,-76.0,
535804,-44.0,
535807,-128.0,
535820,-130.0,
535831,-92.0,
535833,-22.0,
535963,-35.0,
535981,-74.0,27.0
535986,-11.0,
535997,-57.0,163.0
536032,-107.0,
536038,-36.0,173.0
536046,-127.0,
536050,-86.0,
536103,-21.0,131.0
536112,-52.0,
536125,-72.0,
536145,-72.0,37.0
536147,-30.0,
536170,-98.0,
536178,-100.0,
536188,-94.0,
536189,-93.0,
536199,-42.0,
536203,-36.0,148.0
536205,-64.0,
536210,-28.0,100.0
536214,-94.0,
536216,-90.0,
536243,-106.0,
536261,-96.0,
536270,-106.0,97.0
536276,-74.0,
536286,-52.0,
536296,-113.0,
536318,-150.0,
536331,-141.0,
536351,-115.0,
536409,-49.0,-23.0
536435,-148.0,
536442,-93.0,209.0
536452,-86.0,
536454,-93.0,27.0
536455,-83.0,
536471,-115.0,-19.0
536475,-16.0,
536487,-95.0,0.0
536503,-36.0,27.0
536510,-96.0,191.0
536519,-28.0,46.0
536520,-53.0,-30.0
536536,-93.0,
536551,-127.0,
536556,-20.0,
536591,-89.0,
536593,-58.0,
536629,-151.0,
536632,-24.0,
536636,-138.0,
536647,-17.0,
536649,-52.0,
536660,-24.0,
536663,-24.0,61.0
536664,-24.0,
536666,-52.0,
536670,-21.0,27.0
536681,-101.0,163.0
536696,-67.0,
536698,-22.0,
536711,-31.0,52.0
536722,-89.0,
536726,-106.0,
536736,-74.0,21.0
536767,-42.0,
536794,-113.0,-72.0
536805,-41.0,
536825,-24.0,31.0
536843,-21.0,
536852,-51.0,
536856,-50.0,
536900,-25.0,
536906,-102.0,
536926,-93.0,
536930,-77.0,
536941,-129.0,
536950,-71.0,
536963,-17.0,
536979,-73.0,
536984,-3.0,
536992,-25.0,
536996,-29.0,0.0
536999,-89.0,110.0
537000,-127.0,-110.0
537028,-95.0,51.0
537077,-32.0,
537081,-23.0,
537115,3.0,
537133,-98.0,139.0
537138,-96.0,
537139,-83.0,
537151,-127.0,27.0
537162,-82.0,
537171,-29.0,
537181,-38.0,
537193,-18.0,
537194,-84.0,
537221,-70.0,59.0
537238,-131.0,-60.0
537255,-100.0,
537259,-8.0,
537263,-83.0,-8.0
537271,-134.0,
537320,-16.0,123.0
537321,-155.0,10.0
537322,-25.0,
537328,-45.0,
537335,-65.0,37.0
537342,-80.0,
537373,-60.0,
537392,-78.0,101.0
537394,-68.0,95.0
537414,-76.0,
537433,-72.0,
537434,-113.0,
537452,-42.0,
537463,-72.0,32.0
537464,-92.0,
537473,-86.0,
537488,-73.0,
537515,-79.0,
537558,-58.0,
537572,-113.0,
537577,-25.0,
537584,-46.0,
537603,-95.0,
537605,-137.0,
537606,-116.0,
537621,-107.0,
537622,-86.0,
537640,-131.0,
537645,-96.0,
537652,-96.0,73.0
537654,-114.0,191.0
537656,-29.0,
537658,-116.0,
537662,-26.0,
537670,-36.0,
537672,-115.0,
537674,-27.0,
537676,-93.0,
537679,-86.0,
537683,-101.0,
537687,-98.0,
537688,-104.0,
537691,-190.0,28.0
537698,-99.0,
537700,-123.0,
537703,-99.0,
537704,-89.0,
537728,-88.0,56.0
537747,-192.0,
537756,-96.0,
537811,-37.0,
537844,-36.0,
537868,-68.0,
537875,-72.0,
537898,-34.0,
537905,-73.0,
537918,-36.0,
537926,-53.0,
537929,-30.0,
537938,-62.0,
537942,-145.0,
537955,-30.0,
537962,-37.0,
537980,-44.0,
537995,-98.0,
538040,-88.0,
538045,-46.0,
538051,-4.0,
538069,-77.0,146.0
538102,-57.0,
538131,-79.0,50.0
538138,-22.0,37.0
538196,-89.0,178.0
538202,-53.0,
538210,-80.0,
538211,-74.0,
538221,-98.0,
538232,-89.0,96.0
538251,-22.0,
538611,-82.0,
538701,-30.0,
538863,-45.0,
538887,-29.0,
538897,-8.0,
538903,-55.0,
538916,-83.0,
538918,-53.0,
538941,-53.0,
538942,-72.0,
538949,-94.0,
538987,-83.0,
539035,-23.0,
539041,-71.0,-12.0
539043,-55.0,
539056,-46.0,
539060,-92.0,55.0
539063,-32.0,
539066,-90.0,
539117,-22.0,
539128,-95.0,-23.0
539142,-50.0,
539186,-85.0,107.0
539209,-48.0,
539219,-34.0,
539224,-100.0,-53.0
539232,-95.0,172.0
539241,-53.0,
539253,-100.0,
539262,-87.0,49.0
539265,-43.0,
539299,-191.0,-18.0
539302,-92.0,26.0
539303,-76.0,
539308,-90.0,
539328,-101.0,
539332,-98.0,
539345,-59.0,
539359,-72.0,
539364,-85.0,
539365,-90.0,
539385,-90.0,
539401,-53.0,79.0
539408,-25.0,12.0
539414,-60.0,-3.0
539416,-65.0,
539418,-87.0,
539426,-16.0,208.0
539436,-102.0,
539440,-46.0,
539444,-101.0,
539451,-106.0,
539468,-10.0,
539497,-82.0,
539514,-79.0,
539558,-95.0,
539572,-89.0,
539588,-46.0,
539622,-73.0,
539635,-29.0,
539643,-68.0,
539657,-160.0,12.0
539668,-50.0,-5.0
539670,-92.0,
539675,-125.0,
539695,-32.0,
539710,-86.0,
539727,-14.0,12.0
539737,-27.0,
539759,-73.0,
539774,-50.0,45.0
539775,-96.0,124.0
539784,-103.0,
539872,-192.0,40.0
539886,-95.0,
539891,-23.0,65.0
539894,-94.0,
539896,-64.0,
539913,-41.0,-35.0
539922,-87.0,138.0
539945,-115.0,100.0
539953,-25.0,
539962,-90.0,
539963,-78.0,
539971,-25.0,
539990,-36.0,
539994,-34.0,
540005,-31.0,
540054,-60.0,
540055,-118.0,
540122,-93.0,90.0
540147,-88.0,
540155,-89.0,29.0
540160,-106.0,
540184,-90.0,
540207,-18.0,
540209,-89.0,
540219,-23.0,
540224,-16.0,
540249,-28.0,
540293,-60.0,
540298,-48.0,
540310,-36.0,
540422,-59.0,24.0
540503,-88.0,
540509,-92.0,-89.0
540511,-29.0,
540513,-44.0,
540521,-29.0,
540530,-46.0,
540547,-66.0,
540549,-36.0,
540558,-32.0,
540568,-89.0,-25.0
540577,-76.0,
540581,-89.0,
540592,-53.0,
540594,-25.0,9.0
540602,-115.0,
540605,-34.0,
540607,-59.0,
540614,-90.0,
540637,-95.0,-22.0
540656,-86.0,
540682,-66.0,
540686,-89.0,
540694,-53.0,
540713,-92.0,
540723,-45.0,
540727,-102.0,
540750,-46.0,
540758,-74.0,
540759,-27.0,73.0
540767,-88.0,27.0
540780,-48.0,
540787,-82.0,45.0
540800,-94.0,
540801,-59.0,63.0
540806,-202.0,
540821,-73.0,
540826,-82.0,
540848,-25.0,
540885,-114.0,10.0
540909,-178.0,-122.0
540918,-86.0,152.0
540920,-52.0,103.0
540937,-147.0,-15.0
540947,-156.0,
540953,-86.0,27.0
540997,-92.0,89.0
541000,-54.0,
541003,-25.0,
541013,-15.0,
541040,-116.0,
541044,-58.0,136.0
541048,-92.0,
541061,-77.0,12.0
541073,-66.0,
541101,-24.0,
541108,-198.0,
541113,-30.0,
541123,-155.0,12.0
541171,-52.0,165.0
541174,-60.0,
541184,-29.0,37.0
541196,-93.0,88.0
541202,-94.0,174.0
541228,-82.0,
541231,-94.0,
541232,-93.0,
541252,-22.0,
541260,-88.0,
541274,-74.0,
541281,-28.0,153.0
541315,-53.0,
541327,-74.0,170.0
541349,-12.0,
541363,-55.0,
541369,-94.0,81.0
541418,-52.0,
541476,-78.0,
541478,-103.0,-58.0
541482,-67.0,
541521,-92.0,
541523,-113.0,
541531,-59.0,
541532,-29.0,237.0
541538,-114.0,
541573,-93.0,-45.0
541579,-42.0,
541586,-96.0,
541697,-89.0,
541702,-149.0,
541706,-43.0,
541708,-80.0,
541709,-25.0,3.0
541727,-65.0,11.0
541753,-86.0,
541763,-43.0,
541764,-55.0,
541765,-1.0,
541768,-53.0,
541769,-78.0,
541774,-49.0,
541781,-24.0,
541783,-194.0,
541794,-72.0,
541803,-87.0,
541808,-22.0,
541822,-43.0,
541832,-109.0,
541838,-64.0,62.0
541842,-150.0,-9.0
541884,-50.0,
541887,-55.0,74.0
541890,-28.0,
541921,-49.0,
541923,-67.0,
541973,-82.0,
541977,-53.0,
541985,-36.0,27.0
541995,-79.0,12.0
541999,-80.0,
542003,-78.0,
542010,-73.0,149.0
542012,-86.0,
542020,-76.0,
542026,-59.0,
542036,-73.0,
542049,-89.0,
542050,-22.0,148.0
542054,-64.0,
542062,-107.0,27.0
542081,-23.0,2.0
542084,-102.0,
542100,-55.0,
542115,-16.0,
542134,-28.0,-1.0
542164,-81.0,
542167,-128.0,
542172,-53.0,122.0
542180,-34.0,
542202,-14.0,
542205,-90.0,
542244,-198.0,-101.0
542259,-87.0,222.0
542260,-23.0,
542279,-24.0,
542287,-25.0,
542291,-34.0,
542293,-42.0,
542296,-66.0,
542321,-38.0,-7.0
542356,-89.0,
542372,-60.0,
542386,-102.0,
542394,-44.0,111.0
542396,-94.0,42.0
542423,-58.0,88.0
542456,-179.0,-141.0
542466,-32.0,
542472,-132.0,
542476,-68.0,179.0
542506,-21.0,
542524,-43.0,
542536,-46.0,
542543,-76.0,
542547,-50.0,
542550,-21.0,171.0
542557,-170.0,
542558,-32.0,
542562,-85.0,-73.0
542574,-22.0,
542602,-68.0,11.0
542613,-30.0,
542622,-44.0,
542635,-50.0,
542646,-90.0,
542653,-23.0,
542657,-22.0,101.0
542663,-71.0,
542687,-92.0,
542692,-82.0,
542707,-60.0,
542721,-102.0,
542745,-65.0,
542748,-86.0,
542760,-90.0,-9.0
542987,-90.0,
542991,-25.0,
543010,-95.0,
543019,-60.0,
543021,-94.0,61.0
543054,-15.0,
543060,-82.0,
543095,-55.0,27.0
543113,-77.0,
543124,-28.0,
543140,-18.0,
543155,-52.0,46.0
543165,-79.0,
543170,-157.0,
543180,-66.0,
543199,-60.0,2.0
543202,-85.0,
543231,-68.0,2.0
543279,-66.0,
543295,-23.0,
543340,-86.0,
543351,-42.0,
543356,-77.0,
543361,-163.0,75.0
543365,-73.0,-47.0
543383,-78.0,9.0
543384,-85.0,
543386,-89.0,26.0
543408,-58.0,158.0
543415,-72.0,
543417,-86.0,
543418,-81.0,166.0
543421,-48.0,27.0
543428,-94.0,
543432,-78.0,97.0
543436,-87.0,
543439,-108.0,
543446,-74.0,
543447,-94.0,
543459,-82.0,
543465,-55.0,
543473,-49.0,
543474,-25.0,
543475,-29.0,
543478,-39.0,
543481,-151.0,
543482,-55.0,37.0
543510,-46.0,
543533,-16.0,207.0
543536,-64.0,
543557,-36.0,14.0
543571,-24.0,-2.0
543573,-22.0,
543576,-79.0,
543599,-64.0,
543604,-104.0,-88.0
543607,-80.0,
543628,-109.0,3.0
543630,-23.0,
543643,-55.0,
543648,-205.0,
543653,-30.0,
543663,-55.0,40.0
543678,-36.0,
543683,-16.0,90.0
543686,-135.0,
543719,-60.0,
543723,-38.0,
543749,-34.0,
543756,-89.0,
543763,-66.0,
543785,-21.0,160.0
543788,-45.0,
543789,-24.0,
543798,-50.0,
543818,-71.0,
543825,-86.0,
543845,-76.0,-67.0
543853,-55.0,
543860,-36.0,
543864,-53.0,
543896,-52.0,-49.0
543910,-10.0,
543919,-100.0,
543924,-28.0,
543926,-78.0,138.0
543931,-23.0,
543948,-100.0,
543953,-149.0,
543963,-61.0,44.0
543970,-74.0,
543976,-88.0,72.0
544017,-28.0,
544021,-87.0,69.0
544031,-42.0,95.0
544050,-80.0,
544052,-25.0,
544053,-55.0,
544055,-68.0,
544063,-76.0,
544071,-135.0,-3.0
544075,-269.0,-39.0
544090,-19.0,
544091,-46.0,
544092,-130.0,
544098,-50.0,
544103,-127.0,
544108,-28.0,
544122,-19.0,
544140,-131.0,
544141,-17.0,
544155,-95.0,-80.0
544173,-73.0,
544177,-161.0,-75.0
544186,-82.0,
544195,-58.0,
544207,-149.0,
544212,-72.0,
544226,-92.0,
544249,-29.0,
544253,-24.0,
544267,-10.0,
544271,-47.0,
544276,-59.0,-46.0
544279,-22.0,
544284,-77.0,
544289,-198.0,
544295,-68.0,
544296,-34.0,86.0
544307,-46.0,
544313,-66.0,
544319,-10.0,72.0
544351,-65.0,
544352,-85.0,44.0
544356,-46.0,39.0
544367,-85.0,
544383,-60.0,
544408,-27.0,
544430,-1.0,
544435,-73.0,-2.0
544444,-78.0,53.0
544455,-68.0,
544467,-87.0,
544479,-71.0,
544490,-45.0,
544491,-27.0,27.0
544499,-60.0,40.0
544500,-15.0,
544519,-78.0,
544530,-78.0,
544532,-86.0,
544543,-59.0,
544556,-53.0,
544576,-38.0,
544587,-20.0,-14.0
544593,-46.0,
544594,-143.0,
544603,-74.0,
544612,-162.0,110.0
544615,-37.0,
544627,-86.0,183.0
544632,-50.0,
544639,-24.0,
544642,-89.0,
544649,-95.0,51.0
544651,-21.0,94.0
544686,-23.0,17.0
544697,-29.0,
544720,-24.0,
544741,-59.0,
544745,-58.0,111.0
544791,-45.0,
544796,-93.0,-16.0
544802,-100.0,27.0
544839,-90.0,
544847,-50.0,
544848,-77.0,
544850,-78.0,
544859,-74.0,
544880,-36.0,
544881,-55.0,
544890,-68.0,
544894,-42.0,
544898,-120.0,
544907,-85.0,
544930,-101.0,168.0
544942,-79.0,44.0
544943,-58.0,
544955,-79.0,-22.0
544963,-58.0,
544978,-18.0,
544982,-58.0,
544989,-58.0,
544991,-24.0,
545001,-53.0,-15.0
545041,-48.0,
545045,-150.0,
545048,-80.0,
545072,-68.0,
545080,-86.0,
545083,-42.0,
545093,-202.0,
545115,-23.0,
545118,-86.0,
545119,-148.0,38.0
545124,-53.0,
545127,-27.0,12.0
545146,-53.0,
545160,-31.0,-30.0
545164,-154.0,
545179,-32.0,
545191,-23.0,
545196,-34.0,
545200,-107.0,
545201,-49.0,-11.0
545211,-192.0,
545219,-86.0,17.0
545223,-86.0,226.0
545229,-68.0,
545240,-78.0,
545245,-86.0,
545247,-9.0,
545254,-29.0,
545255,-135.0,
545297,-9.0,
545298,-96.0,
545313,-45.0,
545337,-77.0,16.0
545340,-73.0,
545376,-86.0,54.0
545377,-72.0,
545379,-78.0,
545381,-60.0,
545384,-89.0,
545387,10.0,
545392,-74.0,
545443,-29.0,
545462,-95.0,
545480,-74.0,222.0
545485,-99.0,53.0
545493,-43.0,-5.0
545514,-98.0,-29.0
545521,-44.0,51.0
545522,-59.0,-45.0
545565,-22.0,26.0
545600,-78.0,-51.0
545604,-22.0,
545637,-17.0,
545658,-86.0,
545665,-5.0,
545693,-72.0,27.0
545697,-49.0,
545702,-66.0,
545704,-59.0,
545720,-27.0,
545725,-79.0,184.0
545740,-65.0,
545741,-58.0,
545747,-124.0,
545751,-29.0,
545752,-22.0,
545758,-158.0,
545769,-99.0,
545770,-98.0,74.0
545780,-74.0,
545785,-43.0,
545791,-71.0,159.0
545799,-95.0,-85.0
545803,-15.0,
545896,-27.0,27.0
545909,-21.0,
545916,-43.0,
545918,-59.0,197.0
545927,-36.0,12.0
545944,-20.0,107.0
545951,-55.0,79.0
545962,-149.0,
545964,-78.0,
545991,-32.0,
545993,-36.0,
546000,-95.0,
546015,-21.0,27.0
546019,-46.0,
546025,-41.0,
546040,-17.0,
546048,-72.0,
546052,-30.0,
546054,-30.0,
546065,-31.0,
546071,-47.0,
546074,-15.0,
546089,-44.0,
546097,-24.0,
546114,-73.0,12.0
546124,-114.0,-9.0
546136,-77.0,123.0
546139,-115.0,129.0
546141,-77.0,
546157,-80.0,
546164,-73.0,27.0
546191,-64.0,
546192,-67.0,
546195,-10.0,
546196,-12.0,
546202,-23.0,
546215,-86.0,
546221,-88.0,
546243,-80.0,-5.0
546250,-67.0,
546262,-93.0,178.0
546286,-10.0,
546293,-23.0,107.0
546299,-136.0,73.0
546302,-36.0,
546322,-59.0,
546329,-74.0,
546333,-21.0,28.0
546339,-15.0,76.0
546348,-55.0,
546394,-54.0,59.0
546396,-66.0,97.0
546400,-24.0,75.0
546403,-90.0,137.0
546407,-46.0,
546408,-28.0,
546412,-76.0,
546428,-94.0,
546431,-94.0,
546439,-24.0,133.0
546455,-48.0,
546457,-124.0,
546464,-83.0,
546480,-96.0,
546500,-55.0,
546533,-24.0,
546547,-25.0,230.0
546563,-72.0,131.0
546583,-72.0,
546584,-46.0,
546604,-170.0,
546609,-73.0,
546627,-128.0,
546632,-73.0,
546634,-23.0,144.0
546643,-45.0,
546645,-52.0,
546654,-83.0,-24.0
546675,-3.0,
546681,-71.0,
546682,-58.0,
546685,-73.0,
546722,-49.0,
546724,2.0,
546747,-73.0,-4.0
546749,-68.0,
546754,-26.0,
546773,-49.0,
546780,-53.0,
546786,-92.0,5.0
546804,-77.0,
546809,-39.0,160.0
546811,-76.0,
546826,-66.0,
546830,-78.0,
546837,-24.0,
546843,-24.0,
546852,-86.0,
546861,-48.0,27.0
546862,-64.0,
546863,-58.0,27.0
546868,-16.0,
546892,-92.0,30.0
546909,-55.0,
546912,-46.0,
546921,-82.0,
546925,-67.0,
546932,-42.0,
546934,-67.0,
546941,-53.0,-30.0
546947,-24.0,76.0
546953,-43.0,
546954,-116.0,-4.0
546958,-73.0,
546961,-115.0,
547014,-53.0,
547018,-29.0,
547052,-82.0,-44.0
547100,-25.0,
547128,-86.0,130.0
547153,-36.0,
547154,-196.0,
547155,-129.0,
547165,-76.0,
547173,-142.0,
547192,-68.0,
547228,-60.0,
547252,-58.0,30.0
547259,-65.0,
547266,-183.0,-58.0
547267,9.0,27.0
547268,-35.0,-10.0
547287,-22.0,
547302,-24.0,
547303,-36.0,4.0
547311,-38.0,
547332,-101.0,219.0
547334,-43.0,
547347,-28.0,
547349,5.0,
547372,-67.0,
547378,-151.0,52.0
547390,-88.0,
547393,-32.0,
547399,-29.0,
547400,-34.0,
547403,-64.0,
547408,-71.0,
547409,-49.0,
547413,-60.0,
547424,-32.0,
547427,-52.0,
547440,-129.0,2.0
547442,-80.0,-12.0
547445,-58.0,
547448,-169.0,
547464,-94.0,12.0
547466,-15.0,
547472,-82.0,-17.0
547486,-46.0,
547487,-32.0,
547506,-54.0,
547522,-80.0,
547534,-16.0,
547556,-125.0,
547569,-24.0,
547571,-268.0,165.0
547581,-25.0,
547584,-45.0,
547593,-37.0,-2.0
547609,-86.0,27.0
547612,-129.0,
547620,-72.0,
547629,-87.0,198.0
547663,-42.0,
547666,-36.0,27.0
547667,-46.0,-3.0
547679,-18.0,
547680,-141.0,
547685,-116.0,-19.0
547689,-67.0,
547690,-46.0,
547697,-22.0,
547718,-43.0,188.0
547737,-60.0,
547755,-58.0,37.0
547757,-24.0,
547773,-44.0,
547784,-16.0,207.0
547786,-137.0,104.0
547787,-86.0,27.0
547788,-99.0,
547816,-40.0,0.0
547841,-36.0,
547855,-73.0,-15.0
547860,-69.0,-26.0
547873,-72.0,
547876,-29.0,94.0
547884,-55.0,221.0
547892,-65.0,
547897,-71.0,-5.0
547902,-46.0,
547903,-58.0,
547953,-86.0,
547979,-90.0,186.0
547986,-58.0,
548027,-58.0,
548043,-83.0,57.0
548057,-86.0,
548069,-78.0,
548080,-110.0,-39.0
548087,-55.0,
548090,-73.0,
548095,-23.0,
548097,-50.0,
548099,-64.0,
548106,-72.0,123.0
548120,-25.0,
548124,-34.0,
548132,-73.0,40.0
548173,-74.0,129.0
548180,-30.0,
548190,-38.0,
548197,-67.0,
548219,-60.0,
548241,-85.0,
548255,-73.0,
548261,-54.0,
548267,-72.0,
548271,-29.0,
548275,-65.0,
548292,-72.0,
548296,-131.0,
548301,-141.0,
548307,-52.0,
548312,-73.0,
548321,-79.0,57.0
548331,-73.0,-23.0
548332,-68.0,-11.0
548334,-23.0,
548344,-65.0,
548352,-67.0,
548355,-29.0,57.0
548371,-83.0,
548383,-25.0,64.0
548386,-57.0,
548388,-135.0,
548403,-36.0,
548415,-27.0,38.0
548420,-23.0,11.0
548424,-22.0,
548439,-79.0,
548445,-50.0,
548459,-71.0,
548473,-36.0,
548486,-32.0,9.0
548488,-21.0,163.0
548500,-95.0,96.0
548504,-28.0,
548508,-71.0,
548509,-22.0,
548520,-58.0,
548521,-29.0,
548535,-24.0,
548547,-72.0,172.0
548573,-72.0,145.0
548578,-89.0,-87.0
548585,-50.0,80.0
548602,-44.0,
548608,-58.0,57.0
548617,-65.0,
548642,-73.0,110.0
548650,-60.0,46.0
548666,-183.0,
548677,-59.0,
548679,-28.0,
548693,-28.0,100.0
548714,-80.0,
548722,-46.0,
548739,-60.0,51.0
548741,-53.0,
548744,-22.0,
548759,-72.0,
548764,-25.0,
548773,-1.0,
548791,-53.0,
548797,-65.0,30.0
548800,-22.0,-5.0
548807,-7.0,
548813,-53.0,
548819,-78.0,57.0
548825,-39.0,213.0
548831,-71.0,57.0
548834,-80.0,
548838,-80.0,
548839,-80.0,
548843,-80.0,
548844,-135.0,
548851,-151.0,-7.0
548854,-310.0,
548857,-80.0,
548861,-185.0,
548869,-79.0,
548871,-79.0,
548872,-25.0,75.0
548881,-50.0,11.0
548884,-52.0,
548885,-79.0,
548893,-73.0,57.0
548899,-25.0,
548900,-71.0,57.0
548921,-59.0,
548922,-114.0,37.0
548924,-44.0,
548926,-76.0,
548935,-24.0,
548938,-49.0,
548948,-30.0,138.0
548954,-58.0,
548959,-55.0,
548969,-30.0,104.0
548981,-79.0,
548990,-80.0,57.0
548992,-79.0,80.0
548993,-79.0,77.0
548994,-73.0,
548996,-77.0,
549009,-53.0,179.0
549014,-49.0,
549032,-39.0,
549038,-36.0,
549047,-55.0,
549056,-58.0,
549065,-52.0,
549078,-34.0,
549087,-143.0,
549093,-16.0,
549095,-78.0,
549106,-44.0,
549113,-49.0,
549125,-79.0,
549129,-52.0,
549135,-77.0,
549139,-156.0,17.0
549143,-65.0,57.0
549149,-21.0,
549156,-78.0,-5.0
549158,-46.0,
549160,-36.0,-17.0
549190,-31.0,
549196,-65.0,
549203,-16.0,
549204,-16.0,
549213,-65.0,136.0
549219,-67.0,
549226,-102.0,
549239,-53.0,
549261,-24.0,
549262,-81.0,
549278,-50.0,
549283,-79.0,
549288,-77.0,24.0
549300,-132.0,
549311,-78.0,57.0
549321,-144.0,
549334,-25.0,57.0
549337,-39.0,152.0
549343,-55.0,
549352,-78.0,-1.0
549354,-46.0,
549361,-65.0,173.0
549369,-44.0,
549370,-55.0,
549391,-65.0,
549397,-194.0,
549401,-154.0,158.0
549406,-53.0,
549410,-74.0,
549420,-74.0,
549424,-78.0,171.0
549439,-28.0,
549445,-24.0,
549498,-55.0,
549504,-53.0,178.0
549505,-23.0,57.0
549512,-25.0,34.0
549513,-30.0,69.0
549517,-55.0,
549523,-31.0,118.0
549537,-58.0,
549545,-58.0,
549563,-64.0,-11.0
549568,-72.0,
549575,-50.0,16.0
549586,-60.0,
549590,-72.0,108.0
549596,-60.0,
549601,-36.0,163.0
549603,-24.0,
549622,-44.0,12.0
549626,-36.0,
549636,-251.0,153.0
549648,-42.0,
549651,-52.0,
549670,-25.0,
549677,-15.0,12.0
549681,-32.0,
549684,-22.0,
549687,-72.0,
549690,-52.0,
549698,-24.0,
549706,-22.0,
549710,-15.0,
549713,-29.0,57.0
549731,-53.0,
549732,-65.0,
549745,-30.0,209.0
549751,-42.0,
549754,-42.0,
549769,-10.0,163.0
549775,-17.0,
549783,-25.0,
549785,-43.0,-7.0
549790,-30.0,
549792,-60.0,167.0
549795,-48.0,
549825,-73.0,
549839,-44.0,-31.0
549847,-31.0,
549862,-73.0,
549872,-55.0,
549873,-49.0,170.0
549887,-163.0,
549888,-46.0,209.0
549892,-43.0,90.0
549897,-58.0,
549898,-65.0,
549904,-18.0,
549907,-23.0,
549909,-148.0,
549913,-50.0,226.0
549918,-109.0,
549922,-106.0,-1.0
549928,-67.0,223.0
549951,-22.0,
549960,-53.0,
549973,-42.0,
550003,-107.0,
550018,-72.0,
550024,-36.0,103.0
550025,-60.0,
550026,-72.0,
550038,-22.0,
550046,-89.0,
550051,-67.0,99.0
550059,-29.0,
550064,-46.0,
550077,-55.0,
550081,-128.0,
550092,-65.0,
550095,-16.0,
550097,-88.0,
550098,-53.0,
550106,-65.0,124.0
550123,-58.0,
550142,-58.0,212.0
550163,-25.0,
550183,-67.0,54.0
550197,-78.0,
550205,-53.0,-47.0
550208,-71.0,37.0
550209,-60.0,
550245,-157.0,
550246,-21.0,86.0
550269,-32.0,
550272,-36.0,
550278,-65.0,51.0
550287,-46.0,
550322,-58.0,
550331,-203.0,
550342,-58.0,
550348,-55.0,
550354,-49.0,
550357,-28.0,
550358,-67.0,
550359,-95.0,44.0
550371,-55.0,
550377,-42.0,18.0
550380,-79.0,83.0
550381,-60.0,
550383,-51.0,
550393,-109.0,
550400,-49.0,
550403,-49.0,
550412,-38.0,
550420,-52.0,
550428,-30.0,
550429,-73.0,
550435,-21.0,
550470,-53.0,
550477,-11.0,
550495,-58.0,
550498,-40.0,
550515,-115.0,
550520,-18.0,
550521,-23.0,57.0
550545,-42.0,
550549,-9.0,
550556,-60.0,
550559,-19.0,46.0
550573,-32.0,
550597,-23.0,
550604,-16.0,
550610,-55.0,145.0
550613,-36.0,
550617,-52.0,
550638,-129.0,
550651,-52.0,
550657,-52.0,24.0
550662,-15.0,
550668,-46.0,
550676,-55.0,-29.0
550702,-30.0,
550703,-134.0,
550707,-55.0,
550708,-55.0,
550711,-21.0,
550725,-67.0,
550736,-25.0,
550758,-72.0,
550762,-22.0,
550763,-42.0,
550777,-16.0,89.0
550787,-16.0,
550792,-11.0,
550797,-58.0,
550802,-72.0,
550812,-36.0,226.0
550813,-72.0,
550814,-132.0,
550842,-59.0,-29.0
550853,-36.0,
550865,-29.0,
550866,-49.0,
550867,-16.0,174.0
550880,-38.0,
550893,-25.0,
550898,-48.0,
550903,-150.0,
550909,-67.0,
550921,-60.0,
550923,-29.0,
550925,-25.0,
550933,-58.0,
550941,-85.0,
550960,-21.0,115.0
550961,-43.0,
550963,-49.0,
550974,-67.0,
551000,-29.0,
551017,-114.0,
551027,-67.0,
551031,-19.0,
551032,-30.0,
551052,-52.0,57.0
551053,-29.0,163.0
551058,-30.0,
551061,-25.0,
551080,-58.0,
551109,-40.0,23.0
551115,-100.0,
551117,-98.0,8.0
551126,-29.0,
551129,-67.0,
551134,-58.0,47.0
551136,-28.0,37.0
551137,-55.0,51.0
551142,-50.0,165.0
551156,-46.0,57.0
551158,-22.0,29.0
551169,-58.0,
551171,-164.0,
551172,-53.0,18.0
551182,-144.0,76.0
551183,-60.0,
551190,-46.0,
551205,-136.0,
551212,-36.0,
551214,-29.0,
551219,-158.0,
551220,-8.0,
551234,-25.0,
551237,-23.0,2.0
551242,-102.0,
551245,-107.0,
551252,-156.0,
551258,-29.0,
551267,-27.0,
551274,-23.0,
551276,-122.0,
551277,-144.0,
551282,-36.0,
551287,-67.0,
551299,-57.0,
551304,-24.0,
551311,-65.0,
551332,-129.0,
551334,-48.0,
551340,-50.0,11.0
551347,-29.0,
551354,-67.0,
551373,-115.0,-8.0
551375,-34.0,
551389,-37.0,
551397,-50.0,
551399,-92.0,
551427,-82.0,
551430,-42.0,163.0
551440,-88.0,
551456,-81.0,
551478,-60.0,
551480,-16.0,
551482,-50.0,
551487,-16.0,
551492,-60.0,-11.0
551495,-58.0,
551500,-49.0,0.0
551504,-48.0,
551515,-60.0,30.0
551528,-29.0,88.0
551545,-79.0,
551550,-24.0,
551557,-156.0,
551562,-24.0,
551573,-22.0,
551576,-65.0,
551583,-9.0,
551589,-153.0,28.0
551595,-45.0,12.0
551601,-46.0,-17.0
551602,-55.0,
551604,-15.0,
551628,-35.0,18.0
551636,-54.0,101.0
551655,-15.0,206.0
551666,-49.0,88.0
551674,-202.0,-4.0
551688,-58.0,
551702,-49.0,222.0
551706,-21.0,
551714,-21.0,
551715,-11.0,
551716,-16.0,
551718,-29.0,
551724,-65.0,0.0
551730,-30.0,
551745,-51.0,
551759,-58.0,
551760,-131.0,
551762,-23.0,57.0
551764,-64.0,47.0
551770,-50.0,
551772,-31.0,
551774,-39.0,165.0
551791,-23.0,
551796,-48.0,
551802,-16.0,
551805,-24.0,
551812,-142.0,
551814,-25.0,
551823,-51.0,-12.0
551836,-22.0,
551856,-82.0,
551886,-52.0,
551891,-30.0,57.0
551895,-49.0,
551902,-74.0,
551906,-50.0,220.0
551922,-162.0,
551938,-48.0,
551953,-29.0,
551954,-25.0,
551979,-28.0,
551985,-24.0,
552003,-203.0,-25.0
552007,-52.0,
552017,-58.0,
552025,-55.0,142.0
552030,-36.0,57.0
552039,-60.0,
552041,-55.0,-22.0
552056,-55.0,57.0
552057,-36.0,
552067,-24.0,
552069,-25.0,57.0
552104,-144.0,
552110,-50.0,
552114,-23.0,
552116,-25.0,
552135,-15.0,
552142,-29.0,
552166,-36.0,
552173,-106.0,
552177,-28.0,
552192,-148.0,-7.0
552205,-36.0,
552220,-5.0,
552222,-52.0,212.0
552228,-60.0,
552234,-17.0,-1.0
552255,-58.0,-2.0
552273,-30.0,
552282,-186.0,
552284,-20.0,179.0
552313,-43.0,
552320,-46.0,
552327,-18.0,27.0
552339,-60.0,
552374,-21.0,
552395,-60.0,219.0
552399,-51.0,
552420,-44.0,223.0
552441,-51.0,
552450,-52.0,
552475,-155.0,12.0
552485,-22.0,
552486,-47.0,
552491,-53.0,
552498,-144.0,109.0
552509,-41.0,
552515,-36.0,
552535,-46.0,
552537,-56.0,
552560,-58.0,
552567,-59.0,
552580,-24.0,73.0
552590,-243.0,116.0
552614,-58.0,-26.0
552622,-25.0,
552635,-44.0,
552640,-59.0,4.0
552648,-58.0,
552656,-151.0,32.0
552661,-59.0,
552666,-43.0,94.0
552667,-59.0,
552698,-15.0,
552701,-50.0,
552708,-53.0,
552718,-58.0,
552719,-29.0,27.0
552721,-59.0,
552740,-59.0,116.0
552747,-134.0,
552749,-52.0,
552750,-151.0,
552789,-46.0,
552795,-24.0,
552822,-58.0,
552824,-50.0,
552826,-21.0,
552832,-140.0,
552834,-20.0,
552859,-55.0,
552865,-63.0,0.0
552883,-38.0,
552894,-22.0,
552896,-85.0,74.0
552898,2.0,
552902,-46.0,
552908,-28.0,110.0
552913,-50.0,
552914,-53.0,
552921,-22.0,
552929,-58.0,
552931,-52.0,-47.0
552939,-58.0,57.0
552955,-25.0,
552965,-57.0,
552987,-21.0,
552991,-20.0,
552999,-55.0,108.0
553000,-81.0,-7.0
553017,-21.0,
553021,-28.0,
553031,-147.0,
553032,-34.0,136.0
553047,-23.0,
553078,-38.0,
553100,-58.0,
553104,-34.0,
553125,-58.0,
553131,-55.0,
553155,-53.0,
553160,-22.0,
553170,-29.0,16.0
553187,-57.0,
553196,-50.0,-1.0
553220,-49.0,
553240,-20.0,-6.0
553253,-36.0,57.0
553262,-55.0,
553275,-36.0,
553280,-178.0,
553283,-32.0,
553284,-137.0,
553301,-70.0,
553320,-25.0,
553321,-43.0,
553325,-30.0,
553353,-37.0,
553364,-29.0,
553367,-36.0,
553382,-49.0,
553394,-28.0,
553404,-22.0,30.0
553410,-60.0,30.0
553425,-50.0,
553427,-88.0,
553437,-47.0,
553442,-44.0,
553443,-11.0,
553462,-16.0,
553487,-55.0,
553490,-53.0,
553500,-52.0,
553502,-52.0,
553508,-53.0,
553520,-53.0,83.0
553526,-43.0,-22.0
553528,-53.0,
553556,-156.0,-137.0
553568,-35.0,76.0
553572,-11.0,
553575,-29.0,
553576,-156.0,53.0
553599,-101.0,
553627,-28.0,27.0
553631,-34.0,-16.0
553640,-78.0,-11.0
553643,-102.0,
553649,-46.0,
553655,-28.0,
553716,-16.0,
553719,-149.0,
553727,-30.0,
553729,-36.0,
553733,-86.0,
553741,-25.0,206.0
553753,-58.0,12.0
553755,-30.0,
553763,-23.0,
553781,-25.0,
553800,-36.0,
553807,-30.0,143.0
553808,-32.0,
553813,-22.0,
553825,-149.0,
553831,-48.0,
553832,-106.0,
553834,-36.0,115.0
553840,-46.0,
553841,-15.0,
553856,-22.0,
553864,-23.0,5.0
553878,-50.0,
553893,-45.0,
553914,-170.0,-50.0
553938,-44.0,-1.0
553943,-30.0,
553963,-43.0,
553964,-36.0,
553992,-81.0,-66.0
554004,-120.0,
554038,-52.0,
554044,-29.0,
554045,-42.0,23.0
554046,-52.0,27.0
554048,-65.0,
554052,-129.0,
554063,-23.0,
554065,-46.0,
554068,-52.0,
554083,-24.0,
554132,-31.0,
554139,-15.0,
554141,-150.0,
554152,-30.0,-3.0
554161,-44.0,
554166,-23.0,
554174,-30.0,
554193,-22.0,
554203,-27.0,54.0
554205,-23.0,
554206,-51.0,
554215,-72.0,3.0
554226,-22.0,
554235,-44.0,228.0
554236,-46.0,
554243,-35.0,166.0
554245,-22.0,
554249,-44.0,-29.0
554256,-34.0,
554257,-95.0,
554266,-32.0,153.0
554276,-43.0,
554283,-202.0,
554289,-51.0,
554290,-28.0,-18.0
554294,-8.0,
554295,-23.0,
554297,-22.0,
554300,-43.0,
554314,-60.0,
554331,-23.0,
554336,-16.0,
554344,-23.0,
554352,-50.0,
554356,-58.0,
554362,-44.0,-5.0
554365,-50.0,122.0
554372,-49.0,
554374,-49.0,
554393,-15.0,
554407,-154.0,-8.0
554435,-28.0,
554444,-113.0,46.0
554446,-29.0,
554454,-36.0,-2.0
554459,-142.0,
554470,-67.0,
554476,-21.0,
554482,-36.0,2.0
554484,-50.0,
554512,-22.0,130.0
554525,-109.0,
554540,-38.0,
554545,-34.0,67.0
554551,-36.0,
554558,-49.0,
554574,-15.0,
554580,-4.0,
554583,-29.0,
554585,-128.0,34.0
554586,-74.0,
554587,-8.0,24.0
554588,-34.0,219.0
554592,-18.0,
554597,-141.0,-32.0
554599,-30.0,
554608,-50.0,
554620,-25.0,
554637,-46.0,27.0
554664,-25.0,
554691,-23.0,158.0
554712,-72.0,213.0
554729,-46.0,-16.0
554746,-113.0,
554748,-46.0,
554761,-15.0,
554766,-85.0,-9.0
554773,-46.0,
554783,-42.0,48.0
554795,-30.0,
554813,-15.0,
554818,-16.0,187.0
554830,-25.0,
554846,-36.0,
554852,-48.0,
554863,-45.0,
554870,-17.0,
554881,-46.0,
554885,-34.0,
554888,-23.0,30.0
554894,-46.0,
554898,-15.0,
554908,-25.0,
554919,-30.0,129.0
554920,-36.0,27.0
554923,-48.0,
554930,-4.0,186.0
554940,-29.0,
554946,-48.0,
554951,-64.0,
554967,-38.0,
554969,-97.0,
554986,-46.0,
554988,-24.0,129.0
554995,-29.0,
554998,-34.0,
554999,-5.0,234.0
555008,-46.0,
555015,-92.0,
555020,-130.0,-37.0
555022,-24.0,
555035,-28.0,200.0
555049,-142.0,
555051,-88.0,34.0
555059,-46.0,
555061,-38.0,
555086,-25.0,
555102,-25.0,
555110,-46.0,-1.0
555132,-92.0,169.0
555137,-81.0,
555144,-22.0,
555148,-46.0,27.0
555151,-28.0,27.0
555157,-46.0,
555168,-42.0,102.0
555178,-36.0,41.0
555212,-46.0,27.0
555228,-38.0,
555239,-60.0,
555250,-30.0,
555263,-29.0,
555277,-135.0,-71.0
555297,-25.0,5.0
555309,-30.0,
555316,-136.0,
555338,-42.0,-8.0
555346,-30.0,
555349,-34.0,
555360,-36.0,
555368,-141.0,51.0
555407,-46.0,
555408,-46.0,
555414,-36.0,
555422,-66.0,12.0
555428,-42.0,
555440,-154.0,116.0
555444,-44.0,
555446,-46.0,220.0
555447,-80.0,
555497,-44.0,
555498,-144.0,
555503,-16.0,
555539,-44.0,27.0
555552,-43.0,27.0
555603,-59.0,2.0
555604,-257.0,
555609,-30.0,158.0
555614,-81.0,
555619,-16.0,
555627,-43.0,
555636,-81.0,-52.0
555644,-81.0,
555653,-43.0,27.0
555667,-44.0,
555670,-34.0,
555672,-44.0,
555673,-42.0,
555674,-44.0,
555675,-44.0,
555691,-63.0,-8.0
555695,-34.0,
555706,-218.0,
555707,-43.0,27.0
555709,-43.0,202.0
555720,-124.0,
555721,-43.0,
555740,-34.0,
555747,-15.0,
555749,-31.0,
555756,-34.0,
555760,-24.0,
555765,-22.0,
555772,-43.0,
555786,-28.0,209.0
555789,-32.0,-8.0
555791,-95.0,
555827,-114.0,
555830,-42.0,-26.0
555837,-20.0,154.0
555838,-43.0,
555855,-46.0,
555860,-29.0,
555880,-12.0,
555884,-71.0,
555895,-95.0,69.0
555902,-16.0,
555909,-22.0,96.0
555925,-124.0,-25.0
555929,-135.0,
555930,-12.0,
555935,-21.0,209.0
555946,-34.0,
555953,-184.0,33.0
555989,-17.0,
555994,-31.0,
555995,-16.0,27.0
556004,-29.0,
556007,-115.0,-110.0
556012,-24.0,
556022,-42.0,
556030,-24.0,
556042,-141.0,86.0
556052,-57.0,12.0
556057,-93.0,
556062,-28.0,
556077,-36.0,17.0
556082,-23.0,
556089,-36.0,
556093,-21.0,53.0
556109,-89.0,
556121,-23.0,
556126,-28.0,152.0
556133,-36.0,
556134,-30.0,-16.0
556138,-28.0,136.0
556140,-123.0,
556153,-36.0,80.0
556165,-29.0,
556170,-93.0,55.0
556171,-25.0,
556175,-60.0,
556177,-22.0,
556185,-36.0,
556203,-36.0,27.0
556210,-28.0,
556211,-106.0,
556224,-30.0,
556228,-20.0,
556231,-29.0,
556246,-46.0,
556251,-34.0,
556275,-74.0,-66.0
556284,-15.0,
556290,-160.0,45.0
556292,-24.0,
556295,-21.0,
556301,-34.0,
556302,-34.0,
556308,-23.0,224.0
556318,-15.0,
556337,-30.0,
556349,-23.0,
556351,-21.0,
556354,-30.0,110.0
556360,-22.0,39.0
556362,-34.0,
556369,-27.0,94.0
556370,-34.0,
556373,-15.0,
556374,-24.0,172.0
556389,-30.0,
556391,-27.0,
556404,-34.0,88.0
556406,-29.0,
556408,-34.0,31.0
556416,-65.0,
556427,-107.0,241.0
556429,-15.0,
556440,-16.0,
556450,-74.0,
556463,-17.0,
556476,-17.0,
556481,-30.0,27.0
556489,-18.0,-11.0
556492,-21.0,166.0
556498,-25.0,
556502,-34.0,
556509,-43.0,
556514,-45.0,
556520,-169.0,
556521,-86.0,
556523,-19.0,
556539,-65.0,
556540,-12.0,
556542,-16.0,54.0
556553,-34.0,
556567,-22.0,
556568,-30.0,173.0
556575,-30.0,
556584,-16.0,
556585,-25.0,-15.0
556587,-28.0,
556592,-25.0,
556605,-22.0,
556637,-60.0,12.0
556639,-141.0,
556644,-67.0,
556645,-30.0,
556646,-31.0,
556648,-24.0,
556659,-27.0,
556660,-15.0,
556692,-30.0,168.0
556709,-43.0,
556713,-24.0,27.0
556721,-30.0,
556738,-74.0,
556739,-22.0,24.0
556742,-130.0,
556751,-49.0,208.0
556756,-30.0,
556774,-25.0,
556780,-23.0,
556783,-24.0,
556785,-22.0,
556788,-38.0,-14.0
556821,-176.0,-71.0
556824,-24.0,
556835,-30.0,
556836,-178.0,-25.0
556840,-29.0,109.0
556853,-67.0,
556858,-96.0,
556860,-30.0,
556863,-30.0,121.0
556865,-30.0,
556871,-30.0,
556876,-30.0,
556877,-30.0,111.0
556878,-30.0,
556880,-30.0,
556882,-30.0,45.0
556883,-30.0,
556887,-30.0,
556892,-30.0,
556898,-30.0,
556911,-27.0,68.0
556918,-16.0,
556924,-30.0,
556927,-24.0,-2.0
556929,-28.0,-18.0
556931,-29.0,
556934,-29.0,
556945,-24.0,
556959,-22.0,
556970,-21.0,
556972,-31.0,
556986,-30.0,179.0
556987,-30.0,
556988,-30.0,26.0
556990,-30.0,
556992,-30.0,
556997,-30.0,
556999,-30.0,
557005,-22.0,
557006,-30.0,
557012,-31.0,
557020,-24.0,
557024,-30.0,
557029,-116.0,
557031,-79.0,
557032,-30.0,
557040,-35.0,111.0
557044,-32.0,
557045,-29.0,
557053,-29.0,
557054,-25.0,
557057,-29.0,
557060,-29.0,
557083,-23.0,-17.0
557085,-32.0,
557089,-25.0,33.0
557129,-22.0,
557141,-110.0,-46.0
557145,-23.0,
557147,-44.0,
557155,-27.0,-11.0
557170,-22.0,27.0
557172,-29.0,
557177,-22.0,
557203,-23.0,
557220,-22.0,
557229,-115.0,
557232,-74.0,149.0
557237,-15.0,
557247,-15.0,213.0
557285,-25.0,
557290,-87.0,
557308,-22.0,
557314,-23.0,
557320,-29.0,-12.0
557325,-16.0,
557338,-28.0,-17.0
557345,-23.0,
557351,-29.0,
557358,-21.0,
557385,-149.0,
557388,-28.0,
557389,-81.0,
557395,-30.0,
557404,-17.0,
557415,-81.0,
557432,-22.0,
557445,-15.0,
557451,-28.0,
557467,-25.0,74.0
557469,-9.0,170.0
557474,-36.0,
557477,-22.0,
557481,-144.0,70.0
557490,-83.0,
557504,-28.0,37.0
557528,-21.0,
557542,-28.0,213.0
557545,-53.0,
557586,-16.0,
557588,-22.0,27.0
557594,-27.0,
557608,-155.0,110.0
557622,-27.0,
557650,-67.0,
557652,-32.0,
557655,-60.0,
557661,-73.0,
557694,-24.0,
557700,-34.0,46.0
557706,-28.0,-2.0
557708,-29.0,
557709,-25.0,125.0
557710,-28.0,
557729,-28.0,27.0
557735,-28.0,161.0
557742,-27.0,
557751,-22.0,206.0
557752,-25.0,174.0
557758,-25.0,
557764,-27.0,
557766,-87.0,
557773,-23.0,104.0
557775,-25.0,
557787,-16.0,
557792,-22.0,
557803,-25.0,
557811,-27.0,
557826,-27.0,72.0
557827,-22.0,
557830,-17.0,
557840,-25.0,
557846,-23.0,
557849,-24.0,-18.0
557850,-28.0,
557865,-21.0,
557877,-9.0,
557891,-25.0,
557894,-93.0,89.0
557908,-24.0,121.0
557911,-27.0,
557924,-25.0,
557935,-27.0,
557938,-23.0,27.0
557959,-32.0,
557968,-27.0,
557979,-15.0,
557995,-16.0,227.0
557997,-23.0,-15.0
558018,-25.0,
558021,-80.0,
558024,-22.0,
558029,-32.0,23.0
558035,-196.0,167.0
558040,-23.0,
558042,-23.0,
558044,-37.0,
558052,-29.0,55.0
558054,-52.0,
558066,-24.0,
558068,-24.0,
558075,-24.0,
558084,-72.0,
558090,-38.0,
558092,-23.0,
558098,-25.0,
558099,-23.0,
558104,-15.0,
558105,-44.0,
558113,-25.0,
558114,-23.0,
558121,-86.0,
558122,-54.0,
558123,-24.0,17.0
558134,-22.0,27.0
558140,-53.0,
558146,-22.0,27.0
558153,-25.0,
558163,-25.0,44.0
558168,-22.0,
558199,-22.0,57.0
558200,-25.0,
558205,-25.0,101.0
558208,-16.0,
558212,-15.0,27.0
558224,-25.0,
558231,-21.0,-2.0
558244,-12.0,88.0
558247,-25.0,
558250,-25.0,
558262,-23.0,
558280,-24.0,
558284,-129.0,37.0
558290,-24.0,
558292,-24.0,
558301,-92.0,
558308,-25.0,65.0
558309,-96.0,0.0
558317,-23.0,27.0
558324,-23.0,111.0
558326,-25.0,11.0
558333,-46.0,
558342,-131.0,16.0
558345,-44.0,
558354,-25.0,27.0
558373,-25.0,
558395,-25.0,27.0
558404,-22.0,203.0
558415,-25.0,
558435,-19.0,
558440,-24.0,
558444,-102.0,
558463,-144.0,
558471,-136.0,37.0
558484,-102.0,
558486,-4.0,
558488,-16.0,
558489,-23.0,
558492,-46.0,
558503,-22.0,
558509,-56.0,
558518,-25.0,
558533,-22.0,
558558,-25.0,
558595,-65.0,
558597,-24.0,
558602,-24.0,
558610,-15.0,158.0
558616,-53.0,
558622,-23.0,
558626,-23.0,48.0
558628,-22.0,
558629,-57.0,
558635,-166.0,
558645,-22.0,
558654,-25.0,101.0
558661,-37.0,
558662,-24.0,
558678,-25.0,
558689,-23.0,
558692,-24.0,
558701,-24.0,87.0
558702,-200.0,-30.0
558703,-24.0,
558705,-28.0,
558747,-23.0,
558755,-17.0,
558760,-22.0,
558764,-10.0,
558765,-38.0,
558769,-15.0,
558770,-24.0,
558772,-24.0,
558776,-24.0,88.0
558779,-24.0,
558787,-16.0,
558801,-24.0,
558806,-15.0,
558807,-24.0,173.0
558809,-24.0,
558817,-22.0,-8.0
558820,-9.0,
558829,-15.0,
558837,-24.0,
558839,-93.0,
558851,-24.0,
558854,-22.0,
558893,-32.0,
558903,-18.0,
558907,-23.0,
558909,-196.0,0.0
558914,-24.0,
558915,-22.0,
558921,-79.0,
558948,-22.0,
558954,-15.0,-9.0
558955,-22.0,
558957,-22.0,27.0
558962,-179.0,
558963,-22.0,
558965,-16.0,
558970,-22.0,
558974,-21.0,-5.0
558983,-78.0,
559004,-22.0,
559011,-20.0,86.0
559019,-21.0,27.0
559031,-18.0,
559058,-23.0,
559062,-21.0,
559065,-82.0,
559067,-52.0,182.0
559081,-22.0,
559090,-53.0,116.0
559096,-29.0,
559113,-7.0,
559123,-49.0,
559139,-24.0,44.0
559140,-100.0,
559155,-18.0,
559157,-24.0,209.0
559168,-65.0,
559173,-24.0,
559180,-24.0,
559225,-102.0,
559227,-24.0,27.0
559253,-22.0,
559261,-23.0,27.0
559282,-22.0,
559291,-21.0,-5.0
559293,-22.0,
559325,-15.0,
559328,-150.0,
559335,-18.0,
559336,-74.0,
559344,-116.0,-64.0
559350,-24.0,
559366,-2.0,
559381,-102.0,
559382,-31.0,
559389,-24.0,
559397,-24.0,
559405,-24.0,
559410,-21.0,
559414,-30.0,
559420,-24.0,
559423,-24.0,
559425,-24.0,76.0
559428,-38.0,
559440,-16.0,
559447,-56.0,
559449,-24.0,178.0
559451,-18.0,
559452,-24.0,
559454,-24.0,
559458,-24.0,
559459,-15.0,
559467,-29.0,
559469,-23.0,
559474,-18.0,
559475,-21.0,
559495,-23.0,
559496,-18.0,67.0
559518,-24.0,
559519,-35.0,
559540,-81.0,
559547,-163.0,17.0
559551,-43.0,
559573,-60.0,
559584,-25.0,
559589,-15.0,
559594,-22.0,
559595,-22.0,
559599,-124.0,-16.0
559603,-23.0,
559606,-23.0,
559608,-23.0,
559609,-23.0,
559610,-23.0,
559611,-21.0,
559612,-16.0,
559617,-31.0,
559642,-21.0,
559645,-29.0,
559651,-22.0,
559656,-22.0,27.0
559672,-16.0,
559680,-99.0,
559685,-28.0,
559688,-23.0,
559697,-12.0,102.0
559706,-23.0,
559707,-67.0,
559735,-43.0,150.0
559744,-21.0,
559754,-166.0,
559758,-35.0,
559760,-22.0,
559766,-24.0,
559768,-22.0,
559770,-23.0,
559785,-22.0,
559808,-9.0,
559813,-60.0,
559823,-22.0,
559826,-12.0,
559831,-35.0,
559838,-11.0,
559851,-32.0,
559852,-144.0,
559855,-32.0,124.0
559856,-21.0,
559861,-27.0,
559863,-35.0,
559872,-232.0,
559876,-131.0,
559882,-36.0,-15.0
559902,-49.0,
559903,-23.0,
559908,-37.0,
559912,-191.0,
559919,-86.0,
559930,-21.0,
559950,-22.0,
559973,-58.0,153.0
559977,-22.0,
559979,-149.0,
559989,-22.0,
559991,-22.0,
559992,-39.0,
559999,-85.0,40.0
560005,-16.0,158.0
560010,-22.0,
560012,-22.0,
560015,-36.0,
560022,-16.0,
560024,-21.0,
560030,-96.0,
560046,-20.0,
560047,-79.0,
560064,-114.0,
560065,-23.0,
560067,-16.0,
560072,-15.0,
560074,-144.0,
560075,-15.0,
560089,-128.0,
560102,-20.0,-1.0
560114,-20.0,
560117,-22.0,185.0
560127,-21.0,37.0
560160,-11.0,
560161,-22.0,27.0
560168,-17.0,
560170,5.0,
560179,-16.0,
560182,-21.0,
560185,-22.0,11.0
560197,-21.0,27.0
560199,-22.0,
560207,-18.0,
560208,-22.0,
560238,-88.0,
560240,-16.0,
560243,-38.0,
560260,-20.0,
560301,-23.0,
560311,-18.0,
560319,-15.0,
560326,-95.0,73.0
560328,-88.0,
560329,-122.0,
560335,-22.0,82.0
560347,-22.0,
560374,-24.0,
560381,-18.0,
560384,-15.0,12.0
560391,-22.0,
560399,-28.0,
560401,-25.0,
560404,-15.0,
560410,-15.0,102.0
560423,-34.0,72.0
560425,-21.0,
560430,-128.0,
560431,-20.0,
560443,-18.0,-3.0
560444,-20.0,
560455,-21.0,
560458,-21.0,-2.0
560459,-20.0,27.0
560468,-21.0,
560486,-178.0,
560490,-138.0,-23.0
560493,-37.0,
560494,-46.0,
560496,-18.0,79.0
560502,-31.0,
560536,-24.0,
560554,-28.0,
560559,-149.0,0.0
560567,-92.0,
560585,-20.0,
560592,-30.0,
560595,-52.0,47.0
560597,-162.0,
560636,-24.0,13.0
560643,-3.0,
560645,-113.0,
560652,-81.0,
560653,-96.0,
560659,-16.0,171.0
560670,-29.0,21.0
560676,-135.0,
560685,-22.0,
560703,-107.0,
560707,-8.0,
560723,-93.0,
560727,-178.0,
560734,-28.0,
560743,-20.0,142.0
560759,-156.0,
560765,-25.0,48.0
560772,-191.0,-4.0
560773,-149.0,
560784,-38.0,
560823,-16.0,12.0
560870,-38.0,161.0
560876,-19.0,
560879,-32.0,
560881,-35.0,
560891,-15.0,
560920,-149.0,32.0
560921,-23.0,
560924,-86.0,44.0
560928,-138.0,
560934,-30.0,
560944,-46.0,
560946,-8.0,
560948,-67.0,
560949,-45.0,
560951,-65.0,
560953,-45.0,10.0
560968,-19.0,
560970,-19.0,
561009,-43.0,
561031,-45.0,
561054,-52.0,
561060,-89.0,
561061,-211.0,
561068,-195.0,
561072,-38.0,
561088,-8.0,194.0
561113,-60.0,235.0
561138,-16.0,
561148,-79.0,
561161,-19.0,
561163,-26.0,
561164,-18.0,
561166,-19.0,
561167,-19.0,
561192,-100.0,
561195,-38.0,
561206,-24.0,
561208,-30.0,
561215,-57.0,44.0
561231,-45.0,
561268,-127.0,
561271,-148.0,
561272,-45.0,
561311,-36.0,
561312,-46.0,
561343,-15.0,
561363,-29.0,
561366,-9.0,56.0
561386,-29.0,
561413,-64.0,
561419,-58.0,
561437,-18.0,
561441,-28.0,152.0
561444,-18.0,
561445,-18.0,
561448,-18.0,
561452,-18.0,
561455,-18.0,
561457,-51.0,
561458,-18.0,
561459,-18.0,
561461,-18.0,
561467,-46.0,58.0
561476,-37.0,
561503,-65.0,69.0
561515,-137.0,
561519,-149.0,136.0
561534,-137.0,
561542,-67.0,
561549,-135.0,
561559,-123.0,
561560,-16.0,
561591,-109.0,
561608,-31.0,
561618,-70.0,
561640,-92.0,
561674,-164.0,85.0
561711,-16.0,
561713,-16.0,
561714,-144.0,
561715,-16.0,
561716,-16.0,
561718,-16.0,
561734,-16.0,226.0
561740,-109.0,34.0
561752,-153.0,
561773,-67.0,-16.0
561774,-102.0,
561787,-116.0,0.0
561796,-106.0,0.0
561798,-115.0,-17.0
561799,-54.0,
561807,-35.0,
561810,-116.0,
561819,-72.0,
561823,-202.0,163.0
561826,-38.0,
561841,-100.0,
561848,-15.0,226.0
561865,6.0,
561867,-8.0,
561868,-8.0,
561873,-11.0,
561874,-8.0,
561878,-11.0,
561879,-8.0,
561880,-8.0,144.0
561881,-88.0,
561884,-29.0,
561889,-11.0,
561904,-109.0,
561905,-109.0,206.0
561906,-113.0,40.0
561913,-107.0,
561929,-11.0,
561930,-196.0,
561932,-66.0,
561953,-31.0,
561955,-156.0,
561976,-8.0,
561978,-110.0,
561979,-31.0,
562064,-198.0,
562090,-63.0,
562096,-192.0,-114.0
562100,-42.0,122.0
562112,-171.0,
562139,-29.0,2.0
562146,-15.0,180.0
562239,-162.0,
562248,-107.0,
562267,-24.0,-1.0
562270,-124.0,
562287,-203.0,-7.0
562315,-172.0,3.0
562377,-115.0,
562428,-28.0,-9.0
562437,-58.0,
562438,-111.0,-7.0
562448,-18.0,
562450,-79.0,
562456,-59.0,
562460,-72.0,156.0
562465,-15.0,
562483,-15.0,
562489,-15.0,
562490,-151.0,212.0
562494,-15.0,208.0
562495,-11.0,
562548,-203.0,-53.0
562561,-38.0,23.0
562585,-145.0,128.0
562619,-114.0,54.0
562628,-102.0,
562632,-44.0,
562642,-64.0,
562643,-31.0,81.0
562675,-185.0,-95.0
562696,-81.0,
562708,-45.0,164.0
562728,-151.0,
562754,-153.0,
562758,-109.0,-39.0
562762,-72.0,-32.0
562763,-89.0,
562769,-92.0,-22.0
562783,-15.0,108.0
562825,-22.0,
562827,-81.0,94.0
562857,-75.0,
562884,-148.0,
562890,-151.0,5.0
562913,-106.0,
562917,-4.0,222.0
562920,-59.0,
562929,-156.0,48.0
562990,-155.0,
563014,-51.0,133.0
563016,-103.0,
563019,-31.0,
563020,-46.0,93.0
563022,-149.0,0.0
563027,-60.0,
563046,-85.0,
563051,-102.0,
563063,-130.0,-11.0
563081,-54.0,
563108,-53.0,
563157,-1.0,125.0
563174,-53.0,
563196,-154.0,213.0
563230,-249.0,
563239,-74.0,-50.0
563299,-121.0,
563301,-75.0,
563302,-30.0,
563321,-21.0,
563330,-8.0,
563363,-8.0,
563374,-29.0,
563413,-124.0,
563414,-115.0,
563418,-102.0,
563430,-57.0,0.0
563453,-39.0,
563487,-67.0,
563503,-192.0,-7.0
563534,-93.0,149.0
563556,-106.0,-1.0
563595,-14.0,
563612,-29.0,
563631,-44.0,
563636,-92.0,
563666,-30.0,
563675,-25.0,
563706,-196.0,
563710,-38.0,-1.0
563718,-24.0,139.0
563733,-29.0,
563735,-36.0,
563742,-136.0,165.0
563754,-89.0,
563763,-144.0,
563769,-51.0,
563770,-26.0,
563783,-144.0,
563787,-81.0,
563794,-29.0,
563813,-78.0,0.0
563819,-65.0,
563820,-31.0,
563822,-88.0,
563823,-61.0,
563845,-85.0,
563847,-38.0,96.0
563862,-37.0,
563874,-5.0,
563877,-5.0,
563878,-5.0,
563879,-5.0,
563888,-101.0,223.0
563902,-28.0,18.0
563920,-67.0,
563945,-65.0,-24.0
563951,-113.0,-4.0
563967,-73.0,
563971,-121.0,
563986,-143.0,
563987,-124.0,
563990,-96.0,157.0
564000,-23.0,156.0
564081,-17.0,
564105,-15.0,
564115,-127.0,
564119,-65.0,
564129,-35.0,
564144,-36.0,
564190,-38.0,5.0
564213,-38.0,
564243,-7.0,
564245,-49.0,
564262,-124.0,
564268,-49.0,
564278,-63.0,
564300,-183.0,-123.0
564325,-130.0,44.0
564356,-95.0,
564409,-138.0,
564437,-115.0,
564444,-46.0,9.0
564445,-149.0,
564450,-43.0,
564454,-74.0,
564460,-61.0,19.0
564465,-1.0,
564562,-88.0,34.0
564596,-123.0,237.0
564609,-65.0,
564617,-7.0,
564626,-17.0,
564632,-29.0,
564643,-25.0,10.0
564649,-18.0,
564700,17.0,
564702,-136.0,
564712,-79.0,156.0
564714,-71.0,
564734,-30.0,
564770,-59.0,84.0
564791,-196.0,-92.0
564792,-58.0,
564810,-134.0,-50.0
564821,-149.0,111.0
564841,-263.0,-29.0
564894,-22.0,
564898,-121.0,
564906,-106.0,
564930,-45.0,-24.0
564931,-129.0,173.0
564933,-70.0,
564944,-86.0,10.0
564958,-29.0,
564970,-80.0,9.0
564972,-74.0,19.0
564981,-74.0,
565002,-23.0,
565006,-71.0,
565008,-107.0,-15.0
565009,-261.0,
565017,-51.0,
565035,-42.0,
565066,-135.0,167.0
565109,-25.0,
565158,-144.0,
565175,-88.0,
565182,-37.0,
565209,-67.0,
565222,-67.0,
565257,-134.0,0.0
565273,-161.0,
565275,-143.0,-66.0
565301,-151.0,
565344,-53.0,
565348,-36.0,156.0
565373,-85.0,
565393,-156.0,
565399,-17.0,
565402,-31.0,6.0
565446,-21.0,
565469,-195.0,97.0
565474,-127.0,12.0
565513,-59.0,
565518,-174.0,-124.0
565525,-45.0,
565526,-81.0,35.0
565561,-185.0,
565570,-106.0,
565575,-39.0,
565576,-155.0,
565582,-43.0,
565587,-150.0,
565599,-131.0,
565605,-56.0,
565607,-17.0,
565608,-141.0,0.0
565640,-52.0,
565653,-117.0,229.0
565657,-29.0,
565662,-81.0,-74.0
565698,-73.0,
565707,-109.0,-80.0
565715,-28.0,
565743,-1.0,
565819,-165.0,-50.0
565838,-44.0,
565840,-24.0,
565849,-11.0,
565851,-58.0,
565869,-24.0,
565870,16.0,
565883,-96.0,
565888,-18.0,
565892,-124.0,
565919,-88.0,
565952,-28.0,
565977,-149.0,-52.0
565988,-100.0,
565990,-143.0,
565993,-31.0,
565997,-81.0,157.0
566009,-149.0,
566071,-32.0,
566133,-149.0,
566134,-95.0,223.0
566135,-22.0,
566153,-45.0,16.0
566172,-162.0,58.0
566181,-113.0,
566183,-67.0,
566185,-156.0,
566201,-190.0,
566240,-17.0,
566270,-102.0,
566279,-21.0,
566300,-87.0,
566306,-146.0,-33.0
566310,-57.0,
566337,-57.0,
566339,-43.0,
566346,-107.0,
566358,-125.0,
566369,-25.0,
566381,-124.0,
566392,-144.0,
566407,-43.0,
566415,-22.0,
566422,-40.0,
566428,-22.0,
566445,-198.0,-15.0
566447,-59.0,
566460,-75.0,
566464,-44.0,
566465,-107.0,
566482,-145.0,165.0
566512,-10.0,
566553,-49.0,66.0
566560,-64.0,-54.0
566603,-58.0,-1.0
566652,-75.0,
566664,-78.0,
566669,-36.0,
566670,-108.0,
566675,-185.0,0.0
566694,-79.0,
566704,-171.0,23.0
566712,-35.0,11.0
566715,-24.0,
566720,-67.0,
566788,-86.0,
566795,-131.0,
566810,-156.0,
566813,-63.0,
566814,-158.0,
566817,-136.0,
566818,-10.0,
566823,-154.0,139.0
566863,-92.0,
566871,-25.0,
566872,-149.0,67.0
566923,-66.0,
566938,-87.0,
566963,-109.0,
566970,-179.0,12.0
566973,-67.0,
566979,-201.0,
567009,-39.0,
567013,-17.0,
567033,-101.0,
567048,-136.0,
567059,-129.0,2.0
567145,-149.0,0.0
567152,-60.0,
567160,-20.0,
567165,-109.0,
567167,-121.0,
567168,-268.0,24.0
567176,-99.0,62.0
567211,-106.0,
567213,-85.0,79.0
567222,-17.0,
567223,-136.0,
567246,-51.0,-7.0
567262,-43.0,
567273,-76.0,-60.0
567281,-22.0,12.0
567285,-78.0,
567292,-81.0,
567304,-36.0,
567312,-96.0,
567325,-78.0,
567363,-27.0,
567402,-100.0,
567417,-151.0,
567429,-149.0,
567451,-134.0,
567500,-2.0,
567595,-40.0,
567597,-51.0,
567598,-135.0,-36.0
567627,-144.0,
567629,-78.0,
567676,-53.0,
567681,-168.0,86.0
567719,-115.0,
567752,-156.0,
567754,-9.0,
567757,-53.0,
567779,-116.0,
567808,-22.0,
567831,-127.0,
567859,-43.0,
567873,-79.0,
567880,-185.0,
567888,-156.0,
567889,-32.0,
567892,-149.0,
567896,-122.0,
567901,-191.0,
567915,-136.0,
567922,-49.0,-22.0
567925,-144.0,-16.0
567926,-24.0,-15.0
567929,-28.0,
567950,-22.0,
567958,-134.0,
567963,-52.0,
567970,-58.0,
567979,-31.0,
567987,-156.0,
568019,-25.0,
568042,-153.0,
568043,-66.0,
568045,-49.0,-7.0
568047,-186.0,
568068,-78.0,
568074,-35.0,
568084,-31.0,
568103,-99.0,
568118,-50.0,
568132,-144.0,
568153,-67.0,
568184,-24.0,
568196,-143.0,
568204,-149.0,
568207,-30.0,
568223,-132.0,
568232,-142.0,
568234,-117.0,
568288,-67.0,
568293,-130.0,-29.0
568296,-151.0,-92.0
568297,-71.0,
568307,-115.0,108.0
568333,-123.0,
568370,-106.0,145.0
568381,-96.0,
568415,-63.0,170.0
568422,-66.0,
568443,-140.0,-103.0
568444,-28.0,30.0
568446,-63.0,
568447,-16.0,12.0
568450,-195.0,
568474,-141.0,
568502,-32.0,
568523,-117.0,-9.0
568533,-63.0,
568539,-42.0,
568551,-62.0,
568559,-71.0,
568566,-101.0,
568572,-85.0,-67.0
568578,-163.0,
568580,-67.0,-53.0
568592,-53.0,
568596,-16.0,167.0
568598,-120.0,
568601,-30.0,128.0
568602,-195.0,137.0
568609,-44.0,132.0
568631,-40.0,143.0
568644,-44.0,
568668,-72.0,
568686,-44.0,
568691,-113.0,
568741,-70.0,158.0
568749,-163.0,
568751,,146.0
568763,-38.0,
568767,-32.0,
568774,-170.0,
568775,-179.0,109.0
568813,-149.0,
568835,-116.0,
568852,-94.0,
568857,-35.0,-23.0
568863,-29.0,
568910,-81.0,
568948,-186.0,
568954,-36.0,
568963,-161.0,
568968,-32.0,
568973,-43.0,
568987,-194.0,170.0
568998,-121.0,34.0
569016,-59.0,
569034,-49.0,
569035,-72.0,
569049,-93.0,61.0
569065,-81.0,
569070,-150.0,-17.0
569074,-89.0,109.0
569080,-122.0,
569084,-40.0,
569093,-17.0,
569107,-74.0,
569108,-45.0,
569132,-149.0,
569141,-191.0,
569157,-94.0,-68.0
569167,-195.0,
569199,-89.0,0.0
569225,-31.0,
569253,-25.0,
569256,-63.0,-10.0
569277,-51.0,
569279,-25.0,
569334,-149.0,
569342,-10.0,
569358,-12.0,
569372,-24.0,
569374,-17.0,
569381,-116.0,-22.0
569426,-176.0,-44.0
569474,-149.0,
569490,-145.0,
569505,-60.0,
569507,-132.0,
569511,-45.0,
569556,-81.0,11.0
569560,-32.0,
569566,-30.0,
569589,-128.0,
569595,-32.0,
569609,-124.0,
569620,-52.0,
569625,-196.0,
569633,-32.0,
569660,-156.0,-12.0
569663,-36.0,
569664,-51.0,
569672,-134.0,
569679,-134.0,
569694,-165.0,
569706,-29.0,
569712,-149.0,
569729,-22.0,
569737,-67.0,
569743,-198.0,-26.0
569745,-150.0,12.0
569749,-162.0,53.0
569761,-29.0,
569783,-24.0,79.0
569807,-164.0,157.0
569840,-94.0,
569854,-144.0,
569857,-205.0,233.0
569862,-51.0,
569864,-29.0,
569876,-18.0,
569891,-180.0,-7.0
569928,-156.0,
569930,-92.0,
569935,-203.0,
569944,-20.0,
569953,-78.0,
569970,-18.0,
569974,-81.0,
569978,-81.0,
569981,-66.0,
569984,-26.0,
569994,-63.0,
570004,-101.0,87.0
570023,-102.0,61.0
570031,-15.0,
570045,-59.0,
570049,-46.0,
570061,-95.0,
570113,-45.0,31.0
570119,-49.0,
570133,-65.0,-33.0
570137,-107.0,
570141,-39.0,
570157,-85.0,
570168,-120.0,
570177,-134.0,16.0
570186,-67.0,100.0
570213,-81.0,
570215,-72.0,
570237,-26.0,
570239,-89.0,
570264,-24.0,
570271,-144.0,
570273,-59.0,
570275,-45.0,
570278,-107.0,6.0
570280,-45.0,174.0
570287,-24.0,
570317,-24.0,
570319,-151.0,-129.0
570351,-193.0,
570377,-74.0,123.0
570401,-93.0,-46.0
570403,-108.0,
570410,-58.0,
570411,-30.0,
570414,-94.0,
570428,-149.0,
570437,-47.0,
570448,-95.0,
570453,-81.0,
570455,-28.0,
570484,-147.0,
570488,-32.0,144.0
570491,-34.0,
570514,-60.0,46.0
570515,-158.0,
570517,-49.0,
570519,-154.0,
570529,-29.0,
570531,-49.0,
570550,-150.0,
570623,-109.0,
570626,-193.0,
570627,-52.0,
570630,-37.0,
570671,-172.0,
570689,-143.0,128.0
570692,-157.0,46.0
570717,-195.0,
570721,-321.0,-113.0
570732,-179.0,
570757,-22.0,
570759,-158.0,
570783,-156.0,
570801,-26.0,
570807,-28.0,
570862,-49.0,0.0
570863,-102.0,
570864,-15.0,
570871,-37.0,
570872,-116.0,
570878,-149.0,
570895,-23.0,
570896,-198.0,
570954,-10.0,143.0
570967,-157.0,
570970,-63.0,-3.0
570978,-193.0,
570985,-155.0,
570997,-121.0,45.0
571000,-26.0,-10.0
571008,-17.0,34.0
571019,-149.0,
571022,-183.0,
571025,-211.0,209.0
571044,-144.0,-142.0
571050,-64.0,
571055,-49.0,
571074,-31.0,
571079,-38.0,-4.0
571083,-49.0,
571089,-78.0,
571117,-35.0,
571128,-25.0,14.0
571129,-29.0,
571131,-156.0,
571143,-144.0,
571186,-191.0,
571190,-85.0,
571223,-24.0,
571233,-25.0,128.0
571242,-151.0,
571276,-213.0,-179.0
571292,-73.0,100.0
571316,-101.0,
571334,-74.0,
571355,-158.0,
571359,-23.0,
571363,-129.0,
571365,-28.0,17.0
571380,-29.0,
571382,-156.0,-80.0
571389,-22.0,39.0
571395,-87.0,
571397,-47.0,
571441,-92.0,
571443,-150.0,
571448,-130.0,
571451,-92.0,
571458,-109.0,
571490,-35.0,
571503,-65.0,
571512,-56.0,
571516,-108.0,
571540,-18.0,-3.0
571554,-28.0,
571571,-128.0,
571575,-58.0,32.0
571577,-157.0,
571583,-63.0,
571595,-106.0,
571601,-79.0,19.0
571610,-185.0,
571612,-53.0,146.0
571614,-108.0,
571617,-190.0,-109.0
571620,-154.0,
571622,-123.0,
571630,-144.0,39.0
571638,-99.0,
571640,-156.0,
571641,-74.0,
571644,-128.0,
571650,-196.0,
571672,-31.0,
571681,-191.0,
571682,-203.0,-156.0
571686,-81.0,
571693,-94.0,
571696,-156.0,
571702,-185.0,12.0
571710,-134.0,0.0
571711,-191.0,41.0
571716,-92.0,
571732,-322.0,-317.0
571754,-136.0,-68.0
571757,-156.0,
571765,-122.0,
571768,-151.0,
571770,-174.0,-96.0
571776,-169.0,
571779,-35.0,
571787,-31.0,
571789,-22.0,101.0
571794,-196.0,-136.0
571800,-143.0,
571802,-144.0,
571808,-58.0,
571815,-5.0,
571818,-144.0,
571828,-149.0,
571831,-196.0,
571833,-101.0,
571844,-109.0,84.0
571859,-144.0,
571862,-149.0,
571868,-79.0,5.0
571871,-164.0,
571880,-66.0,
571883,-163.0,
571885,-66.0,
571893,-117.0,
571896,-172.0,
571897,-74.0,
571907,-109.0,
571921,-186.0,
571926,-195.0,
571927,-149.0,
571932,-53.0,-9.0
571935,-154.0,0.0
571946,-239.0,-1.0
571950,-103.0,152.0
571951,-156.0,
571952,-124.0,
571954,-110.0,
571962,-99.0,
571963,-71.0,10.0
571973,-196.0,
571992,-42.0,
571994,-195.0,-117.0
572003,-149.0,
572011,-195.0,
572021,-71.0,
572024,-102.0,
572029,-149.0,0.0
572032,-162.0,
572036,-67.0,
572038,-200.0,-92.0
572043,-54.0,-11.0
572047,-72.0,
572051,-138.0,
572053,-184.0,
572054,-144.0,0.0
572060,-155.0,
572067,-149.0,
572071,-92.0,166.0
572074,-101.0,
572076,-162.0,
572080,-72.0,
572087,-192.0,48.0
572089,-172.0,-40.0
572098,-150.0,
572101,-161.0,
572103,-36.0,
572106,-160.0,
572116,-173.0,
572119,-122.0,
572124,-67.0,
572125,-60.0,
572128,-138.0,26.0
572131,-46.0,
572134,-151.0,
572143,-156.0,59.0
572146,-144.0,
572149,-164.0,
572154,-87.0,96.0
572156,-141.0,
572163,-85.0,164.0
572168,-185.0,151.0
572173,-31.0,
572179,-65.0,199.0
572186,-185.0,0.0
572187,-82.0,
572199,-72.0,
572209,-59.0,38.0
572213,-191.0,101.0
572231,-80.0,
572233,-151.0,
572235,-80.0,142.0
572241,-155.0,
572249,-172.0,
572250,-144.0,
572265,-73.0,184.0
572270,-102.0,
572274,-148.0,
572277,-67.0,
572279,-144.0,
572280,-192.0,
572281,-99.0,5.0
572290,-73.0,
572302,-149.0,143.0
572303,-109.0,
572304,-157.0,
572306,-154.0,
572335,-29.0,
572338,-145.0,
572339,-50.0,67.0
572346,-130.0,
572348,-116.0,
572367,-138.0,
572370,-23.0,-11.0
572371,-144.0,201.0
572378,-207.0,-128.0
572382,-157.0,
572388,-145.0,
572395,-193.0,58.0
572396,-185.0,
572397,-101.0,
572401,-78.0,
572403,-31.0,
572410,-172.0,
572413,-144.0,-40.0
572414,-114.0,143.0
572416,-149.0,
572430,-109.0,
572431,-202.0,
572434,-120.0,
572436,-1.0,
572438,-269.0,
572447,-44.0,
572452,-116.0,
572457,-143.0,
572460,-202.0,
572470,-145.0,
572471,-41.0,
572493,-85.0,
572495,-149.0,122.0
572496,-144.0,
572504,-195.0,
572505,-53.0,
572508,-157.0,
572514,-38.0,
572515,-156.0,
572532,-195.0,97.0
572537,-141.0,
572538,-130.0,
572548,-151.0,-100.0
572554,-195.0,62.0
572560,-106.0,
572567,-72.0,211.0
572570,-144.0,
572584,-121.0,
572588,-89.0,
572589,-149.0,227.0
572599,-29.0,40.0
572602,-124.0,
572620,-130.0,-11.0
572626,-179.0,-18.0
572634,-148.0,
572648,-135.0,
572652,-158.0,
572658,-191.0,0.0
572659,-190.0,102.0
572663,-42.0,
572688,-200.0,
572697,-137.0,
572698,-200.0,-38.0
572702,-193.0,
572714,-172.0,
572716,-248.0,
572718,-144.0,
572722,-30.0,-1.0
572730,-99.0,
572733,-96.0,
572735,-200.0,
572739,-32.0,223.0
572746,-101.0,77.0
572751,-192.0,
572752,-191.0,
572754,-197.0,
572765,-138.0,
572769,-149.0,
572770,-179.0,178.0
572774,-151.0,
572783,-193.0,
572804,-221.0,86.0
572806,-142.0,
572816,-38.0,44.0
572832,-115.0,
572845,-185.0,
572854,-155.0,
572860,-148.0,
572870,-248.0,
572871,-144.0,114.0
572874,-124.0,
572880,-131.0,229.0
572891,-190.0,
572898,-176.0,
572900,-156.0,-88.0
572909,-151.0,
572910,-191.0,0.0
572918,-149.0,
572919,-21.0,
572924,-25.0,
572937,-88.0,
572944,-179.0,
572949,-135.0,120.0
572952,-87.0,-6.0
572976,-135.0,
572981,-190.0,-65.0
572987,-215.0,-50.0
573000,-73.0,-64.0
573007,-71.0,234.0
573043,-32.0,
573054,-43.0,
573063,-107.0,
573072,-120.0,-2.0
573093,-191.0,
573108,-72.0,108.0
573110,-134.0,101.0
573126,-122.0,
573130,-120.0,
573131,-11.0,
573134,-135.0,
573150,-107.0,
573152,-30.0,
573153,-185.0,
573159,-191.0,103.0
573166,-92.0,
573173,-149.0,
573197,-273.0,69.0
573199,-127.0,
573200,-170.0,
573208,-96.0,
573214,-130.0,
573217,-28.0,
573223,-129.0,
573224,-59.0,
573225,-49.0,
573235,-198.0,58.0
573242,-157.0,-14.0
573244,-144.0,-23.0
573245,-138.0,
573252,-25.0,40.0
573275,-29.0,
573280,-138.0,
573284,-176.0,-73.0
573291,-150.0,129.0
573292,-174.0,
573294,-70.0,
573297,-60.0,
573307,-149.0,30.0
573317,-43.0,
573320,-4.0,
573321,-46.0,
573323,-123.0,
573328,-129.0,
573331,-151.0,
573336,-92.0,
573377,-29.0,
573409,-156.0,0.0
573411,-143.0,
573431,-191.0,-124.0
573433,-120.0,
573434,-190.0,
573440,-43.0,
573441,-51.0,101.0
573453,-130.0,
573460,-86.0,
573462,-59.0,
573464,-103.0,
573467,-90.0,
573473,-115.0,
573481,-191.0,67.0
573485,-144.0,0.0
573487,-30.0,
573488,-23.0,
573496,-141.0,
573503,-25.0,74.0
573510,-103.0,
573519,-154.0,
573534,-36.0,
573541,-177.0,-123.0
573547,-96.0,-7.0
573549,-80.0,
573550,-58.0,
573554,-88.0,
573558,-95.0,
573578,-66.0,
573583,-24.0,
573593,-136.0,
573600,-34.0,209.0
573602,-192.0,
573639,-124.0,
573646,-139.0,151.0
573654,-136.0,
573662,-127.0,
573665,-22.0,-10.0
573666,-42.0,
573674,-85.0,
573678,-58.0,
573683,-190.0,-12.0
573689,-157.0,
573694,-30.0,90.0
573696,-100.0,
573697,-144.0,110.0
573701,-96.0,107.0
573704,-136.0,
573709,-45.0,-37.0
573712,-149.0,102.0
573713,-149.0,
573742,-184.0,
573758,-136.0,0.0
573766,-127.0,
573777,-86.0,
573780,-81.0,
573790,-92.0,
573806,-51.0,
573810,-149.0,0.0
573821,-165.0,
573824,-138.0,102.0
573831,-162.0,
573834,-128.0,
573845,-53.0,
573851,-17.0,
573853,-95.0,
573858,-114.0,
573860,-191.0,
573864,-59.0,
573873,-120.0,
573893,-67.0,
573900,-31.0,
573901,-144.0,
573920,-80.0,
573922,-149.0,-50.0
573924,-73.0,
573934,-113.0,
573944,-73.0,18.0
573951,-148.0,
573969,-65.0,
573970,-149.0,-50.0
573986,-53.0,
574002,-143.0,
574028,-22.0,
574029,-161.0,12.0
574031,-154.0,
574035,-192.0,
574038,-92.0,
574051,-92.0,
574053,-149.0,0.0
574056,-190.0,
574057,-61.0,
574063,-162.0,
574065,-144.0,
574068,-64.0,4.0
574070,-109.0,
574078,-190.0,
574088,-65.0,
574098,-148.0,
574099,-109.0,163.0
574101,-190.0,
574125,-190.0,
574146,-35.0,-12.0
574181,-164.0,-7.0
574190,-12.0,136.0
574194,-120.0,
574207,-136.0,
574212,-88.0,
574221,-44.0,
574232,-101.0,-22.0
574237,-149.0,-51.0
574238,-148.0,
574244,-109.0,
574245,-72.0,
574250,-57.0,
574253,-162.0,
574259,-165.0,
574264,-32.0,-23.0
574276,-141.0,-1.0
574282,-29.0,37.0
574283,-149.0,
574305,-88.0,-46.0
574306,-30.0,-12.0
574310,-137.0,
574315,-144.0,
574319,-125.0,0.0
574320,-73.0,
574325,-8.0,
574330,-151.0,132.0
574347,-32.0,
574348,-57.0,
574351,-67.0,
574382,-148.0,
574399,-149.0,
574418,-185.0,
574431,-30.0,
574446,-144.0,
574470,-141.0,91.0
574498,-66.0,
574504,-38.0,
574505,-153.0,
574507,-80.0,
574508,-25.0,
574512,-123.0,
574523,-100.0,25.0
574527,-80.0,
574529,-157.0,
574534,-67.0,
574549,-109.0,
574551,-107.0,
574553,-127.0,-7.0
574564,-263.0,0.0
574565,-84.0,
574569,-227.0,
574570,-153.0,
574580,-141.0,
574586,-65.0,
574590,-68.0,
574591,-67.0,-1.0
574605,-96.0,
574606,-42.0,201.0
574608,-94.0,
574612,-147.0,
574623,-157.0,
574627,-148.0,198.0
574637,-17.0,
574638,-46.0,4.0
574642,-26.0,193.0
574648,-144.0,
574663,-22.0,44.0
574664,-149.0,
574665,-191.0,-116.0
574670,-176.0,0.0
574671,-261.0,
574674,-96.0,-50.0
574681,-134.0,
574683,-44.0,
574695,-87.0,130.0
574705,-151.0,
574708,-136.0,
574720,-59.0,
574722,-60.0,
574727,-100.0,-14.0
574730,-141.0,
574732,-144.0,
574735,-95.0,202.0
574737,-74.0,0.0
574743,-151.0,
574748,-102.0,-60.0
574766,-184.0,
574783,-179.0,0.0
574810,-29.0,48.0
574815,-184.0,97.0
574817,-4.0,
574819,-142.0,
574820,-81.0,235.0
574830,-88.0,
574841,-45.0,
574842,-36.0,
574843,-120.0,163.0
574845,-113.0,
574849,-23.0,
574856,-93.0,
574857,-151.0,
574860,-148.0,-7.0
574865,-136.0,
574866,-156.0,121.0
574871,-134.0,109.0
574873,-137.0,
574874,-185.0,
574888,-129.0,
574891,37.0,119.0
574895,-163.0,
574909,-27.0,
574919,-174.0,72.0
574928,-100.0,
574935,-35.0,40.0
574938,-81.0,
574944,-73.0,79.0
574948,-97.0,
574950,-136.0,-14.0
574955,-46.0,
574957,-86.0,
574960,-135.0,
574962,-185.0,-178.0
574973,-58.0,
574983,-22.0,
574988,-134.0,
574998,-148.0,11.0
575000,-124.0,
575003,-107.0,93.0
575009,-162.0,
575018,-124.0,
575019,-100.0,0.0
575039,-16.0,
575047,-127.0,
575061,-66.0,
575066,-67.0,
575069,-53.0,
575080,-168.0,132.0
575089,-149.0,
575100,-88.0,
575112,-74.0,
575124,-149.0,
575136,-145.0,
575162,-27.0,
575166,-74.0,
575186,-148.0,
575192,-36.0,
575199,-28.0,
575200,-60.0,73.0
575207,-184.0,6.0
575208,-38.0,75.0
575213,-171.0,123.0
575214,-79.0,
575217,-25.0,
575241,-132.0,
575251,-61.0,90.0
575258,-156.0,
575265,-149.0,
575272,-84.0,-38.0
575281,-31.0,
575282,-12.0,
575287,-268.0,-2.0
575290,-67.0,
575302,-85.0,
575318,-184.0,
575324,-24.0,
575336,-122.0,
575337,-51.0,118.0
575343,-184.0,
575355,-145.0,
575365,-156.0,-7.0
575372,-184.0,
575376,-164.0,
575380,-49.0,
575385,-176.0,
575387,-148.0,
575398,-35.0,178.0
575401,-138.0,
575404,-70.0,
575411,-74.0,
575419,-129.0,
575421,-179.0,-103.0
575423,-144.0,39.0
575431,-88.0,
575454,-18.0,
575459,-117.0,73.0
575469,-144.0,-50.0
575473,-24.0,
575476,-149.0,26.0
575480,-3.0,
575488,-103.0,
575493,-109.0,230.0
575512,-184.0,
575520,-101.0,-24.0
575533,-30.0,0.0
575545,-59.0,
575553,-37.0,
575554,-129.0,
575559,-49.0,
575560,-144.0,
575566,-157.0,
575601,-63.0,135.0
575602,-248.0,
575603,-29.0,
575623,-93.0,
575630,-87.0,
575655,-183.0,-171.0
575672,-144.0,-1.0
575678,-71.0,
575680,-81.0,
575681,-117.0,
575685,-147.0,
575691,-134.0,
575693,-12.0,128.0
575703,-116.0,
575709,-50.0,
575710,-29.0,11.0
575720,-190.0,
575733,-165.0,
575745,-144.0,
575762,-22.0,
575763,-148.0,
575764,-109.0,
575766,-151.0,
575773,-156.0,51.0
575777,-54.0,
575792,-61.0,
575794,-165.0,-17.0
575797,-164.0,
575798,-70.0,
575811,-60.0,193.0
575822,-113.0,
575824,-99.0,
575855,-186.0,-149.0
575875,-107.0,85.0
575892,-100.0,20.0
575897,-29.0,
575919,-38.0,
575927,-130.0,67.0
575929,-136.0,
575930,-136.0,
575941,-148.0,25.0
575956,-65.0,
575962,-151.0,
575967,-93.0,
575980,-31.0,12.0
575982,-30.0,
575983,-31.0,12.0
575984,-155.0,
575990,-109.0,83.0
575992,-136.0,-14.0
575999,-156.0,131.0
576031,-148.0,19.0
576032,-179.0,
576036,-74.0,
576040,-186.0,-7.0
576041,-24.0,
576046,-73.0,5.0
576083,-177.0,
576088,-96.0,
576097,-65.0,
576098,-149.0,-4.0
576107,-117.0,
576131,-67.0,102.0
576140,-85.0,18.0
576141,-137.0,
576143,-128.0,
576158,-109.0,
576159,-74.0,
576179,-268.0,-17.0
576191,-150.0,
576202,-109.0,
576203,-108.0,
576205,-138.0,
576226,-92.0,
576229,-38.0,
576231,-186.0,-82.0
576233,-143.0,
576251,-88.0,
576262,-32.0,200.0
576268,-162.0,
576281,-144.0,
576292,-141.0,
576298,-149.0,-8.0
576301,-176.0,0.0
576306,-60.0,
576314,-164.0,
576350,-103.0,
576368,-72.0,
576371,-29.0,
576375,-179.0,-163.0
576383,-37.0,
576390,-59.0,
576399,-149.0,
576405,-31.0,
576409,-60.0,-5.0
576413,-156.0,
576416,-60.0,187.0
576417,-165.0,
576423,-65.0,
576425,-109.0,
576431,-127.0,
576433,-32.0,
576439,-46.0,
576445,-134.0,
576447,-137.0,
576453,-185.0,
576455,-135.0,
576466,-65.0,65.0
576475,-67.0,
576481,-117.0,38.0
576483,-101.0,
576488,-53.0,
576492,-106.0,
576512,-22.0,
576513,-134.0,9.0
576515,-157.0,
576516,-109.0,
576518,-144.0,
576524,-79.0,
576541,-129.0,
576550,-144.0,-123.0
576557,-295.0,-232.0
576568,-144.0,
576584,-20.0,
576593,-22.0,
576600,-67.0,
576606,-74.0,72.0
576631,-74.0,
576654,-109.0,
576658,-28.0,-3.0
576664,-116.0,-46.0
576670,-149.0,0.0
576672,-149.0,
576681,-149.0,-15.0
576689,-131.0,
576704,-144.0,
576714,-25.0,135.0
576738,-258.0,
576750,-80.0,
576761,-38.0,
576765,-32.0,
576767,-44.0,
576780,-90.0,
576782,-41.0,
576789,-59.0,
576791,-127.0,
576813,-134.0,
576815,-134.0,
576827,-65.0,38.0
576834,-38.0,11.0
576841,-130.0,
576847,-142.0,
576856,-177.0,
576869,-291.0,-53.0
576876,-25.0,
576879,-174.0,
576882,-72.0,
576885,-45.0,
576888,-149.0,
576909,-35.0,
576913,-28.0,
576921,-172.0,
576923,-161.0,
576935,-107.0,
576940,-116.0,
576943,-146.0,-140.0
576946,-174.0,
576947,-31.0,
576948,-157.0,
576949,-185.0,
576962,-96.0,
576972,-127.0,166.0
576981,-123.0,
576983,-31.0,90.0
576985,-129.0,4.0
576996,-177.0,128.0
577000,-10.0,
577007,-109.0,58.0
577032,-109.0,
577035,-148.0,
577042,-144.0,
577049,-24.0,100.0
577069,-44.0,
577096,-142.0,
577099,-149.0,
577126,-156.0,
577136,-58.0,
577142,-134.0,138.0
577148,-108.0,
577149,-92.0,
577170,-137.0,
577196,-11.0,177.0
577200,-122.0,
577212,-74.0,
577215,-174.0,-100.0
577222,-107.0,
577235,-124.0,
577236,-127.0,
577239,-96.0,4.0
577245,-25.0,
577256,-53.0,
577273,-29.0,
577275,-22.0,
577279,-177.0,
577280,-63.0,
577286,-38.0,
577304,-86.0,
577347,-108.0,
577352,-172.0,76.0
577354,-65.0,40.0
577359,-107.0,11.0
577371,-107.0,-44.0
577376,-92.0,
577389,13.0,
577396,-169.0,73.0
577401,-136.0,185.0
577404,-176.0,
577414,-79.0,
577427,-124.0,
577429,-115.0,
577439,-78.0,
577449,-8.0,-5.0
577454,-109.0,77.0
577456,-137.0,
577458,-44.0,
577460,-64.0,
577464,-129.0,
577467,-51.0,
577471,-165.0,101.0
577474,-155.0,-1.0
577476,-149.0,
577498,-96.0,
577502,-107.0,
577520,-30.0,
577526,-94.0,
577527,-89.0,
577533,-172.0,98.0
577551,-148.0,
577558,-181.0,-93.0
577560,-148.0,
577562,-66.0,
577566,-28.0,
577570,-134.0,156.0
577600,-226.0,
577603,-138.0,-12.0
577605,-156.0,
577607,-128.0,
577618,-131.0,
577638,-155.0,205.0
577640,-79.0,227.0
577645,-114.0,
577648,-106.0,
577652,-45.0,224.0
577659,-132.0,101.0
577673,-141.0,-84.0
577676,-29.0,
577679,-25.0,-5.0
577680,-65.0,
577686,-31.0,
577688,-172.0,0.0
577692,-96.0,
577695,-124.0,9.0
577721,-144.0,20.0
577728,-72.0,
577735,-149.0,
577736,-130.0,0.0
577743,-80.0,
577751,-101.0,
577763,-99.0,
577764,-149.0,
577780,-155.0,
577784,-79.0,
577792,-12.0,
577795,-121.0,-59.0
577797,-172.0,101.0
577820,-151.0,
577824,-120.0,
577827,-58.0,
577867,-149.0,
577887,-149.0,33.0
577888,-141.0,
577905,-72.0,46.0
577914,-122.0,
577915,-16.0,
577922,-124.0,
577930,-179.0,9.0
577934,-162.0,-10.0
577937,-115.0,
577949,-115.0,
577950,-113.0,-3.0
577954,-73.0,210.0
577959,-102.0,
577965,-94.0,10.0
577977,-148.0,-12.0
577980,-85.0,
577992,-102.0,-30.0
577995,-127.0,
577999,-148.0,
578000,-59.0,
578003,-29.0,
578022,-46.0,
578026,-143.0,
578030,-113.0,
578031,-151.0,
578034,-117.0,
578050,-19.0,
578056,-136.0,
578057,-144.0,
578062,-123.0,
578109,-96.0,
578117,-163.0,
578132,-51.0,
578140,-142.0,
578150,-26.0,118.0
578152,-85.0,13.0
578189,-170.0,
578197,-88.0,
578199,-74.0,
578207,-29.0,
578208,-158.0,107.0
578258,-9.0,19.0
578259,-144.0,0.0
578264,-149.0,0.0
578276,-60.0,
578281,-144.0,
578282,-131.0,
578285,-161.0,-121.0
578303,-81.0,
578362,-149.0,
578375,-141.0,
578378,-59.0,178.0
578389,-123.0,
578395,-92.0,
578418,-84.0,193.0
578427,-127.0,170.0
578438,-79.0,
578439,-88.0,
578445,-24.0,12.0
578447,-109.0,
578450,-92.0,
578452,-11.0,
578469,-22.0,
578472,-96.0,
578492,-67.0,
578495,-14.0,79.0
578497,-135.0,
578519,-96.0,
578520,-51.0,
578541,-51.0,44.0
578544,-145.0,-7.0
578546,-35.0,
578547,-132.0,
578550,-129.0,45.0
578551,-142.0,
578555,-134.0,
578561,-106.0,
578573,-35.0,-1.0
578574,-108.0,
578578,-142.0,
578595,-34.0,
578598,-170.0,-21.0
578599,-169.0,132.0
578600,-117.0,
578616,-72.0,
578623,-79.0,97.0
578634,-215.0,
578644,-99.0,
578646,-100.0,
578649,-72.0,-39.0
578654,-144.0,
578655,-138.0,
578666,-36.0,
578676,-56.0,
578697,-81.0,
578710,-48.0,
578717,-164.0,
578722,-169.0,0.0
578725,-31.0,
578736,-100.0,
578739,-121.0,39.0
578744,-60.0,
578754,-241.0,
578764,-27.0,
578781,-127.0,
578797,-38.0,
578815,-22.0,
578820,-116.0,
578823,-102.0,
578845,-57.0,
578847,-95.0,
578850,-49.0,
578854,-87.0,90.0
578857,-154.0,
578861,-161.0,
578906,-174.0,
578940,-29.0,
578941,-43.0,
578943,-136.0,
578953,-167.0,0.0
578956,-99.0,
578958,-36.0,
578977,-23.0,
579011,-109.0,
579015,-37.0,
579017,-134.0,
579020,-35.0,
579027,-56.0,
579031,-100.0,-50.0
579038,-136.0,
579046,-144.0,14.0
579050,-148.0,-11.0
579052,-38.0,108.0
579064,-148.0,144.0
579069,-165.0,47.0
579081,-147.0,
579086,-129.0,
579098,-156.0,-123.0
579105,-151.0,
579112,-101.0,
579115,-65.0,
579125,-4.0,
579130,-72.0,
579134,2.0,
579151,-150.0,
579161,-94.0,
579164,-129.0,
579172,-67.0,
579176,-59.0,
579178,-25.0,9.0
579199,-164.0,
579201,-102.0,
579203,-145.0,
579206,-114.0,
579221,-101.0,170.0
579251,-30.0,
579255,-38.0,90.0
579256,-123.0,-8.0
579257,-88.0,
579259,-22.0,0.0
579278,-135.0,
579279,-101.0,
579283,-106.0,23.0
579300,-149.0,2.0
579303,-171.0,88.0
579307,-157.0,12.0
579309,-95.0,
579316,-74.0,
579321,-149.0,-58.0
579325,-169.0,
579340,-79.0,
579343,-44.0,
579354,-81.0,70.0
579361,-144.0,0.0
579362,-155.0,234.0
579367,-124.0,
579372,-88.0,
579376,-280.0,
579381,-137.0,
579386,-44.0,
579409,-53.0,
579415,-142.0,
579416,-67.0,
579448,-107.0,-18.0
579470,-99.0,
579482,-65.0,
579486,-117.0,102.0
579499,-109.0,182.0
579506,-123.0,
579526,-149.0,
579528,-103.0,
579537,-95.0,
579549,-29.0,
579550,-54.0,
579557,-154.0,
579567,-156.0,
579571,-164.0,
579572,-116.0,
579575,-24.0,
579583,-46.0,
579604,-109.0,
579614,-101.0,
579619,-63.0,
579660,-41.0,
579661,-141.0,
579685,-148.0,
579686,-85.0,
579692,-22.0,
579711,-29.0,
579717,-32.0,
579718,-59.0,
579720,-31.0,
579723,-81.0,
579737,-114.0,
579762,-29.0,
580094,-144.0,
580095,-109.0,
580314,-74.0,
580317,-100.0,
580328,-162.0,-1.0
580342,-80.0,
580346,-158.0,
580358,-142.0,-8.0
580360,-116.0,
580372,-132.0,
580380,-42.0,
580384,-15.0,
580389,-22.0,
580393,-116.0,
580412,-109.0,207.0
580415,-63.0,
580425,-29.0,128.0
580441,-109.0,
580450,-39.0,
580458,-37.0,
580459,-135.0,
580468,-53.0,
580469,-85.0,
580477,-42.0,167.0
580484,-66.0,
580497,-114.0,11.0
580511,-78.0,200.0
580516,-149.0,
580525,-24.0,
580533,-161.0,0.0
580534,-127.0,
580540,-59.0,
580555,-138.0,
580592,-51.0,174.0
580595,-116.0,2.0
580612,-154.0,
580642,-96.0,
580646,-74.0,
580654,-65.0,0.0
580657,-67.0,
580658,-148.0,-107.0
580669,-103.0,
580684,-148.0,
580688,27.0,
580689,-80.0,234.0
580702,-19.0,
580706,-128.0,150.0
580709,-130.0,
580714,-150.0,
580717,-32.0,-5.0
580719,-44.0,
580722,-24.0,24.0
580743,-144.0,
580755,-66.0,-45.0
580768,-257.0,89.0
580771,-120.0,-17.0
580774,-15.0,
580779,-116.0,
580798,-115.0,
580824,-149.0,45.0
580834,-123.0,
580838,-116.0,
580842,-42.0,
580845,-115.0,
580854,-144.0,-138.0
580860,-121.0,
580867,-149.0,
580870,-129.0,
580880,-72.0,
580883,-35.0,
580912,-208.0,
580916,-44.0,
580925,-113.0,
580926,-25.0,
580960,-95.0,
580970,-30.0,
580975,-8.0,
581003,-23.0,
581011,-148.0,110.0
581016,-149.0,-107.0
581027,-101.0,
581034,-144.0,
581038,-149.0,
581047,-80.0,-8.0
581062,-45.0,
581063,-50.0,
581065,-160.0,16.0
581082,-113.0,
581118,-131.0,
581123,-144.0,
581129,-38.0,
581135,-124.0,
581138,-123.0,
581139,-102.0,
581178,-18.0,
581179,-29.0,
581200,-114.0,
581219,-53.0,171.0
581222,-68.0,
581234,-143.0,
581235,-148.0,165.0
581238,-155.0,
581239,-137.0,
581247,-46.0,
581253,-49.0,
581257,-124.0,
581261,-127.0,
581269,-135.0,
581283,-143.0,-22.0
581288,-37.0,125.0
581305,-149.0,
581307,-52.0,
581316,-87.0,
581320,-31.0,51.0
581328,-260.0,58.0
581332,-108.0,
581333,-222.0,-75.0
581340,-22.0,
581341,-32.0,54.0
581342,-136.0,
581353,-103.0,
581409,-114.0,-66.0
581410,-144.0,
581412,-12.0,
581414,-107.0,
581431,-45.0,
581438,-86.0,
581439,-149.0,
581453,-65.0,-45.0
581459,-129.0,
581485,-142.0,
581486,-136.0,
581490,-96.0,
581492,-81.0,-18.0
581493,-81.0,-46.0
581510,-93.0,
581520,-141.0,
581523,-32.0,
581530,-107.0,
581532,-109.0,
581533,-32.0,
581552,-70.0,
581563,-156.0,98.0
581574,-156.0,
581584,-23.0,0.0
581586,-142.0,
581593,-107.0,
581598,-43.0,
581606,-135.0,-8.0
581611,-29.0,
581614,-154.0,
581616,-156.0,
581625,-31.0,
581647,-31.0,-5.0
581648,-161.0,-155.0
581652,-113.0,
581656,-87.0,
581657,-148.0,
581659,-155.0,
581672,-86.0,-1.0
581676,-22.0,
581697,-87.0,
581700,-29.0,
581708,-16.0,
581716,-31.0,
581744,-95.0,
581745,-128.0,-68.0
581755,-37.0,
581769,-136.0,
581770,-153.0,
581772,-93.0,54.0
581779,-115.0,
581787,-102.0,
581796,-100.0,
581806,-66.0,
581810,-36.0,
581818,-70.0,32.0
581826,-51.0,137.0
581836,-31.0,
581838,-96.0,
581851,-88.0,
581866,-60.0,
581877,-107.0,
581887,-63.0,
581889,-161.0,
581897,-142.0,-130.0
581909,-127.0,
581914,-71.0,
581922,-63.0,
581956,-60.0,
581957,-25.0,
581959,-87.0,-24.0
581965,-130.0,
582003,-144.0,152.0
582005,-151.0,103.0
582009,-64.0,
582026,-156.0,
582033,-12.0,
582034,-23.0,135.0
582039,-43.0,
582040,-73.0,
582063,-150.0,
582080,-114.0,
582084,-149.0,-33.0
582087,-101.0,
582093,-18.0,
582094,-51.0,206.0
582108,-149.0,
582117,-32.0,
582123,-149.0,
582125,-32.0,
582141,-67.0,
582154,-35.0,0.0
582160,-114.0,
582170,-114.0,8.0
582181,-149.0,0.0
582182,-28.0,
582184,-102.0,191.0
582190,-107.0,
582197,-81.0,
582218,-108.0,
582226,-57.0,
582227,-137.0,
582235,-117.0,
582243,-49.0,96.0
582250,-149.0,
582251,-121.0,9.0
582253,-43.0,
582266,-135.0,
582275,-149.0,
582282,-17.0,174.0
582283,-144.0,
582288,-151.0,4.0
582301,-44.0,
582302,-148.0,
582305,-46.0,
582309,-74.0,103.0
582311,-150.0,
582320,-127.0,
582332,-50.0,
582333,-42.0,
582340,-84.0,12.0
582348,-45.0,
582364,-144.0,
582366,-73.0,
582373,-151.0,206.0
582390,-90.0,
582392,-130.0,
582394,-53.0,
582395,-53.0,170.0
582404,-148.0,-114.0
582406,-28.0,
582416,-96.0,
582420,-116.0,
582439,-149.0,
582443,-121.0,-92.0
582446,-117.0,
582452,-86.0,
582460,-24.0,
582464,-42.0,
582469,-144.0,-82.0
582474,-117.0,
582479,-178.0,
582486,-122.0,
582494,-127.0,
582496,,-126.0
582510,-89.0,
582514,-144.0,
582530,-88.0,
582536,-156.0,
582550,-115.0,
582553,-68.0,
582554,-73.0,
582562,-87.0,
582568,-93.0,
582574,-28.0,
582578,-109.0,
582591,-144.0,
582608,-48.0,
582629,-63.0,48.0
582636,-29.0,
582649,-95.0,
582650,-15.0,
582651,-154.0,170.0
582653,-78.0,
582665,-142.0,0.0
582670,-129.0,
582677,-56.0,
582679,-102.0,-96.0
582690,-120.0,-32.0
582694,-99.0,123.0
582697,-25.0,
582705,-109.0,
582709,-102.0,
582710,-96.0,
582723,-65.0,
582742,-270.0,
582749,-9.0,4.0
582768,-50.0,
582790,-138.0,
582806,-107.0,0.0
582816,-136.0,
582827,-36.0,
582833,-38.0,
582842,-127.0,-68.0
582848,-136.0,160.0
582878,-146.0,
582879,-151.0,
582898,-156.0,
582913,-32.0,
582920,-17.0,
582931,-37.0,
582933,-122.0,160.0
582940,-19.0,
582950,-144.0,
582954,-81.0,-7.0
582958,-8.0,
582963,-144.0,0.0
582964,-122.0,
582975,-99.0,
582983,-135.0,48.0
582992,-92.0,110.0
583007,-51.0,
583012,-142.0,
583021,-25.0,30.0
583031,-67.0,
583032,-36.0,
583033,-142.0,-37.0
583037,-96.0,166.0
583039,-144.0,
583051,-53.0,93.0
583052,-95.0,
583053,-262.0,
583056,-11.0,94.0
583065,-117.0,-1.0
583070,-144.0,
583081,-144.0,0.0
583092,-44.0,53.0
583098,-32.0,
583101,-8.0,
583102,-32.0,
583113,-138.0,
583121,-28.0,
583128,-79.0,126.0
583131,-44.0,
583138,-46.0,103.0
583142,-138.0,241.0
583146,-86.0,
583147,-52.0,20.0
583148,-34.0,
583149,-107.0,
583170,-129.0,
583179,-144.0,2.0
583186,-128.0,
583191,-144.0,
583192,-63.0,
583198,16.0,
583202,-141.0,
583215,-102.0,173.0
583221,-151.0,-144.0
583232,-100.0,
583235,-141.0,0.0
583236,-108.0,
583238,-45.0,
583240,-143.0,
583247,-145.0,
583255,-96.0,105.0
583276,-35.0,71.0
583286,-100.0,
583288,-36.0,12.0
583293,-103.0,
583301,-138.0,
583318,-153.0,
583333,-143.0,0.0
583335,-139.0,
583348,-262.0,-147.0
583367,-138.0,
583381,-31.0,
583423,-88.0,
583427,-92.0,-11.0
583429,-121.0,-15.0
583433,-130.0,
583438,-25.0,-4.0
583459,-144.0,
583473,-121.0,
583487,-92.0,
583502,-121.0,
583514,-124.0,
583526,-67.0,
583532,-81.0,
583534,-50.0,
583540,-49.0,
583570,-151.0,
583580,-142.0,
583591,-141.0,0.0
583598,-143.0,
583599,-27.0,
583604,-87.0,12.0
583606,-72.0,
583607,-38.0,
583609,-127.0,
583623,-35.0,
583625,-107.0,
583645,-87.0,
583664,-116.0,
583686,-155.0,85.0
583687,-101.0,
583704,-36.0,
583708,-43.0,
583713,-75.0,
583714,-53.0,
583719,-5.0,
583721,-57.0,
583730,-81.0,
583741,-52.0,
583775,-137.0,84.0
583824,-143.0,
583826,-121.0,-2.0
583827,-107.0,
583832,-143.0,-106.0
583833,-57.0,158.0
583839,-138.0,
583840,-143.0,3.0
583843,-57.0,
583844,-79.0,-8.0
583855,-46.0,
583867,-99.0,
583871,-116.0,
583873,-120.0,
583906,-17.0,
583933,-25.0,
583946,-124.0,
583950,-58.0,
583954,-136.0,
583955,-79.0,
583964,-46.0,
583966,-127.0,
583967,-107.0,-2.0
583968,-257.0,
583970,-121.0,
583973,-99.0,
583977,-72.0,
583993,-74.0,
584038,-73.0,166.0
584040,-65.0,
584042,-83.0,
584077,-148.0,66.0
584078,-52.0,
584082,-145.0,88.0
584089,-41.0,34.0
584099,-46.0,
584111,-121.0,
584115,-138.0,0.0
584132,-142.0,
584143,-116.0,
584178,-42.0,
584183,-131.0,
584184,-165.0,
584191,-32.0,
584195,-53.0,
584210,-138.0,
584214,-125.0,
584223,-135.0,-91.0
584225,-53.0,
584238,-114.0,
584274,-162.0,-155.0
584281,-100.0,
584283,-162.0,-75.0
584299,-85.0,
584305,-39.0,23.0
584315,-53.0,
584325,-66.0,236.0
584342,-102.0,0.0
584362,-141.0,219.0
584374,-128.0,-100.0
584386,-46.0,
584408,-120.0,
584414,-35.0,
584433,-145.0,
584442,-50.0,
584443,-85.0,
584444,-135.0,0.0
584446,-138.0,
584448,-25.0,
584455,-99.0,53.0
584468,-138.0,
584495,-109.0,
584500,-43.0,
584509,-66.0,
584512,-22.0,
584514,-138.0,31.0
584515,-135.0,
584517,-109.0,-5.0
584532,-137.0,-86.0
584534,-138.0,-30.0
584539,-80.0,
584546,-100.0,
584550,-120.0,
584553,-1.0,
584566,-264.0,0.0
584567,-138.0,
584571,-257.0,
584580,-95.0,
584586,-102.0,
584588,-138.0,0.0
584591,-114.0,94.0
584594,-86.0,
584595,-162.0,-17.0
584601,-46.0,
584611,-79.0,
584615,-121.0,131.0
584628,-95.0,17.0
584632,-78.0,
584640,-95.0,
584660,-75.0,
584664,-107.0,-30.0
584673,-138.0,11.0
584676,-135.0,0.0
584687,-32.0,
584698,-154.0,
584710,-114.0,
584711,-147.0,59.0
584712,-44.0,
584718,-52.0,
584733,-109.0,
584735,-81.0,158.0
584749,-138.0,0.0
584756,-246.0,
584762,-135.0,45.0
584766,-135.0,
584771,-74.0,
584792,-138.0,0.0
584806,-29.0,
584813,-120.0,
584827,-116.0,
584836,-106.0,31.0
584842,-50.0,
584843,-108.0,0.0
584844,-142.0,
584850,-96.0,
584864,-43.0,
584883,-113.0,-21.0
584884,-54.0,221.0
584892,-122.0,0.0
584908,-22.0,
584913,-128.0,61.0
584914,-70.0,
584918,-139.0,
584923,-81.0,65.0
584926,-5.0,
584932,-36.0,
584940,-17.0,
584942,-109.0,
584943,-99.0,
584952,-110.0,-18.0
584969,-120.0,
584981,-100.0,
584990,-25.0,
585004,-135.0,-113.0
585011,-63.0,
585021,-115.0,17.0
585025,-60.0,
585033,-73.0,
585041,-81.0,
585048,-261.0,
585050,-135.0,131.0
585056,-117.0,-99.0
585057,-141.0,
585058,-116.0,
585074,-74.0,
585093,-32.0,
585098,-25.0,
585114,-22.0,
585128,-134.0,
585134,-66.0,
585141,-66.0,
585145,-22.0,
585147,-37.0,
585149,-125.0,47.0
585150,-29.0,
585153,-60.0,
585154,-38.0,
585156,-39.0,
585162,-134.0,
585166,-135.0,
585170,-135.0,
585199,-38.0,
585200,-135.0,
585201,-99.0,
585208,-142.0,213.0
585210,-121.0,
585212,-102.0,
585222,-109.0,
585224,-44.0,
585230,-35.0,
585236,-69.0,
585261,-32.0,
585279,-49.0,
585283,-256.0,-25.0
585284,-128.0,
585290,-95.0,235.0
585297,-29.0,
585301,-134.0,
585305,-63.0,
585326,-107.0,
585342,-135.0,-2.0
585354,-39.0,
585355,-22.0,
585359,-45.0,
585372,-24.0,164.0
585383,-135.0,
585384,-95.0,-43.0
585389,-37.0,-2.0
585393,-74.0,
585397,-17.0,
585406,-28.0,
585409,-134.0,
585422,-102.0,
585432,-42.0,
585433,-74.0,
585445,-56.0,
585449,-135.0,
585454,-120.0,-109.0
585455,-89.0,
585457,-72.0,
585459,-134.0,-11.0
585461,-134.0,-2.0
585464,-127.0,
585466,-113.0,
585471,-81.0,
585484,-43.0,
585485,-122.0,-4.0
585503,-24.0,
585518,-26.0,
585525,-127.0,52.0
585526,-28.0,3.0
585547,-89.0,
585572,-17.0,
585574,-94.0,
585577,-24.0,
585579,-131.0,0.0
585603,-102.0,
585608,-74.0,
585611,-124.0,
585613,-60.0,
585615,-130.0,
585618,-132.0,0.0
585626,-131.0,
585643,-44.0,51.0
585644,-80.0,
585652,-53.0,
585659,-132.0,
585662,-24.0,
585668,-74.0,
585681,-127.0,171.0
585693,-89.0,
585695,-72.0,
585702,-102.0,
585709,-109.0,
585724,-132.0,122.0
585727,-68.0,
585731,-99.0,
585758,-132.0,
585762,-17.0,
585764,-66.0,0.0
585768,-81.0,
585769,-107.0,152.0
585773,-122.0,
585779,-125.0,
585790,-72.0,
585801,-74.0,
585812,-23.0,
585816,-132.0,
585825,-32.0,97.0
585830,-248.0,
585832,-94.0,
585837,-129.0,
585841,-100.0,
585847,-129.0,
585852,-101.0,
585900,-243.0,
585911,-149.0,12.0
585915,-121.0,
585921,-24.0,
585929,-43.0,0.0
585942,-129.0,
585958,-32.0,
585963,-129.0,
585965,-102.0,
585998,-136.0,206.0
586011,-129.0,9.0
586022,-88.0,
586034,-60.0,
586036,-77.0,
586046,-94.0,
586047,-100.0,
586054,-214.0,
586060,-129.0,
586072,-36.0,
586078,-60.0,
586080,-129.0,
586083,-99.0,
586086,-47.0,
586088,-92.0,
586111,-121.0,
586112,-67.0,-58.0
586113,-116.0,
586120,-78.0,
586121,-51.0,
586128,-96.0,
586132,-63.0,
586133,-32.0,-4.0
586134,-58.0,
586137,-113.0,
586142,-162.0,
586145,-121.0,
586158,-87.0,
586165,-129.0,
586180,-37.0,
586196,-95.0,
586224,-129.0,
586227,-22.0,103.0
586233,-129.0,
586236,-129.0,
586243,-136.0,
586246,-129.0,
586249,-129.0,0.0
586251,-128.0,58.0
586257,-102.0,
586259,-102.0,
586261,-30.0,
586281,-107.0,130.0
586282,-106.0,8.0
586287,-32.0,
586314,-129.0,
586315,-29.0,
586317,-136.0,-18.0
586324,-87.0,
586337,-136.0,
586346,-128.0,
586347,-52.0,
586351,-53.0,83.0
586367,-74.0,
586369,-22.0,144.0
586370,-86.0,
586371,-1.0,
586376,-122.0,
586393,-74.0,
586398,-113.0,12.0
586407,-128.0,32.0
586416,-38.0,
586417,-32.0,-10.0
586423,-36.0,
586428,-128.0,
586435,-253.0,-53.0
586436,-61.0,
586440,-94.0,
586444,-150.0,233.0
586445,-127.0,-51.0
586446,-127.0,
586450,-92.0,-38.0
586468,-122.0,
586470,-86.0,
586473,-45.0,
586474,-106.0,
586476,-37.0,
586477,-127.0,
586483,-127.0,
586490,-51.0,
586493,-43.0,
586494,-71.0,
586497,-29.0,
586502,-45.0,
586506,-93.0,
586510,-127.0,6.0
586516,-79.0,67.0
586518,-95.0,
586524,-45.0,138.0
586526,-78.0,
586535,-128.0,
586536,-135.0,-15.0
586537,-58.0,-1.0
586543,-114.0,56.0
586550,-79.0,
586561,-39.0,53.0
586563,-63.0,
586581,-128.0,
586587,-116.0,-64.0
586592,-58.0,
586594,-63.0,
586598,-86.0,
586609,-109.0,164.0
586620,-86.0,-5.0
586621,-128.0,
586625,-120.0,
586639,-109.0,
586642,-59.0,
586652,-151.0,
586660,-38.0,
586668,-79.0,
586689,-115.0,
586705,-121.0,
586707,-88.0,49.0
586712,-66.0,
586716,-86.0,
586719,-43.0,
586720,-113.0,
586729,-149.0,
586742,-123.0,
586750,-85.0,
586753,-127.0,
586758,-120.0,
586762,-121.0,
586781,-38.0,
586784,-127.0,
586787,-70.0,
586800,-66.0,
586808,-113.0,
586811,-52.0,
586814,-67.0,45.0
586818,-53.0,
586823,-124.0,-1.0
586836,-125.0,
586838,-125.0,
586843,-31.0,
586851,-22.0,444.0
586854,-102.0,-43.0
586855,-125.0,
586861,-87.0,-82.0
586876,-44.0,
586882,-114.0,
586890,-125.0,-15.0
586891,-124.0,
586906,-65.0,96.0
586912,-113.0,
586914,-50.0,
586917,-144.0,
586921,-102.0,
586925,-79.0,
586928,-123.0,
586935,-29.0,
586946,-240.0,72.0
586957,-53.0,
586961,-131.0,-15.0
586962,-59.0,
586974,-117.0,
586975,-123.0,-32.0
586979,-81.0,
586981,-100.0,
586995,-156.0,
586996,-51.0,
587002,-102.0,
587004,-22.0,
587006,-131.0,
587008,-70.0,
587014,-100.0,
587037,-95.0,187.0
587051,-124.0,
587054,-32.0,
587071,-122.0,
587082,-23.0,
587099,-124.0,25.0
587120,-123.0,-108.0
587122,-115.0,143.0
587126,-89.0,
587140,-122.0,
587150,-101.0,158.0
587155,-31.0,-2.0
587161,-92.0,
587178,-124.0,
587179,-86.0,0.0
587181,-53.0,
587183,-128.0,
587192,-79.0,
587194,-121.0,
587195,-107.0,53.0
587219,-123.0,84.0
587223,-114.0,
587226,-108.0,
587244,-1.0,
587248,-110.0,-30.0
587275,-102.0,
587283,-19.0,
587285,-30.0,0.0
587286,-44.0,
587287,-10.0,
587294,-122.0,
587297,-81.0,
587308,-108.0,
587310,-94.0,-17.0
587319,-109.0,
587323,-96.0,
587324,-102.0,174.0
587330,-102.0,
587334,-35.0,
587346,-102.0,
587349,-122.0,-106.0
587362,-49.0,
587369,-114.0,
587374,-109.0,135.0
587375,-143.0,
587377,-32.0,
587382,-86.0,
587391,-149.0,
587403,-107.0,46.0
587409,-19.0,
587418,-116.0,
587423,-122.0,
587434,-162.0,52.0
587435,-115.0,
587446,-28.0,
587451,-95.0,
587456,-122.0,
587459,-143.0,
587462,-107.0,
587478,-51.0,
587506,-72.0,
587509,-24.0,
587523,-101.0,
587524,-103.0,
587529,-100.0,
587538,-235.0,
587547,-102.0,
587550,-15.0,94.0
587552,-124.0,-15.0
587555,-96.0,
587564,-17.0,
587571,-65.0,
587576,-129.0,38.0
587579,-36.0,
587585,-28.0,
587594,-59.0,
587600,-81.0,
587611,-121.0,
587613,-88.0,
587616,-117.0,
587619,-88.0,
587621,-121.0,
587623,-121.0,-19.0
587633,-22.0,
587641,-124.0,
587654,-95.0,81.0
587659,-117.0,0.0
587665,-89.0,0.0
587677,-102.0,234.0
587682,-113.0,
587685,-109.0,
587690,-74.0,
587696,-22.0,
587702,-101.0,
587706,-72.0,
587714,-36.0,
587722,-89.0,
587732,-95.0,
587754,-60.0,
587755,-74.0,
587772,-24.0,12.0
587777,-41.0,
587780,-41.0,
587783,-32.0,
587793,-135.0,-43.0
587810,-52.0,
587824,-120.0,
587838,-22.0,199.0
587848,-38.0,
587851,-116.0,-107.0
587852,-93.0,
587859,-120.0,179.0
587860,-157.0,
587862,-108.0,
587868,-117.0,
587881,-49.0,219.0
587884,-80.0,131.0
587900,-57.0,12.0
587906,-59.0,
587909,-37.0,
587911,-22.0,
587912,-67.0,-2.0
587923,-15.0,
587934,-115.0,-108.0
587961,-117.0,
587975,-80.0,
587976,-102.0,164.0
587985,-100.0,
587989,-124.0,
587997,-26.0,
588008,-78.0,
588013,-114.0,41.0
588014,-63.0,
588031,-12.0,
588033,-116.0,
588039,-53.0,
588052,-45.0,
588058,-12.0,129.0
588059,-128.0,-8.0
588062,-63.0,12.0
588078,-25.0,
588086,-122.0,
588096,-188.0,-143.0
588100,-102.0,
588105,-102.0,
588106,-38.0,
588107,-40.0,58.0
588117,-116.0,
588125,-102.0,
588128,-102.0,
588131,-59.0,
588132,-38.0,
588133,-79.0,
588138,-78.0,
588145,-236.0,
588146,-124.0,
588156,-116.0,
588166,-157.0,149.0
588170,-149.0,156.0
588175,-52.0,142.0
588178,-124.0,
588179,-91.0,
588182,-228.0,
588191,-102.0,6.0
588194,-81.0,-25.0
588197,-96.0,51.0
588198,-29.0,
588203,-50.0,
588205,-117.0,-15.0
588207,-22.0,
588208,-109.0,
588219,-124.0,
588231,-109.0,
588233,-72.0,
588236,-79.0,
588240,-120.0,
588242,-121.0,-4.0
588251,-155.0,
588252,-117.0,-2.0
588261,-99.0,
588265,-9.0,
588274,-178.0,
588280,-117.0,
588289,-88.0,
588293,-74.0,
588302,-65.0,
588314,-38.0,
588321,-116.0,160.0
588352,-99.0,
588355,-29.0,
588360,-116.0,-17.0
588363,-97.0,
588367,-124.0,
588382,-74.0,
588383,-45.0,-11.0
588391,-73.0,
588397,-185.0,
588402,-74.0,
588411,-102.0,
588430,-114.0,
588432,-25.0,
588436,-87.0,
588442,-116.0,
588445,-115.0,-2.0
588459,-31.0,
588460,-123.0,
588464,-10.0,132.0
588469,-94.0,
588473,-25.0,
588474,-14.0,
588477,-141.0,
588482,-79.0,
588484,-82.0,
588485,-38.0,0.0
588489,-8.0,
588493,-53.0,
588495,-108.0,45.0
588502,-116.0,
588504,-115.0,-23.0
588505,-123.0,
588522,-72.0,
588524,-115.0,
588528,-32.0,138.0
588537,-120.0,51.0
588539,-92.0,-31.0
588540,-123.0,
588556,-122.0,
588560,-115.0,
588566,-39.0,
588583,-89.0,
588590,-89.0,
588592,-32.0,156.0
588597,-86.0,
588628,-115.0,
588642,-59.0,
588658,-113.0,-18.0
588672,-89.0,
588676,-107.0,
588685,-88.0,-4.0
588691,-108.0,45.0
588694,-115.0,-75.0
588706,-113.0,23.0
588707,-36.0,
588710,-95.0,
588713,-92.0,
588749,-40.0,53.0
588752,-17.0,
588765,-25.0,
588775,-17.0,
588781,-45.0,
588796,-74.0,2.0
588815,-122.0,-94.0
588824,-92.0,
588835,-102.0,
588842,-122.0,
588846,-17.0,
588850,-45.0,
588852,-100.0,10.0
588883,-108.0,
588884,-121.0,233.0
588910,-31.0,
588913,-80.0,209.0
588914,-109.0,
588925,-67.0,
588940,-50.0,
588942,-113.0,
588944,-43.0,
588954,-56.0,44.0
588956,-199.0,
588963,-93.0,
588969,-113.0,-86.0
588971,-74.0,
588974,-99.0,0.0
588991,-25.0,
589001,-221.0,7.0
589003,-74.0,
589007,-73.0,109.0
589009,-93.0,
589014,-59.0,
589016,-116.0,
589017,-74.0,-12.0
589018,-53.0,107.0
589019,-113.0,
589023,-106.0,100.0
589029,-22.0,
589033,-81.0,
589048,-50.0,
589053,-68.0,
589055,-95.0,
589067,-95.0,
589080,-32.0,
589083,-40.0,-16.0
589099,-108.0,
589108,-181.0,0.0
589123,-36.0,
589126,-67.0,
589133,-60.0,
589147,-99.0,
589154,-28.0,65.0
589162,-32.0,
589171,-98.0,
589178,-53.0,
589196,-78.0,30.0
589198,-58.0,
589211,-74.0,
589212,-86.0,2.0
589216,-25.0,12.0
589220,-98.0,
589223,-225.0,
589234,-74.0,-11.0
589239,-91.0,0.0
589260,-129.0,
589263,-42.0,
589267,-99.0,11.0
589279,-43.0,
589295,-113.0,
589296,-109.0,
589300,-232.0,-118.0
589302,-53.0,
589303,-108.0,
589326,-88.0,
589327,-31.0,
589332,-114.0,
589333,-73.0,
589377,-38.0,
589380,-72.0,
589389,-115.0,
589390,-228.0,
589395,-67.0,
589409,-106.0,
589411,-22.0,
589438,-146.0,
589441,-109.0,228.0
589444,-183.0,
589445,-70.0,-9.0
589449,-34.0,
589454,-57.0,
589458,-81.0,
589463,23.0,
589469,-130.0,115.0
589471,-37.0,70.0
589472,-109.0,0.0
589474,-102.0,
589484,-56.0,-9.0
589490,-95.0,
589493,-60.0,
589503,-109.0,
589506,-51.0,
589507,-88.0,
589508,-32.0,
589509,-30.0,
589517,-100.0,115.0
589523,-143.0,
589525,-172.0,
589531,-116.0,
589548,-54.0,
589554,-87.0,
589555,2.0,11.0
589557,-56.0,
589558,-26.0,
589559,-91.0,
589562,-66.0,
589565,-53.0,
589569,-107.0,-92.0
589578,-101.0,
589580,-89.0,-46.0
589582,-72.0,123.0
589583,-38.0,
589584,-96.0,
589585,-162.0,
589587,-72.0,
589594,-74.0,93.0
589605,-106.0,
589621,-162.0,
589630,-116.0,0.0
589634,-107.0,
589665,-95.0,-26.0
589690,-72.0,
589691,-92.0,
589702,-73.0,
589707,-80.0,
589722,-36.0,48.0
589723,-102.0,
589734,-57.0,
589744,-51.0,
589748,-109.0,
589749,-35.0,
589768,-108.0,-17.0
589778,-98.0,
589782,-108.0,
589798,-45.0,107.0
589799,-60.0,
589810,-109.0,-82.0
589828,-17.0,157.0
589843,-79.0,
589845,-45.0,
589856,-108.0,227.0
589860,-108.0,
589862,-217.0,
589875,-29.0,
589894,-95.0,
589902,-108.0,
589903,-65.0,
589914,-70.0,
589919,-78.0,
589927,-49.0,
589932,-49.0,
589935,-162.0,157.0
589948,-108.0,
589950,-52.0,
589956,-51.0,
589963,-52.0,6.0
589968,-29.0,12.0
589973,-22.0,
589990,-25.0,
589997,-151.0,
590017,-38.0,
590018,-65.0,
590028,-50.0,93.0
590034,-64.0,
590046,-86.0,
590072,-32.0,
590086,-73.0,
590107,-108.0,35.0
590110,-64.0,12.0
590120,-114.0,
590122,-99.0,
590127,-144.0,
590128,-108.0,
590147,-29.0,
590177,-93.0,0.0
590184,-115.0,
590188,-35.0,
590189,-106.0,
590202,-87.0,
590213,-29.0,
590215,-29.0,
590226,-36.0,
590227,-65.0,203.0
590231,-91.0,
590235,-58.0,30.0
590241,-108.0,
590244,-87.0,-50.0
590248,-16.0,
590251,-29.0,
590289,-18.0,
590305,-31.0,93.0
590308,-88.0,
590310,-106.0,-10.0
590325,-44.0,
590328,-108.0,
590340,-29.0,
590353,-81.0,
590360,-56.0,
590362,-91.0,
590365,-25.0,
590370,-58.0,
590372,-74.0,
590380,-113.0,-31.0
590381,-144.0,-23.0
590392,-107.0,
590397,-113.0,
590402,-113.0,
590403,-63.0,
590408,-232.0,
590410,-86.0,144.0
590416,-130.0,
590420,-113.0,
590436,-100.0,74.0
590443,-113.0,
590444,-49.0,186.0
590445,-101.0,
590461,-106.0,
590462,-91.0,121.0
590464,-96.0,-42.0
590466,-106.0,0.0
590478,-89.0,-18.0
590482,-102.0,
590494,-100.0,-8.0
590499,-65.0,
590502,-45.0,
590504,-24.0,
590508,-138.0,
590519,-149.0,
590520,-185.0,
590540,-37.0,
590541,-64.0,16.0
590543,-225.0,113.0
590545,-106.0,-96.0
590548,-106.0,72.0
590555,-99.0,-46.0
590562,-77.0,
590571,-106.0,-85.0
590590,-66.0,123.0
590593,-98.0,
590604,-43.0,
590616,-37.0,
590625,-63.0,
590626,-95.0,
590632,-44.0,4.0
590662,-58.0,
590667,-72.0,
590668,-28.0,37.0
590676,-29.0,
590680,-50.0,
590699,-100.0,-31.0
590701,-106.0,
590707,-46.0,
590711,-100.0,
590713,-106.0,-23.0
590714,-102.0,
590739,-136.0,
590744,-85.0,
590749,-49.0,72.0
590753,-101.0,
590758,-17.0,
590762,-35.0,
590764,-79.0,
590789,-31.0,
590798,-111.0,0.0
590811,-32.0,135.0
590812,-38.0,73.0
590815,-99.0,-87.0
590818,-7.0,
590824,-74.0,
590828,-101.0,115.0
590835,-50.0,
590836,-72.0,
590837,-10.0,
590849,-102.0,
590854,-100.0,
590864,-49.0,
590867,-101.0,
590870,-225.0,
590877,-86.0,
590881,-39.0,0.0
590882,-81.0,
590886,-53.0,89.0
590898,-100.0,0.0
590907,-102.0,
590914,-23.0,
590918,-50.0,
590920,-60.0,228.0
590921,-107.0,
590923,-38.0,
590931,-80.0,
590942,-102.0,-73.0
590951,-109.0,
590961,-102.0,230.0
590970,-47.0,
590974,-221.0,157.0
590980,-80.0,
590989,-102.0,
590994,-81.0,
591008,-100.0,101.0
591015,-72.0,0.0
591021,-32.0,
591030,-95.0,
591034,-53.0,
591055,-80.0,
591057,-60.0,-11.0
591071,-87.0,
591078,-102.0,
591083,-146.0,
591094,-43.0,173.0
591100,-23.0,-23.0
591111,-192.0,
591132,-20.0,
591159,-30.0,102.0
591163,-80.0,166.0
591165,-79.0,
591178,-59.0,-22.0
591179,-70.0,
591193,-96.0,
591198,-74.0,
591202,-52.0,
591210,-56.0,
591216,-32.0,182.0
591219,-95.0,
591223,-66.0,
591225,-81.0,
591230,-38.0,
591243,-92.0,
591255,-57.0,
591257,-45.0,
591273,-65.0,
591294,-107.0,-52.0
591299,-51.0,
591309,-221.0,-177.0
591318,-141.0,156.0
591321,-42.0,
591343,-66.0,
591375,-85.0,
591388,-99.0,
591394,-80.0,
591398,-43.0,9.0
591403,-37.0,
591409,-42.0,
591410,-95.0,
591411,-100.0,-3.0
591412,-101.0,
591414,-65.0,
591420,-49.0,
591424,-88.0,129.0
591440,-95.0,
591448,-22.0,
591461,-99.0,0.0
591464,-72.0,-29.0
591501,-67.0,
591516,-85.0,
591518,-42.0,
591523,-2.0,
591525,-67.0,
591540,-36.0,
591547,-43.0,
591549,-72.0,
591550,-121.0,
591558,-38.0,
591563,-24.0,
591566,-100.0,
591574,-22.0,
591581,-72.0,
591588,-59.0,
591589,-56.0,
591591,-46.0,
591593,-63.0,
591602,-69.0,
591608,-100.0,
591613,-91.0,146.0
591619,-93.0,62.0
591620,-100.0,-3.0
591638,-91.0,0.0
591648,-92.0,116.0
591650,-107.0,169.0
591654,-96.0,
591655,-59.0,221.0
591661,-79.0,0.0
591671,-38.0,
591677,-100.0,-12.0
591685,-43.0,
591692,-100.0,
591694,-60.0,
591695,-63.0,
591719,-87.0,130.0
591721,-72.0,0.0
591725,-114.0,
591733,-23.0,193.0
591735,-50.0,
591738,-1.0,33.0
591742,-114.0,-63.0
591743,-29.0,
591746,-64.0,121.0
591755,-10.0,
591761,-23.0,
591765,-86.0,
591774,-46.0,
591785,-28.0,
591787,-60.0,
591804,-36.0,
591814,-36.0,
591819,-42.0,
591820,-95.0,
591822,-95.0,-44.0
591837,-63.0,
591845,-107.0,32.0
591849,-43.0,
591852,-36.0,23.0
591859,-72.0,
591869,-44.0,
591872,-95.0,
591873,-35.0,
591891,-106.0,
591893,-31.0,
591895,-3.0,110.0
591912,-99.0,0.0
591937,-95.0,-53.0
591940,-86.0,
591942,-100.0,
591944,-95.0,
591946,-163.0,74.0
591958,-72.0,
591975,-95.0,
591978,-29.0,
591980,-93.0,
591986,-12.0,-3.0
591995,-71.0,
591999,-121.0,151.0
592001,-53.0,
592002,4.0,
592003,-35.0,
592007,-91.0,
592014,-95.0,
592043,-70.0,
592047,-94.0,
592051,-28.0,
592056,-52.0,
592059,-24.0,
592080,-156.0,-22.0
592081,-84.0,
592090,-74.0,-46.0
592092,-84.0,
592093,-53.0,
592124,-29.0,136.0
592127,-73.0,
592135,-71.0,
592139,-120.0,
592142,-53.0,
592147,-84.0,
592151,-23.0,
592158,-24.0,226.0
592168,-99.0,
592172,-66.0,
592173,-66.0,0.0
592189,-102.0,
592190,-155.0,
592193,-94.0,
592203,-74.0,
592205,-46.0,
592206,-22.0,
592214,-94.0,
592218,-93.0,
592220,-129.0,
592221,-29.0,
592233,-15.0,10.0
592245,-73.0,
592248,-26.0,
592250,-30.0,
592252,-90.0,
592256,-99.0,
592258,-136.0,
592259,-86.0,
592262,-30.0,5.0
592272,-43.0,
592284,-87.0,
592287,-29.0,
592290,-29.0,
592295,-22.0,
592299,-102.0,-52.0
592310,-95.0,
592315,-102.0,
592317,-67.0,
592322,-44.0,
592338,-150.0,
592344,-144.0,5.0
592361,-38.0,
592370,-74.0,
592372,-121.0,
592373,-74.0,
592382,-70.0,
592406,-31.0,115.0
592407,-15.0,27.0
592422,-28.0,
592429,-205.0,
592437,-91.0,79.0
592441,-45.0,
592444,-78.0,132.0
592448,-78.0,
592450,-95.0,156.0
592451,-80.0,
592458,-94.0,-87.0
592465,-85.0,
592471,-79.0,
592476,-95.0,
592480,-84.0,
592486,-58.0,
592494,-58.0,
592496,-56.0,
592538,-87.0,51.0
592550,-90.0,
592558,-80.0,
592563,-45.0,0.0
592577,-64.0,
592581,-95.0,27.0
592593,-57.0,
592602,-122.0,45.0
592607,-81.0,98.0
592609,-95.0,
592616,-95.0,
592618,-37.0,
592624,-91.0,
592625,-44.0,
592631,-28.0,
592632,-73.0,
592634,-83.0,
592640,-87.0,
592657,-34.0,12.0
592658,-87.0,-78.0
592660,-29.0,
592661,-108.0,
592666,-210.0,
592669,-63.0,-2.0
592683,-95.0,-16.0
592684,-214.0,-25.0
592689,-74.0,
592709,-45.0,
592725,-32.0,
592731,-41.0,164.0
592733,-154.0,
592737,-50.0,
592749,-78.0,
592756,-37.0,16.0
592763,-95.0,
592766,-171.0,
592772,-31.0,
592775,-103.0,
592776,-50.0,
592781,-60.0,
592787,-49.0,
592789,-46.0,
592791,-22.0,
592804,-97.0,0.0
592805,-16.0,10.0
592810,-94.0,
592815,-95.0,241.0
592842,-35.0,
592843,-129.0,
592854,-95.0,
592856,-45.0,
592876,-150.0,30.0
592880,-22.0,
592882,-29.0,
592889,-95.0,0.0
592895,-86.0,
592899,-113.0,
592900,-58.0,
592924,-90.0,
592939,-88.0,-30.0
592949,-89.0,213.0
592950,-98.0,
592951,-46.0,32.0
592961,-53.0,
592972,-95.0,0.0
592976,-214.0,
592997,-28.0,
593000,-28.0,
593004,-122.0,-54.0
593010,-22.0,
593013,-22.0,
593017,-36.0,
593022,-31.0,
593023,-32.0,
593038,-29.0,
593071,-163.0,162.0
593075,-65.0,-22.0
593081,-94.0,
593099,-207.0,-206.0
593103,-101.0,
593104,-95.0,226.0
593121,-40.0,
593123,-170.0,
593127,-65.0,
593136,-94.0,
593139,-53.0,
593157,-25.0,10.0
593189,-84.0,
593206,-94.0,47.0
593220,-214.0,223.0
593246,-78.0,
593266,-94.0,0.0
593272,-43.0,
593281,-56.0,93.0
593299,-58.0,
593303,-45.0,
593305,-34.0,
593320,-42.0,
593337,-45.0,-39.0
593338,-49.0,
593345,-94.0,12.0
593346,-151.0,
593348,-66.0,39.0
593362,-91.0,60.0
593373,-154.0,
593385,-24.0,
593400,-31.0,
593421,-22.0,
593427,-45.0,
593431,-37.0,
593438,-66.0,
593440,-45.0,47.0
593441,-45.0,97.0
593443,-59.0,59.0
593444,-45.0,
593459,-80.0,
593465,-79.0,-1.0
593475,-53.0,46.0
593476,-144.0,
593487,-84.0,
593492,-94.0,
593510,-36.0,
593511,-94.0,-19.0
593513,-89.0,
593514,-91.0,
593532,-94.0,-17.0
593534,-37.0,
593535,-79.0,
593540,-37.0,
593546,-100.0,
593556,-29.0,
593563,-114.0,-10.0
593569,-18.0,
593571,-32.0,-11.0
593583,-39.0,150.0
593585,-91.0,
593587,-57.0,
593593,-67.0,
593594,-39.0,170.0
593607,-22.0,
593613,-91.0,
593617,-59.0,45.0
593631,-89.0,
593654,-29.0,
593657,-50.0,
593658,-46.0,
593670,-81.0,
593671,-88.0,
593681,-31.0,
593685,-67.0,
593692,-15.0,
593694,-3.0,
593695,-45.0,
593706,-67.0,
593707,-52.0,72.0
593709,-71.0,
593711,-24.0,
593712,-45.0,
593715,-35.0,
593722,-56.0,
593727,-24.0,
593733,-95.0,
593734,-38.0,
593743,-81.0,
593755,-91.0,
593780,-49.0,
593785,-116.0,
593787,-35.0,
593791,-16.0,11.0
593793,-38.0,157.0
593796,-22.0,
593798,-43.0,
593819,-58.0,
593823,-67.0,
593840,-22.0,
593842,-38.0,
593845,-81.0,
593846,-154.0,227.0
593858,-52.0,
593865,-91.0,-54.0
593871,-88.0,
593875,-50.0,
593896,-67.0,
593898,-90.0,
593900,-91.0,
593903,-98.0,
593904,-60.0,
593924,-78.0,
593930,-57.0,101.0
593941,-200.0,-19.0
593953,-79.0,
593954,-26.0,
593965,-184.0,
593970,-90.0,
593972,-210.0,
593973,-50.0,
593976,-120.0,
593987,-24.0,
593995,-92.0,
594011,-58.0,
594015,-88.0,
594033,-113.0,
594038,-22.0,
594043,-88.0,110.0
594044,-17.0,
594048,-43.0,
594052,-70.0,
594056,-53.0,
594057,-88.0,11.0
594061,-59.0,
594065,-92.0,
594071,-101.0,
594076,-25.0,209.0
594078,-8.0,
594079,-72.0,0.0
594081,-10.0,163.0
594083,-80.0,
594086,-50.0,
594111,-53.0,
594119,-86.0,
594122,-206.0,-204.0
594131,-79.0,
594136,-100.0,
594139,-49.0,
594157,-57.0,
594161,-86.0,
594162,-80.0,
594164,-78.0,215.0
594167,-59.0,
594184,-81.0,
594185,-39.0,
594188,-49.0,
594193,-207.0,
594196,-35.0,
594199,-59.0,
594201,-38.0,
594205,-46.0,
594208,-73.0,-8.0
594214,-36.0,38.0
594221,-63.0,-4.0
594229,-98.0,
594233,-37.0,
594246,-84.0,
594250,-52.0,
594253,-81.0,-30.0
594258,-110.0,132.0
594280,-31.0,
594282,-156.0,
594291,-87.0,
594319,-71.0,
594326,-88.0,
594329,-44.0,
594341,-57.0,-4.0
594342,-58.0,
594359,-18.0,
594360,-42.0,
594371,-121.0,
594374,-29.0,
594376,-50.0,230.0
594395,-88.0,215.0
594399,-79.0,
594404,-30.0,
594406,-88.0,
594407,-95.0,118.0
594414,-29.0,215.0
594417,-47.0,
594419,-95.0,
594431,-31.0,
594450,-37.0,
594452,-65.0,
594454,-84.0,
594456,-88.0,
594458,-74.0,
594468,-74.0,
594470,-37.0,
594497,-17.0,
594505,-88.0,
594506,-88.0,
594507,-91.0,
594510,-79.0,46.0
594517,-88.0,
594529,-25.0,
594546,-49.0,
594547,-88.0,
594554,-63.0,
594558,-79.0,
594576,-86.0,
594578,-95.0,
594596,-35.0,
594599,-94.0,-66.0
594602,-63.0,
594603,-45.0,-15.0
594607,-86.0,
594615,-49.0,167.0
594625,-24.0,
594627,-135.0,
594629,-136.0,
594636,-67.0,216.0
594643,-88.0,
594677,-73.0,
594684,-139.0,
594693,-73.0,
594697,-30.0,
594723,-11.0,
594727,-51.0,115.0
594737,-88.0,-11.0
594745,-73.0,
594755,-22.0,0.0
594762,-87.0,
594771,-37.0,
594774,-87.0,79.0
594776,-66.0,
594800,-35.0,
594812,-62.0,11.0
594814,-50.0,
594815,-87.0,189.0
594816,-36.0,
594823,-38.0,
594834,-39.0,
594845,-63.0,
594851,-78.0,
594855,-50.0,
594864,-57.0,
594869,-67.0,
594872,-131.0,
594880,-94.0,0.0
594881,-87.0,0.0
594894,-30.0,
594901,-32.0,
594908,-96.0,
594909,-75.0,
594910,-22.0,
594925,-53.0,
594928,-52.0,
594933,-85.0,0.0
594943,-45.0,
594950,-136.0,
594956,-85.0,222.0
594963,-67.0,
594976,-87.0,
594996,-57.0,79.0
595008,-87.0,44.0
595010,-85.0,
595018,-128.0,-89.0
595023,-17.0,
595041,-10.0,53.0
595047,-85.0,-80.0
595077,-36.0,-15.0
595079,-29.0,
595094,-62.0,
595095,-85.0,0.0
595100,-35.0,-5.0
595102,-28.0,
595103,-79.0,
595106,-67.0,
595119,-57.0,67.0
595130,-63.0,
595137,-50.0,
595138,-24.0,
595150,-84.0,
595164,-85.0,
595182,-30.0,
595185,-70.0,
595186,-113.0,
595189,-24.0,
595193,-186.0,
595215,-50.0,
595230,-59.0,
595232,-22.0,38.0
595234,-30.0,25.0
595235,-74.0,
595241,-74.0,
595244,-62.0,
595246,-85.0,97.0
595256,-57.0,
595262,-31.0,
595287,-65.0,-24.0
595295,-84.0,
595298,-24.0,
595305,-91.0,
595310,-44.0,
595319,-92.0,
595324,-141.0,
595330,-28.0,
595335,-87.0,
595342,-203.0,172.0
595343,-24.0,
595345,-37.0,
595354,-58.0,
595356,-141.0,199.0
595359,-81.0,-5.0
595362,-62.0,6.0
595365,-25.0,
595373,-54.0,
595381,-53.0,
595386,-84.0,
595388,-65.0,0.0
595396,-67.0,170.0
595401,-80.0,
595420,-54.0,-47.0
595421,-162.0,
595428,-84.0,92.0
595434,-70.0,
595436,-56.0,
595440,-35.0,
595453,-36.0,0.0
595474,-29.0,
595477,-57.0,
595481,-144.0,0.0
595483,-42.0,
595492,-80.0,
595495,-70.0,
595496,-42.0,
595499,-84.0,
595501,-16.0,
595509,-50.0,
595514,-28.0,221.0
595515,-84.0,
595535,-37.0,
595553,-45.0,
595570,-67.0,
595572,-64.0,
595593,-52.0,
595594,-80.0,0.0
595601,-56.0,
595649,-15.0,
595655,-83.0,
595659,-90.0,
595672,-81.0,
595673,-137.0,-5.0
595676,-65.0,186.0
595678,-83.0,
595685,-90.0,
595686,-43.0,
595687,-36.0,
595711,-35.0,
595720,-45.0,19.0
595721,-150.0,
595723,-87.0,
595735,-60.0,
595741,-35.0,
595746,-83.0,
595752,-53.0,
595769,-53.0,
595773,-29.0,73.0
595781,-81.0,
595787,-30.0,167.0
595791,-57.0,12.0
595797,-82.0,
595808,-28.0,
595816,-31.0,
595818,-44.0,
595840,-45.0,
595842,-17.0,
595847,-80.0,
595850,-136.0,-64.0
595854,-65.0,
595868,-81.0,
595874,-81.0,
595876,-45.0,
595877,-81.0,
595883,-116.0,
595892,-157.0,
595894,-72.0,0.0
595895,-53.0,44.0
595908,-86.0,
595915,-67.0,53.0
595925,-43.0,
595927,-57.0,
595935,-81.0,65.0
595938,-46.0,
595940,-38.0,
595941,-58.0,
595943,-50.0,
595959,-43.0,
595963,-22.0,102.0
595977,-37.0,
595978,-67.0,66.0
595986,-88.0,
595988,-81.0,
595990,-29.0,0.0
595992,-199.0,26.0
596002,-42.0,234.0
596016,-79.0,
596017,-38.0,
596027,-35.0,
596029,-79.0,
596035,-156.0,227.0
596041,-80.0,148.0
596049,-49.0,41.0
596052,-25.0,9.0
596071,-74.0,
596072,-35.0,12.0
596075,-87.0,
596089,-56.0,
596091,-42.0,
596093,-87.0,
596095,-80.0,-52.0
596100,-46.0,215.0
596103,-80.0,-18.0
596104,-26.0,
596107,-80.0,
596108,-80.0,
596112,-80.0,-1.0
596114,-80.0,
596125,-62.0,
596128,-52.0,
596137,-31.0,32.0
596143,-87.0,
596144,-53.0,
596146,-73.0,93.0
596147,-74.0,
596151,-30.0,
596157,-64.0,
596171,-52.0,
596203,-102.0,94.0
596204,-57.0,
596208,-57.0,
596214,-45.0,
596221,-22.0,
596231,-57.0,60.0
596241,-80.0,-17.0
596242,-80.0,
596243,-22.0,156.0
596245,-95.0,-30.0
596253,-29.0,
596255,-39.0,
596266,-36.0,
596270,-66.0,
596275,-42.0,101.0
596288,-57.0,
596292,-87.0,202.0
596296,-66.0,
596301,-39.0,
596305,-17.0,
596306,-65.0,
596307,-10.0,
596319,-67.0,
596321,-80.0,160.0
596322,-113.0,
596326,-73.0,130.0
596332,-129.0,
596347,-17.0,
596358,-24.0,
596359,-24.0,
596360,-79.0,
596361,-74.0,
596368,-59.0,
596369,-28.0,234.0
596372,-31.0,
596376,-57.0,
596382,-22.0,
596390,-60.0,
596404,-49.0,
596406,-45.0,
596417,-56.0,
596420,-60.0,67.0
596423,-141.0,12.0
596432,-45.0,201.0
596439,-29.0,
596441,-78.0,
596451,-67.0,
596464,-65.0,164.0
596465,-199.0,
596473,-78.0,
596480,-28.0,0.0
596482,-29.0,
596490,-30.0,
596496,-21.0,12.0
596513,-141.0,
596521,-25.0,
596526,-42.0,
596527,-36.0,
596533,-88.0,
596535,-45.0,
596542,-64.0,
596570,-87.0,
596583,-65.0,
596588,-8.0,
596589,-87.0,
596593,-56.0,
596596,-57.0,
596601,-74.0,-12.0
596602,-116.0,-77.0
596614,-80.0,170.0
596618,-22.0,
596620,167.0,193.0
596624,-63.0,
596629,-32.0,
596636,-49.0,
596637,-199.0,-51.0
596641,-53.0,9.0
596646,-65.0,
596663,-22.0,151.0
596676,-31.0,116.0
596677,-60.0,
596687,-79.0,
596691,-79.0,
596693,-65.0,12.0
596694,-67.0,
596697,-51.0,
596699,-115.0,-63.0
596711,-49.0,
596728,-28.0,
596731,-86.0,
596739,-74.0,151.0
596744,-99.0,12.0
596751,-54.0,
596754,-53.0,95.0
596756,-53.0,
596758,-149.0,
596759,-109.0,
596774,-63.0,-51.0
596789,-22.0,
596801,-43.0,
596805,-24.0,114.0
596812,-25.0,
596814,-79.0,
596819,-24.0,
596820,-79.0,
596824,-29.0,
596828,-71.0,
596829,-74.0,137.0
596845,-80.0,
596846,-73.0,
596847,-56.0,
596849,-37.0,
596855,-127.0,12.0
596858,-51.0,135.0
596860,-43.0,
596892,-79.0,
596897,-28.0,
596903,-110.0,
596906,-15.0,
596931,-57.0,
596938,-53.0,
596943,-45.0,
596947,-67.0,
596953,-85.0,95.0
596961,-74.0,
596964,-74.0,
596978,-56.0,-17.0
596981,-22.0,
596982,-65.0,
596988,-71.0,-15.0
597010,-85.0,
597023,-50.0,-1.0
597033,-46.0,
597037,-8.0,
597045,-43.0,
597050,-22.0,
597052,-102.0,
597058,-85.0,
597060,-66.0,
597074,-51.0,
597078,-32.0,
597097,-38.0,
597098,-12.0,
597102,-56.0,
597109,-66.0,-30.0
597114,-50.0,
597142,-60.0,
597152,-56.0,
597166,-58.0,37.0
597178,-38.0,150.0
597181,-66.0,
597190,-44.0,-23.0
597192,-81.0,-14.0
597199,-22.0,
597204,-28.0,
597206,-67.0,
597212,-50.0,158.0
597234,-71.0,
597235,-74.0,
597238,-74.0,200.0
597241,-74.0,
597242,-22.0,5.0
597243,-27.0,
597252,-18.0,101.0
597253,-37.0,
597255,-74.0,150.0
597286,-27.0,
597289,-25.0,
597293,-71.0,
597299,-38.0,
597301,-62.0,
597308,-57.0,-35.0
597316,-200.0,
597319,-67.0,
597321,-74.0,76.0
597333,-37.0,
597335,-53.0,
597356,-156.0,142.0
597359,-22.0,171.0
597360,-26.0,
597363,-63.0,
597365,-73.0,
597376,-46.0,
597378,-150.0,52.0
597379,-138.0,-64.0
597386,-74.0,82.0
597391,-134.0,12.0
597402,-67.0,-4.0
597403,-52.0,
597415,-67.0,
597426,-34.0,
597428,-43.0,
597433,-81.0,
597436,-100.0,
597443,-74.0,
597451,-45.0,62.0
597453,-81.0,-66.0
597459,-42.0,
597485,-52.0,
597495,-149.0,
597504,-60.0,-26.0
597515,-50.0,
597529,-148.0,
597532,-74.0,213.0
597539,-85.0,
597555,-71.0,-14.0
597557,-74.0,0.0
597560,-42.0,
597561,-70.0,-10.0
597571,-22.0,
597573,-32.0,
597582,-32.0,
597597,-57.0,
597602,-81.0,
597608,-39.0,
597610,-30.0,81.0
597617,-36.0,
597627,-63.0,
597662,-24.0,
597669,-38.0,
597689,-25.0,
597715,-74.0,
597726,-70.0,
597730,-134.0,
597732,-66.0,
597737,-45.0,
597740,-28.0,
597742,-60.0,
597744,-197.0,-163.0
597747,-29.0,
597754,-70.0,-16.0
597755,-58.0,
597761,-57.0,-23.0
597770,-63.0,
597779,-99.0,206.0
597786,-22.0,
597787,-27.0,
597790,-22.0,
597791,-32.0,
597797,-73.0,
597814,-85.0,59.0
597817,-74.0,
597819,-73.0,
597839,-45.0,130.0
597853,-109.0,121.0
597866,-73.0,
597871,-53.0,
597878,-59.0,
597880,-74.0,11.0
597882,-36.0,
597886,-71.0,
597894,-43.0,
597906,-52.0,
597909,-4.0,
597912,-45.0,
597924,-36.0,18.0
597926,-22.0,
597931,-63.0,0.0
597936,-25.0,
597937,-51.0,
597938,-59.0,
597941,-24.0,
597948,-49.0,
597968,-50.0,
597971,-25.0,
598000,-71.0,
598001,-46.0,
598017,-127.0,
598028,-37.0,
598032,-59.0,
598035,-79.0,
598052,-78.0,
598064,-65.0,
598070,-150.0,-2.0
598074,-31.0,
598077,-43.0,
598089,-80.0,102.0
598102,-46.0,
598103,-91.0,
598107,-32.0,
598113,-23.0,
598123,-78.0,133.0
598127,-99.0,
598139,-39.0,
598141,-36.0,
598150,-145.0,-103.0
598176,-26.0,
598178,-29.0,
598179,-103.0,
598199,-28.0,-25.0
598201,-74.0,
598202,-43.0,
598213,-52.0,
598215,-56.0,
598226,-35.0,
598230,-31.0,
598235,-36.0,
598243,-32.0,
598246,-73.0,
598250,-41.0,94.0
598252,-22.0,
598253,-15.0,
598259,-67.0,-36.0
598260,-28.0,240.0
598268,-67.0,-1.0
598279,-43.0,
598282,-94.0,
598283,-43.0,68.0
598285,-71.0,
598294,-32.0,
598299,-71.0,
598300,-25.0,
598303,-24.0,
598306,-71.0,
598308,-71.0,38.0
598313,-117.0,67.0
598315,-71.0,
598317,-49.0,-38.0
598321,-51.0,
598323,-37.0,60.0
598327,-26.0,
598351,-71.0,
598353,-29.0,9.0
598362,,-119.0
598376,-32.0,
598385,-67.0,
598394,-66.0,0.0
598395,-32.0,58.0
598406,-25.0,
598415,-30.0,209.0
598420,-39.0,
598421,-37.0,
598430,-52.0,12.0
598442,-9.0,4.0
598451,-24.0,79.0
598462,-46.0,
598478,-44.0,97.0
598480,-65.0,
598493,-99.0,12.0
598495,-110.0,
598496,-43.0,
598498,-67.0,103.0
598501,-37.0,
598503,-46.0,65.0
598516,-74.0,
598536,-50.0,207.0
598538,-67.0,
598540,-153.0,
598543,-71.0,
598546,-36.0,
598547,-43.0,
598555,-71.0,
598559,-155.0,
598562,-71.0,
598564,-92.0,
598571,-29.0,
598573,-36.0,143.0
598581,-88.0,
598582,-150.0,-47.0
598596,-67.0,0.0
598614,-65.0,
598623,-57.0,
598624,-185.0,
598629,-67.0,0.0
598637,-74.0,
598642,-23.0,
598649,-67.0,
598650,-74.0,
598662,-59.0,
598664,-59.0,
598665,-55.0,
598666,-60.0,153.0
598667,-36.0,
598694,-193.0,
598701,-53.0,
598706,-67.0,
598709,-36.0,
598713,-141.0,
598717,-37.0,
598731,-50.0,108.0
598750,-22.0,
598751,-28.0,
598752,-46.0,226.0
598757,-31.0,97.0
598760,-30.0,
598761,-52.0,
598762,-57.0,
598769,-25.0,
598788,-22.0,
598809,-19.0,
598819,-8.0,
598821,-15.0,0.0
598824,-42.0,
598835,-58.0,
598836,-24.0,0.0
598837,-99.0,
598840,-44.0,
598842,-63.0,
598860,-29.0,
598865,-67.0,
598883,-42.0,
598887,-67.0,235.0
598901,-67.0,-51.0
598907,-53.0,
598914,-56.0,
598918,-24.0,
598921,-37.0,
598923,-39.0,
598924,-31.0,
598939,-124.0,12.0
598949,-51.0,150.0
598962,-31.0,213.0
598963,-28.0,
598966,-67.0,
598969,-67.0,
598973,-67.0,
598983,-28.0,
598986,-63.0,
598989,-70.0,
599000,-24.0,
599007,-101.0,20.0
599009,-36.0,
599016,-28.0,
599037,-67.0,
599048,-178.0,
599049,-38.0,
599056,-17.0,
599059,-22.0,
599068,-73.0,
599080,-16.0,
599083,-131.0,
599084,-9.0,107.0
599094,-35.0,
599101,-72.0,-7.0
599104,-51.0,
599105,-186.0,143.0
599108,-57.0,
599109,-74.0,
599114,-36.0,30.0
599117,-97.0,
599132,-29.0,
599134,-17.0,
599144,-8.0,
599146,-66.0,
599161,-43.0,30.0
599168,-63.0,
599169,-36.0,
599176,-65.0,
599177,-74.0,
599199,-67.0,
599202,-110.0,
599206,-65.0,
599207,-68.0,
599215,-25.0,
599230,-67.0,
599232,-58.0,-6.0
599245,-60.0,
599262,-64.0,0.0
599263,-28.0,-11.0
599267,-37.0,
599270,-59.0,53.0
599275,-15.0,
599276,-28.0,
599277,-80.0,
599278,-22.0,
599282,-46.0,
599284,-29.0,
599289,-66.0,
599292,-60.0,
599297,-57.0,
599306,-29.0,
599314,-74.0,
599315,-17.0,
599323,-64.0,
599341,-46.0,-23.0
599355,-53.0,
599370,-58.0,
599382,-188.0,-36.0
599385,-37.0,
599398,-72.0,
599402,-49.0,
599406,-53.0,-7.0
599410,-36.0,
599423,-66.0,37.0
599425,-22.0,
599427,-29.0,
599429,-3.0,23.0
599430,-59.0,-46.0
599432,-67.0,79.0
599434,-58.0,
599445,-32.0,
599448,-43.0,
599452,-29.0,
599456,-66.0,-56.0
599461,-15.0,12.0
599464,-66.0,-26.0
599467,-64.0,
599468,-57.0,
599475,-45.0,-26.0
599478,-35.0,
599479,-32.0,
599480,-136.0,-60.0
599491,-31.0,
599495,-141.0,
599499,-29.0,
599503,-22.0,
599520,-66.0,-65.0
599529,-22.0,
599542,-66.0,
599547,-60.0,0.0
599553,-24.0,
599554,-129.0,
599559,-31.0,
599568,-53.0,
599570,-66.0,
599577,-53.0,
599585,-53.0,
599587,-3.0,
599588,-32.0,
599595,-66.0,93.0
599606,-53.0,5.0
599615,-38.0,94.0
599620,-46.0,
599639,-36.0,131.0
599640,-66.0,
599644,-36.0,
599649,-53.0,12.0
599651,-21.0,
599655,-73.0,
599658,-24.0,
599663,-42.0,
599683,-58.0,
599709,-15.0,
599711,-53.0,89.0
599718,-53.0,
599725,-50.0,
599737,-44.0,
599739,-10.0,
599740,-25.0,
599741,-69.0,231.0
599742,-56.0,122.0
599748,-27.0,
599768,-36.0,
599769,-94.0,
599776,-63.0,0.0
599783,-45.0,
599785,-66.0,
599787,-66.0,
599789,-81.0,
599794,-66.0,
599795,-32.0,180.0
599802,-66.0,
599804,-38.0,
599805,-65.0,61.0
599812,-185.0,
599815,-29.0,
599816,-31.0,
599836,-46.0,
599837,-43.0,208.0
599840,-65.0,
599853,-39.0,
599854,-43.0,
599857,-28.0,
599865,-28.0,
599876,-67.0,-49.0
599877,-60.0,-4.0
599893,-27.0,
599895,-65.0,
599902,-53.0,
599907,-37.0,
599908,-46.0,
599937,-93.0,30.0
599942,-53.0,174.0
599947,-72.0,
599957,-30.0,65.0
599958,-15.0,
599960,-43.0,90.0
599963,-22.0,
599976,-123.0,
599982,-65.0,0.0
599986,-182.0,-171.0
599990,-94.0,
599994,-63.0,95.0
600006,-43.0,0.0
600032,-45.0,
600033,-134.0,
600035,-36.0,
600037,-35.0,-26.0
600042,-31.0,-5.0
600067,-64.0,
600071,-45.0,
600073,-15.0,
600077,-60.0,
600081,-32.0,
600094,-67.0,228.0
600097,-45.0,
600121,-63.0,
600127,-35.0,
600130,-141.0,227.0
600142,-53.0,
600175,-15.0,
600181,-131.0,219.0
600187,-56.0,
600198,-19.0,
600202,-22.0,
600211,-15.0,
600218,-57.0,0.0
600224,-63.0,
600242,-60.0,
600243,-38.0,
600254,-25.0,3.0
600259,-121.0,-7.0
600263,-43.0,
600266,-22.0,
600267,-92.0,222.0
600273,-32.0,25.0
600277,-45.0,
600279,-59.0,
600289,-45.0,-7.0
600292,-22.0,
600305,-26.0,
600315,-24.0,
600320,-37.0,167.0
600325,-24.0,
600335,-29.0,
600350,-22.0,
600365,-35.0,
600367,-60.0,
600370,-3.0,
600387,-22.0,
600388,-181.0,
600390,-73.0,60.0
600397,-23.0,
600398,-141.0,
600404,-49.0,
600405,-22.0,
600407,-63.0,-2.0
600415,-51.0,
600428,-63.0,135.0
600436,-63.0,177.0
600449,-44.0,94.0
600461,-45.0,
600463,-39.0,
600470,-31.0,
600471,-42.0,
600476,-1.0,
600478,-52.0,
600490,-36.0,
600502,-162.0,
600509,-63.0,
600514,-56.0,
600515,-63.0,
600525,-70.0,-15.0
600535,-24.0,
600541,-49.0,101.0
600542,-42.0,
600547,-45.0,
600554,-44.0,46.0
600558,-31.0,
600564,-32.0,-5.0
600566,-17.0,
600579,-50.0,234.0
600606,-35.0,
600615,-25.0,108.0
600616,-150.0,5.0
600623,-56.0,-2.0
600632,-129.0,
600635,-58.0,
600645,-28.0,
600648,-59.0,137.0
600658,-70.0,
600664,-151.0,
600667,-59.0,0.0
600670,-17.0,
600671,-70.0,
600676,-53.0,
600680,-59.0,
600681,-63.0,0.0
600682,-43.0,
600684,-30.0,
600686,-66.0,
600702,-8.0,
600714,-85.0,
600733,-67.0,
600740,-62.0,
600746,-60.0,43.0
600748,-62.0,17.0
600749,-60.0,
600753,-69.0,-50.0
600766,-98.0,
600767,-36.0,
600770,-36.0,
600771,-53.0,
600773,-52.0,204.0
600796,-49.0,
600801,-25.0,
600808,-53.0,199.0
600814,-172.0,11.0
600816,-62.0,61.0
600817,-66.0,
600833,-38.0,
600842,-69.0,-7.0
600844,-60.0,0.0
600845,-31.0,
600856,-44.0,
600859,-49.0,216.0
600860,-43.0,
600869,-45.0,
600879,-122.0,-51.0
600891,-54.0,
600893,-93.0,156.0
600895,-63.0,
600898,-67.0,-4.0
600906,-63.0,136.0
600908,-45.0,
600916,-32.0,
600938,-49.0,
600944,-60.0,
600945,-60.0,
600947,-53.0,
600955,-50.0,-32.0
600963,-67.0,228.0
600966,-21.0,
600967,-60.0,
600975,-80.0,65.0
600978,-57.0,5.0
600987,-124.0,
600991,-32.0,
600999,-58.0,
601008,-21.0,
601010,-47.0,
601021,-38.0,
601040,-36.0,
601042,-60.0,
601043,-169.0,
601048,-67.0,
601054,-58.0,53.0
601064,-50.0,
601074,-52.0,47.0
601080,-51.0,
601082,-53.0,
601088,-38.0,
601092,-37.0,
601093,-24.0,
601099,-60.0,
601104,-37.0,
601105,-56.0,
601122,-24.0,-4.0
601123,-39.0,
601125,-43.0,
601126,-45.0,
601132,-36.0,
601133,-50.0,
601155,-23.0,88.0
601157,-60.0,31.0
601175,-17.0,
601180,-45.0,186.0
601182,-46.0,
601184,-42.0,
601199,-39.0,
601204,-32.0,165.0
601211,-24.0,
601213,-53.0,
601217,-43.0,194.0
601223,-50.0,107.0
601224,-46.0,
601230,-37.0,
601234,-22.0,
601235,-28.0,
601238,-100.0,
601239,-22.0,
601243,-29.0,
601247,-81.0,
601248,-45.0,41.0
601251,-60.0,
601263,-66.0,
601266,-43.0,180.0
601269,-46.0,
601270,-32.0,23.0
601271,-28.0,122.0
601275,-38.0,
601276,-37.0,
601280,-64.0,-15.0
601285,-161.0,-12.0
601286,-42.0,123.0
601289,-65.0,202.0
601293,-52.0,
601310,-26.0,
601316,-175.0,20.0
601319,-67.0,
601329,-29.0,150.0
601345,-46.0,
601346,-46.0,
601356,-179.0,
601360,-36.0,
601370,-38.0,9.0
601375,-132.0,
601380,-50.0,
601386,-22.0,
601388,-59.0,
601389,-59.0,
601390,-53.0,
601392,-60.0,28.0
601399,-59.0,
601407,-58.0,143.0
601414,-38.0,
601418,-20.0,
601424,-56.0,5.0
601430,-52.0,
601431,-14.0,
601433,-29.0,
601435,-134.0,0.0
601439,-28.0,
601455,-11.0,
601464,-22.0,
601465,-44.0,
601467,-37.0,
601472,-3.0,153.0
601488,-42.0,-1.0
601491,-58.0,0.0
601497,-28.0,
601499,-28.0,
601504,-3.0,
601505,-30.0,
601511,-38.0,
601517,-17.0,
601529,-49.0,
601534,-32.0,
601546,-38.0,
601550,-110.0,
601551,-30.0,
601558,-12.0,
601560,-22.0,
601566,-66.0,
601567,-23.0,
601576,-17.0,
601579,-58.0,
601581,-28.0,
601583,-58.0,
601599,-74.0,
601605,-38.0,
601616,-36.0,
601635,-29.0,
601640,-58.0,-4.0
601645,-25.0,
601649,-123.0,-46.0
601652,-99.0,58.0
601653,-20.0,
601655,-59.0,
601678,-137.0,-86.0
601680,-25.0,171.0
601681,-31.0,
601706,-58.0,235.0
601731,-44.0,30.0
601735,-82.0,
601745,-58.0,
601753,-67.0,25.0
601757,-53.0,
601761,-58.0,132.0
601783,-25.0,30.0
601788,-57.0,
601803,-155.0,
601808,-44.0,
601820,-2.0,
601827,-58.0,171.0
601854,-31.0,
601855,-57.0,-17.0
601857,-56.0,
601862,-72.0,
601872,-138.0,
601873,-31.0,
601874,-4.0,
601882,-113.0,-53.0
601885,-58.0,
601887,-58.0,
601892,-22.0,
601896,-53.0,
601914,-35.0,
601930,-81.0,53.0
601934,-52.0,
601939,-22.0,
601949,-22.0,
601951,-52.0,
601952,-32.0,
601956,-134.0,
601963,-37.0,
601983,-26.0,
601997,-63.0,170.0
602004,-60.0,-42.0
602007,-38.0,
602009,-58.0,
602011,-25.0,30.0
602014,-35.0,
602023,-25.0,
602026,-22.0,
602029,-122.0,
602030,-58.0,97.0
602032,-57.0,
602037,-29.0,0.0
602042,-40.0,
602045,-127.0,
602053,-57.0,174.0
602061,-29.0,
602066,-35.0,
602072,-59.0,
602097,-29.0,
602099,-19.0,
602107,-22.0,
602109,-25.0,
602111,-25.0,
602123,-123.0,
602133,-37.0,
602147,-18.0,
602150,-50.0,20.0
602151,-37.0,
602152,-46.0,-17.0
602168,-42.0,
602175,-42.0,
602185,-60.0,
602228,-109.0,
602233,-22.0,
602244,-53.0,
602245,-45.0,
602268,-35.0,
602269,-25.0,
602275,-51.0,
602288,-49.0,
602302,-60.0,
602312,-64.0,68.0
602318,-27.0,
602320,-57.0,61.0
602324,-56.0,
602344,-22.0,
602356,-38.0,
602360,-18.0,
602365,-144.0,
602389,-46.0,
602395,-56.0,
602398,-56.0,
602401,-31.0,
602404,-29.0,
602406,-38.0,42.0
602413,-39.0,20.0
602424,-22.0,
602448,16.0,
602451,-45.0,
602452,-63.0,96.0
602453,-59.0,55.0
602454,-85.0,
602458,-46.0,
602468,-56.0,
602469,-50.0,
602470,-22.0,
602471,-81.0,
602483,-29.0,
602496,-32.0,
602502,-29.0,131.0
602511,-44.0,
602516,-31.0,
602528,-35.0,
602531,-22.0,
602533,-148.0,
602569,-28.0,
602570,-129.0,
602571,-175.0,66.0
602573,-28.0,
602577,-45.0,
602585,-43.0,40.0
602592,-30.0,
602594,-36.0,
602595,-50.0,
602598,-53.0,
602600,-37.0,
602604,-29.0,
602607,-24.0,
602616,-24.0,118.0
602631,-31.0,-1.0
602634,-29.0,0.0
602652,-45.0,37.0
602655,-60.0,5.0
602659,-42.0,-5.0
602663,-29.0,
602666,-53.0,9.0
602669,-35.0,
602672,-53.0,-1.0
602681,-23.0,
602683,-102.0,
602692,-42.0,-29.0
602696,-153.0,
602703,-51.0,
602706,-59.0,-32.0
602707,-73.0,
602711,-29.0,
602713,-29.0,
602718,-44.0,
602719,-32.0,
602721,-25.0,
602725,-36.0,
602729,-51.0,
602734,-32.0,
602739,-53.0,189.0
602745,-123.0,152.0
602767,-53.0,
602768,-29.0,
602777,-36.0,
602779,-30.0,
602780,-37.0,
602781,-53.0,0.0
602783,-56.0,
602792,-45.0,131.0
602803,-52.0,12.0
602806,-150.0,-80.0
602811,-19.0,
602815,-47.0,
602816,-52.0,
602818,-131.0,
602820,-34.0,
602826,-53.0,
602827,-29.0,
602830,-60.0,
602837,-51.0,
602854,-75.0,
602856,-59.0,
602858,-25.0,
602862,-28.0,
602863,-31.0,194.0
602865,-157.0,
602891,-41.0,-1.0
602895,-49.0,
602898,-154.0,38.0
602902,-60.0,
602913,-25.0,
602929,-128.0,
602943,-53.0,
602944,-51.0,
602948,-49.0,
602971,-53.0,-5.0
602973,-101.0,
602986,-39.0,
602991,-107.0,
602994,-32.0,137.0
602997,-24.0,51.0
603012,-31.0,
603030,-53.0,
603034,-42.0,
603035,-49.0,
603036,-53.0,
603038,-53.0,
603044,-25.0,
603049,-37.0,
603052,-53.0,-33.0
603053,-46.0,
603055,-38.0,
603058,-29.0,
603059,-27.0,
603061,-103.0,174.0
603064,-100.0,
603108,-80.0,
603111,-29.0,93.0
603112,-53.0,
603113,-53.0,3.0
603121,-11.0,
603123,-36.0,
603124,-121.0,2.0
603129,-63.0,
603148,-53.0,47.0
603155,-38.0,
603163,-89.0,
603164,-42.0,
603165,-35.0,
603170,-52.0,
603179,-20.0,
603199,-25.0,135.0
603200,-85.0,
603201,-59.0,-3.0
603203,-161.0,-152.0
603204,-29.0,-18.0
603210,-4.0,
603216,-28.0,
603220,-52.0,
603222,-52.0,
603224,-35.0,
603230,-37.0,
603231,-45.0,
603239,-162.0,
603241,-171.0,-80.0
603260,-50.0,103.0
603265,-28.0,
603270,-52.0,
603287,-46.0,
603296,-30.0,5.0
603300,-22.0,
603302,-57.0,60.0
603303,-30.0,
603309,-51.0,
603319,-151.0,143.0
603325,-57.0,
603327,-36.0,
603328,-35.0,
603341,-42.0,
603348,-177.0,-110.0
603357,-32.0,26.0
603365,-24.0,
603389,-52.0,
603398,-30.0,
603406,-30.0,
603410,-50.0,
603423,-50.0,130.0
603431,-53.0,
603437,-51.0,
603440,-52.0,
603446,-52.0,
603455,-51.0,
603469,-45.0,
603471,-43.0,0.0
603477,-25.0,
603483,-110.0,160.0
603490,-67.0,12.0
603493,-71.0,149.0
603498,-58.0,
603503,-46.0,
603513,-38.0,
603516,-51.0,-18.0
603529,-43.0,
603531,-29.0,
603539,-129.0,
603543,-82.0,
603559,-101.0,
603560,-45.0,55.0
603565,-50.0,180.0
603573,-36.0,
603575,-51.0,-22.0
603576,-51.0,
603579,-38.0,
603580,-17.0,
603585,-22.0,
603597,-31.0,
603600,-49.0,
603601,-32.0,
603611,-51.0,
603612,-8.0,
603620,-60.0,
603627,-28.0,
603639,-51.0,
603648,-17.0,
603651,-51.0,
603661,-30.0,
603669,-57.0,25.0
603684,-43.0,0.0
603685,-58.0,
603690,-61.0,
603694,-164.0,
603700,-71.0,
603726,-36.0,12.0
603728,-56.0,
603730,-58.0,
603731,-84.0,
603733,-50.0,
603739,-81.0,151.0
603740,-39.0,
603746,-122.0,
603749,-51.0,-30.0
603762,-164.0,
603763,-22.0,
603789,-22.0,0.0
603791,-22.0,
603803,-57.0,60.0
603818,-32.0,144.0
603819,-37.0,
603827,-37.0,
603832,-165.0,111.0
603834,-5.0,
603848,-32.0,102.0
603850,-57.0,18.0
603859,-17.0,
603861,-38.0,241.0
603873,-37.0,10.0
603888,-93.0,-59.0
603908,-22.0,
603910,-15.0,94.0
603912,-28.0,
603913,-31.0,
603918,-32.0,
603921,-8.0,
603931,-57.0,-52.0
603953,-56.0,-9.0
603961,-85.0,
603972,-165.0,195.0
603979,-98.0,34.0
603999,-164.0,-158.0
604027,-81.0,25.0
604050,-46.0,
604055,-45.0,
604057,-37.0,
604061,-115.0,
604064,-26.0,
604072,-56.0,
604078,-169.0,-52.0
604079,-49.0,5.0
604087,-29.0,
604095,-36.0,
604096,-31.0,
604106,-141.0,
604110,-36.0,
604116,-22.0,
604118,-38.0,
604142,-49.0,159.0
604147,-32.0,
604151,-19.0,
604153,-22.0,
604154,-3.0,
604156,-44.0,
604161,-15.0,-2.0
604164,-29.0,136.0
604172,-44.0,
604174,-29.0,
604184,-25.0,
604187,-32.0,
604196,-22.0,
604200,-42.0,
604204,-3.0,
604213,-36.0,
604228,-49.0,66.0
604234,-165.0,
604238,-42.0,
604258,-37.0,65.0
604267,-175.0,82.0
604270,-138.0,
604281,-50.0,
604292,-38.0,
604293,-168.0,
604296,-31.0,0.0
604298,-32.0,0.0
604315,-49.0,
604317,-51.0,
604326,-93.0,
604336,-26.0,
604337,-25.0,
604338,-25.0,
604340,-146.0,-45.0
604356,-49.0,
604358,-52.0,
604375,-35.0,-33.0
604378,-49.0,
604379,-30.0,
604392,-32.0,0.0
604393,-22.0,
604398,,-1.0
604416,-35.0,
604423,-35.0,
604427,-46.0,
604449,-45.0,0.0
604462,-53.0,
604471,-43.0,
604478,-31.0,
604480,,-168.0
604482,-92.0,
604490,-124.0,69.0
604498,-56.0,
604500,-17.0,
604502,-121.0,
604504,-12.0,
604514,-32.0,
604517,-32.0,
604523,-30.0,19.0
604534,-26.0,
604536,-26.0,
604539,-22.0,
604543,-38.0,
604546,-39.0,89.0
604556,-37.0,
604559,-53.0,
604567,-52.0,
604571,-29.0,
604574,-53.0,146.0
604581,-32.0,
604583,-28.0,67.0
604588,-31.0,220.0
604606,-45.0,80.0
604610,-35.0,0.0
604614,-144.0,-1.0
604619,-46.0,-25.0
604627,-44.0,
604632,,12.0
604633,-46.0,
604635,-25.0,
604641,-36.0,
604643,-46.0,0.0
604652,-36.0,-29.0
604655,-53.0,223.0
604665,-113.0,0.0
604671,-65.0,
604678,-122.0,-113.0
604685,-44.0,
604692,-53.0,90.0
604694,-88.0,69.0
604698,-50.0,
604700,-30.0,
604704,-78.0,60.0
604709,-65.0,
604721,-31.0,
604723,-17.0,
604725,-116.0,
604729,-53.0,-22.0
604731,-42.0,
604741,-15.0,
604752,-46.0,
604755,-17.0,
604766,-38.0,
604789,-164.0,
604799,-45.0,
604817,-45.0,
604825,-122.0,158.0
604828,-24.0,
604854,-43.0,
604875,-25.0,14.0
604879,-43.0,
604889,-45.0,2.0
604901,-115.0,
604905,-131.0,
604906,-42.0,
604907,-32.0,
604912,-36.0,0.0
604916,-22.0,
604917,-24.0,
604918,-29.0,
604919,-36.0,
604921,-4.0,
604923,-8.0,
604930,-53.0,
604932,-8.0,
604939,-46.0,
604942,-5.0,
604945,-32.0,
604946,-46.0,6.0
604950,-29.0,
604951,-29.0,
604952,-51.0,130.0
604962,-8.0,44.0
604966,-8.0,
604969,-149.0,209.0
604980,-29.0,
604982,-8.0,
604990,-162.0,
604991,-141.0,
604997,-27.0,
605005,-36.0,12.0
605009,-37.0,
605012,-30.0,
605027,-26.0,
605048,-38.0,
605068,-162.0,
605069,-21.0,
605070,-39.0,
605072,-37.0,
605089,-136.0,
605091,-46.0,33.0
605102,-45.0,
605105,-51.0,
605108,,-46.0
605111,-32.0,
605118,-31.0,
605125,-9.0,
605129,-7.0,
605130,-100.0,-25.0
605131,-164.0,0.0
605136,-127.0,26.0
605144,-39.0,
605145,-43.0,0.0
605156,-22.0,
605176,-24.0,
605180,-36.0,209.0
605186,-28.0,
605191,-42.0,
605195,-22.0,
605207,-31.0,
605225,-28.0,
605228,-45.0,0.0
605243,-157.0,
605245,-39.0,
605246,-30.0,
605255,-36.0,
605262,-28.0,-5.0
605264,-31.0,
605265,-30.0,
605266,-51.0,
605269,-43.0,186.0
605292,-38.0,12.0
605294,-25.0,
605301,-37.0,
605306,-26.0,187.0
605309,-45.0,
605312,-130.0,
605313,-26.0,184.0
605325,-17.0,
605327,-31.0,
605361,-30.0,
605367,-53.0,
605370,-104.0,
605372,-45.0,
605375,-66.0,
605383,-28.0,48.0
605388,-31.0,-19.0
605390,-31.0,
605394,-29.0,
605409,-31.0,
605438,-38.0,
605445,-88.0,
605459,-24.0,
605468,-46.0,117.0
605474,-116.0,
605475,-25.0,
605476,-24.0,
605480,-44.0,130.0
605488,-136.0,
605493,-25.0,
605494,-44.0,
605505,-37.0,220.0
605521,-51.0,
605522,-17.0,
605538,-25.0,
605540,-51.0,
605541,-29.0,
605545,-44.0,193.0
605556,-8.0,
605561,-39.0,
605571,-24.0,
605587,-30.0,97.0
605589,-42.0,
605594,-35.0,
605595,-44.0,
605596,-161.0,
605597,-64.0,
605598,-38.0,
605621,-43.0,
605652,19.0,70.0
605666,-30.0,
605672,-169.0,
605676,-30.0,-1.0
605679,-36.0,
605682,-58.0,
605688,-36.0,
605691,-32.0,9.0
605692,-19.0,
605693,-156.0,
605695,-137.0,
605702,-71.0,
605703,-50.0,
605733,-43.0,
605756,-44.0,
605759,-90.0,226.0
605770,-30.0,
605771,-82.0,-51.0
605781,-17.0,
605828,-17.0,
605832,-21.0,
605836,-72.0,
605840,-115.0,
605854,-38.0,
605859,-37.0,136.0
605861,-29.0,
605868,-63.0,
605876,-129.0,
605882,-3.0,41.0
605885,-42.0,165.0
605886,-36.0,
605890,-121.0,
605901,-31.0,
605905,-37.0,
605908,-42.0,173.0
605914,-22.0,-16.0
605916,-44.0,
605920,-24.0,
605921,-37.0,
605926,-43.0,-26.0
605930,-17.0,
605939,-45.0,-7.0
605940,-38.0,167.0
605941,-50.0,
605954,-31.0,
605956,-155.0,216.0
605971,-156.0,-109.0
605974,-42.0,
605977,-31.0,
605988,-43.0,
605993,-31.0,
605996,-73.0,
606002,-35.0,
606004,-29.0,4.0
606006,-32.0,117.0
606025,-50.0,0.0
606027,-51.0,
606028,-26.0,
606036,-22.0,34.0
606047,-36.0,
606052,-24.0,
606062,-43.0,
606063,-43.0,114.0
606064,-30.0,
606069,-121.0,
606075,-32.0,
606079,-28.0,
606082,-19.0,
606089,-80.0,12.0
606097,-35.0,
606101,-11.0,
606104,-29.0,
606105,-100.0,
606127,-109.0,18.0
606134,-108.0,
606143,-43.0,
606155,-161.0,-9.0
606167,-21.0,
606170,-29.0,
606175,-103.0,
606179,-43.0,
606182,-138.0,
606189,-28.0,4.0
606190,-31.0,-11.0
606194,-10.0,
606205,-116.0,-59.0
606206,-17.0,
606229,-42.0,
606233,-24.0,
606239,-30.0,
606245,-24.0,
606247,-44.0,-4.0
606257,-43.0,
606270,-49.0,
606274,-100.0,
606282,-161.0,
606290,-134.0,0.0
606293,-71.0,-32.0
606296,-50.0,
606300,-146.0,-59.0
606303,-38.0,-12.0
606304,-36.0,
606313,-64.0,
606319,-35.0,
606322,-49.0,
606333,-42.0,0.0
606335,-108.0,-7.0
606344,-36.0,
606345,-25.0,
606350,-15.0,
606355,-42.0,150.0
606369,-42.0,-11.0
606373,-22.0,
606377,-38.0,
606386,-32.0,
606388,-17.0,67.0
606389,-117.0,
606391,-22.0,
606407,-32.0,157.0
606409,-26.0,
606410,-22.0,
606412,-17.0,
606414,-22.0,
606417,-157.0,-105.0
606418,-29.0,32.0
606420,-8.0,
606422,-31.0,
606425,-42.0,103.0
606426,-2.0,16.0
606428,-38.0,89.0
606435,-24.0,
606436,-21.0,166.0
606442,-136.0,
606444,-31.0,
606450,-25.0,
606458,-1.0,
606459,-22.0,74.0
606463,-49.0,
606465,-22.0,
606471,-49.0,
606477,-21.0,110.0
606492,-49.0,
606496,-38.0,
606497,-29.0,
606501,-99.0,38.0
606513,-37.0,131.0
606517,-29.0,
606529,-88.0,
606531,-81.0,
606535,-85.0,
606546,-42.0,
606562,-42.0,
606570,-24.0,
606572,-30.0,
606574,-29.0,
606586,-73.0,
606593,-32.0,122.0
606602,-16.0,
606606,-32.0,
606607,-22.0,108.0
606612,-25.0,30.0
606627,-29.0,-1.0
606634,-96.0,
606651,-38.0,
606663,-156.0,-51.0
606665,-45.0,
606685,-21.0,
606690,-23.0,
606697,-10.0,
606705,-61.0,
606707,-60.0,
606711,-36.0,
606712,-29.0,
606713,-22.0,
606719,-32.0,4.0
606724,-36.0,
606736,-38.0,73.0
606743,-38.0,
606757,-107.0,
606762,-38.0,
606788,-35.0,
606797,-29.0,0.0
606802,-157.0,90.0
606805,-80.0,143.0
606815,-27.0,
606817,-38.0,
606827,-38.0,47.0
606828,-82.0,
606835,-38.0,
606837,-109.0,
606856,-57.0,158.0
606858,-59.0,
606861,-135.0,
606864,-24.0,
606869,-26.0,
606870,-22.0,
606884,-103.0,
606895,-24.0,
606903,-38.0,
606904,-34.0,
606905,-44.0,0.0
606908,-45.0,
606911,-32.0,13.0
606914,-150.0,163.0
606918,-38.0,
606930,-36.0,192.0
606935,-29.0,
606939,-37.0,
606966,-25.0,
606967,-24.0,-1.0
606972,-30.0,30.0
606976,-25.0,
606977,-146.0,
606990,-38.0,
606998,-38.0,
607011,-28.0,
607018,-24.0,
607047,-25.0,
607052,-38.0,
607060,-38.0,
607061,-36.0,
607062,-31.0,30.0
607063,-140.0,-72.0
607068,-24.0,30.0
607073,-45.0,
607080,-31.0,-3.0
607085,-38.0,
607094,-16.0,
607097,-38.0,
607108,-163.0,
607110,-22.0,166.0
607118,-31.0,
607130,-51.0,
607134,-32.0,
607135,-31.0,
607143,-38.0,
607151,-45.0,
607163,-26.0,
607176,-35.0,200.0
607178,-17.0,
607196,-35.0,
607200,-28.0,
607214,-50.0,16.0
607220,-137.0,
607231,-42.0,
607235,-95.0,
607243,-56.0,
607247,-36.0,
607256,-28.0,
607286,-22.0,89.0
607293,-22.0,
607300,10.0,
607303,-24.0,
607309,-38.0,79.0
607316,-31.0,
607337,-26.0,
607339,-164.0,0.0
607342,-29.0,
607380,-123.0,
607382,-38.0,
607387,-28.0,
607398,-37.0,
607407,-29.0,
607411,-96.0,35.0
607413,-93.0,-46.0
607427,-39.0,68.0
607429,-28.0,
607436,-131.0,82.0
607442,-36.0,37.0
607443,-36.0,
607453,-99.0,-74.0
607462,-46.0,
607473,-8.0,85.0
607483,-36.0,
607485,-35.0,
607487,-82.0,19.0
607493,-22.0,
607498,-37.0,
607501,-95.0,
607507,-26.0,
607510,-29.0,
607514,-28.0,
607515,-42.0,0.0
607517,-36.0,0.0
607525,-135.0,
607529,-64.0,
607530,-85.0,
607533,-31.0,202.0
607536,-130.0,
607538,-36.0,
607547,-28.0,
607548,-24.0,
607555,-37.0,
607570,-109.0,
607572,-115.0,
607577,-28.0,
607586,-31.0,
607600,-28.0,
607603,-48.0,
607607,-36.0,0.0
607609,-35.0,63.0
607613,-28.0,0.0
607622,-44.0,
607629,-30.0,3.0
607636,-22.0,
607638,-85.0,
607642,-19.0,
607646,,-38.0
607650,-25.0,
607668,-74.0,
607670,-36.0,
607678,-82.0,
607679,-129.0,
607696,-29.0,
607699,-35.0,
607700,-98.0,
607702,-17.0,
607703,,-156.0
607705,-147.0,-4.0
607725,-24.0,
607733,-43.0,46.0
607735,-29.0,
607738,-122.0,-8.0
607754,-38.0,
607762,-28.0,
607767,-15.0,
607778,-37.0,
607794,-17.0,
607797,-29.0,
607798,-29.0,
607800,-44.0,
607804,-28.0,
607808,-31.0,
607812,-65.0,
607814,-30.0,
607827,-31.0,
607835,-36.0,
607848,-28.0,115.0
607849,-24.0,
607854,-44.0,
607861,-37.0,0.0
607866,-32.0,128.0
607883,-36.0,0.0
607887,-36.0,
607888,-30.0,-28.0
607889,-29.0,
607892,-28.0,
607896,-118.0,-105.0
607899,-25.0,
607900,-43.0,
607909,-29.0,
607912,-24.0,
607914,-36.0,
607923,-21.0,
607927,-43.0,
607928,-42.0,4.0
607937,-8.0,
607938,-36.0,
607939,-66.0,
607946,-138.0,11.0
607947,-31.0,
607953,-59.0,
607957,-36.0,228.0
607966,-42.0,199.0
607973,-162.0,-50.0
607975,-99.0,
607979,-27.0,
608000,-35.0,
608008,-35.0,
608024,-36.0,
608026,-36.0,-31.0
608038,-36.0,-8.0
608041,-36.0,
608043,-32.0,
608047,-36.0,
608060,-30.0,-4.0
608062,-39.0,
608068,-44.0,187.0
608104,-100.0,
608109,-23.0,
608110,-148.0,
608111,-30.0,93.0
608114,-28.0,
608115,-29.0,
608130,-31.0,
608134,-24.0,
608144,-29.0,
608152,-108.0,
608164,-53.0,
608169,-35.0,
608170,-43.0,-7.0
608173,-93.0,20.0
608178,-43.0,
608195,-22.0,
608196,-15.0,
608197,-17.0,
608198,-36.0,
608206,-39.0,167.0
608211,-36.0,0.0
608217,-42.0,
608221,-1.0,
608231,-36.0,
608238,-24.0,
608243,-35.0,
608248,-30.0,32.0
608263,-43.0,
608264,-36.0,
608267,-31.0,
608280,-30.0,
608284,-43.0,
608292,-150.0,
608306,-22.0,
608318,-22.0,
608319,-42.0,4.0
608322,-25.0,
608348,-24.0,0.0
608349,-31.0,
608356,-35.0,
608407,-29.0,
608417,-29.0,
608419,-35.0,
608421,-32.0,
608422,-35.0,
608423,-100.0,170.0
608440,-37.0,-11.0
608448,-130.0,
608449,-32.0,
608453,-28.0,0.0
608459,-19.0,174.0
608464,-40.0,
608472,-22.0,
608477,-30.0,
608487,-17.0,
608488,-153.0,
608497,-21.0,115.0
608504,-32.0,
608535,-29.0,-12.0
608536,-72.0,
608549,-154.0,-53.0
608564,-32.0,
608571,-42.0,
608577,-43.0,205.0
608578,-29.0,
608591,-35.0,0.0
608596,-27.0,
608606,-35.0,-1.0
608618,-122.0,-17.0
608623,-35.0,
608628,-12.0,
608630,-42.0,
608638,-39.0,107.0
608643,-39.0,
608647,-3.0,
608649,-115.0,130.0
608669,-22.0,
608672,-24.0,
608681,-35.0,
608693,-24.0,
608694,-150.0,7.0
608698,-35.0,
608714,-22.0,
608719,-35.0,38.0
608724,-28.0,
608727,-35.0,-11.0
608733,-34.0,
608735,-28.0,
608737,-32.0,
608738,-32.0,
608744,-29.0,
608745,-37.0,
608746,-23.0,
608747,-27.0,
608750,-22.0,7.0
608753,-32.0,
608766,-22.0,
608772,-128.0,174.0
608774,-54.0,-10.0
608775,-162.0,
608815,-35.0,
608821,-23.0,-1.0
608827,-19.0,
608842,-162.0,
608848,-39.0,-7.0
608851,-35.0,
608853,-144.0,
608864,-32.0,46.0
608866,-32.0,179.0
608884,-32.0,
608891,-68.0,
608904,-103.0,
608907,-61.0,
608909,-27.0,
608913,-22.0,
608923,-39.0,
608939,-32.0,
608942,-28.0,128.0
608943,-39.0,23.0
608961,-155.0,
608966,-30.0,
608967,-22.0,
608978,-81.0,
608983,-39.0,
608997,-25.0,
609010,-32.0,
609019,-100.0,
609025,-30.0,
609031,-39.0,
609044,-35.0,
609045,-108.0,
609046,-29.0,
609047,-22.0,
609089,-39.0,30.0
609097,-32.0,
609107,-30.0,-3.0
609142,-25.0,
609163,-32.0,0.0
609171,-151.0,
609184,-28.0,
609190,-1.0,10.0
609192,-32.0,
609193,-32.0,33.0
609194,-20.0,
609203,-84.0,
609220,-31.0,
609221,-29.0,
609229,-31.0,
609230,-29.0,53.0
609235,-14.0,
609240,-121.0,
609241,-25.0,-12.0
609242,-38.0,
609244,-19.0,
609245,-136.0,
609257,-4.0,
609265,-149.0,
609267,-150.0,-9.0
609277,-31.0,
609282,-85.0,-16.0
609297,-101.0,
609307,-31.0,
609326,-79.0,
609330,-37.0,
609347,-22.0,128.0
609354,-61.0,156.0
609365,-109.0,
609367,-29.0,-5.0
609381,-38.0,-7.0
609383,-22.0,26.0
609388,-32.0,0.0
609396,-19.0,97.0
609399,-39.0,
609403,-24.0,
609416,-25.0,
609422,-32.0,65.0
609426,-100.0,
609427,-77.0,
609435,-32.0,51.0
609439,-32.0,
609450,-43.0,24.0
609456,-102.0,
609460,-32.0,
609480,-36.0,
609488,-32.0,
609489,-17.0,80.0
609490,-32.0,0.0
609510,-25.0,
609513,-31.0,
609515,-78.0,
609527,-32.0,
609535,-24.0,
609537,-32.0,
609538,-23.0,
609556,-107.0,
609557,-23.0,
609558,-31.0,
609567,-26.0,-15.0
609570,-22.0,
609573,-148.0,
609583,-17.0,58.0
609593,-38.0,
609596,-150.0,
609602,-107.0,
609605,-100.0,-72.0
609645,-27.0,
609655,-45.0,
609679,-25.0,
609681,-93.0,143.0
609682,-22.0,
609704,-25.0,
609708,-71.0,
609743,-29.0,
609748,-30.0,124.0
609754,-101.0,
609761,-26.0,
609764,-24.0,
609777,-30.0,
609797,-21.0,223.0
609804,-29.0,
609811,-29.0,
609812,-29.0,
609815,-29.0,
609817,-29.0,
609823,-15.0,125.0
609828,-129.0,-1.0
609831,-31.0,
609837,-26.0,
609850,-28.0,
609852,-146.0,
609860,-29.0,6.0
609864,-29.0,
609868,-123.0,
609871,-29.0,
609873,-29.0,100.0
609882,-29.0,
609887,-31.0,
609891,-30.0,-30.0
609900,-23.0,
609908,-30.0,
609912,-23.0,
609927,-31.0,
609932,-32.0,
609946,-124.0,181.0
609969,-22.0,
609979,-26.0,
609985,-15.0,
610012,-23.0,
610016,-26.0,97.0
610019,-35.0,
610025,-22.0,
610032,-21.0,
610033,-16.0,
610057,-27.0,
610059,-22.0,
610094,-134.0,
610097,-30.0,
610099,-29.0,
610106,-37.0,46.0
610118,-31.0,
610127,-66.0,
610129,-144.0,-60.0
610143,-21.0,
610158,-29.0,
610170,-37.0,76.0
610172,-29.0,
610188,-30.0,
610197,-88.0,
610220,-37.0,
610225,-3.0,
610228,-51.0,97.0
610234,-109.0,-24.0
610239,-74.0,
610244,-22.0,
610257,-21.0,
610258,-29.0,
610260,-28.0,
610261,-123.0,
610266,-27.0,
610267,-95.0,39.0
610272,-43.0,
610273,-149.0,
610275,-65.0,
610278,-22.0,
610279,-36.0,
610285,-12.0,
610287,-61.0,198.0
610292,-29.0,93.0
610302,-21.0,
610312,-30.0,
610324,-30.0,
610326,-123.0,
610335,-30.0,0.0
610336,-17.0,
610340,-86.0,
610347,-25.0,
610362,-30.0,
610373,-88.0,
610380,-24.0,
610385,-162.0,
610391,-93.0,
610392,-30.0,0.0
610393,-36.0,
610398,-22.0,
610400,-30.0,
610402,-36.0,123.0
610405,-28.0,
610416,-22.0,
610423,-29.0,
610428,-30.0,
610437,-91.0,-81.0
610449,-29.0,-9.0
610453,-30.0,
610455,-29.0,146.0
610461,-10.0,
610469,-31.0,79.0
610470,-58.0,
610494,-111.0,3.0
610503,-29.0,
610515,-1.0,
610517,-29.0,
610530,-36.0,
610531,-154.0,-59.0
610537,-25.0,
610545,-38.0,
610549,-12.0,
610553,-30.0,
610557,-25.0,
610569,-36.0,
610573,-25.0,
610575,-29.0,
610577,-29.0,
610589,-102.0,-52.0
610595,-29.0,
610597,-35.0,
610603,-35.0,
610606,-25.0,27.0
610609,-148.0,-1.0
610622,-142.0,59.0
610637,-29.0,
610643,-29.0,
610650,-66.0,
610672,-122.0,
610681,-18.0,
610684,-82.0,
610687,-12.0,
610695,-29.0,12.0
610700,-29.0,
610701,-31.0,
610718,-23.0,
610725,-29.0,
610731,-29.0,
610738,-23.0,
610739,-36.0,
610740,-29.0,
610744,-29.0,
610745,-29.0,
610746,-14.0,
610748,-29.0,95.0
610749,-36.0,
610750,-29.0,
610751,-29.0,
610759,-36.0,
610763,-29.0,
610770,-29.0,-18.0
610771,-51.0,
610772,-29.0,
610774,-22.0,
610775,-51.0,
610776,-29.0,
610778,-100.0,58.0
610780,-28.0,
610783,-28.0,0.0
610802,-29.0,137.0
610804,-29.0,
610814,-28.0,
610817,-24.0,26.0
610828,-99.0,
610830,-24.0,53.0
610831,-29.0,188.0
610834,-31.0,10.0
610838,-24.0,102.0
610855,-29.0,
610870,-31.0,
610873,-24.0,
610881,-57.0,
610888,-27.0,
610904,-58.0,
610906,-29.0,
610913,-36.0,0.0
610917,-11.0,
610927,-100.0,115.0
610931,-135.0,
610932,-25.0,
610933,-15.0,
610967,-93.0,
610979,-22.0,
610992,-1.0,
611004,-29.0,
611012,-29.0,
611013,-23.0,
611017,-29.0,
611023,-29.0,
611024,-22.0,
611033,-22.0,
611039,-24.0,
611046,-29.0,0.0
611048,-29.0,
611049,-15.0,
611051,-29.0,
611058,-21.0,
611060,-29.0,
611062,-17.0,
611096,-29.0,
611126,-28.0,
611138,-24.0,
611159,-30.0,
611162,-35.0,
611173,-87.0,
611176,-17.0,
611177,-21.0,
611182,-27.0,
611185,-16.0,
611195,-60.0,
611202,-28.0,
611206,-29.0,
611213,-29.0,0.0
611215,-36.0,
611218,-29.0,
611226,-15.0,
611228,-28.0,
611233,-66.0,87.0
611235,-79.0,150.0
611241,-23.0,
611244,-35.0,
611245,-25.0,32.0
611255,-22.0,
611259,-22.0,
611260,-47.0,
611268,-28.0,
611271,-23.0,
611275,-86.0,157.0
611284,-35.0,
611309,-28.0,
611315,-28.0,
611329,-37.0,
611331,-22.0,
611344,-28.0,
611345,-28.0,159.0
611348,-29.0,
611350,-60.0,
611351,-99.0,-26.0
611356,-143.0,12.0
611377,-102.0,
611383,-16.0,
611396,-16.0,
611402,-28.0,
611405,-28.0,12.0
611407,-22.0,
611408,-35.0,
611417,-29.0,
611418,-25.0,
611427,-110.0,
611464,-23.0,
611465,-84.0,12.0
611475,-138.0,
611478,-34.0,
611489,-8.0,
611493,-22.0,
611496,-67.0,
611502,-22.0,
611517,-132.0,
611520,-147.0,158.0
611531,-21.0,
611534,-61.0,
611542,-146.0,
611561,-28.0,
611564,-28.0,
611565,-28.0,-1.0
611580,-24.0,
611581,-89.0,0.0
611586,-154.0,118.0
611588,-91.0,173.0
611593,-35.0,
611595,-102.0,
611603,-22.0,
611612,-28.0,
611629,-8.0,
611635,-22.0,
611639,-28.0,
611649,-151.0,-122.0
611688,-22.0,
611690,-4.0,
611714,-146.0,
611719,-80.0,
611732,-153.0,-60.0
611735,-144.0,42.0
611750,-75.0,-12.0
611763,-133.0,
611790,-143.0,
611798,-29.0,
611800,-103.0,-8.0
611813,-59.0,
611816,-108.0,-7.0
611821,-120.0,
611845,-140.0,
611852,-23.0,12.0
611855,-106.0,
611865,-141.0,134.0
611879,-36.0,
611905,-46.0,201.0
611910,-110.0,
611961,-23.0,
611962,-122.0,
611967,-23.0,
611971,-102.0,27.0
611974,-82.0,67.0
611977,-82.0,-53.0
611979,-67.0,2.0
611982,-44.0,
611983,-103.0,
611988,-141.0,0.0
611999,-24.0,
612000,-46.0,
612002,-72.0,
612023,-45.0,
612026,-16.0,173.0
612039,-109.0,
612048,-5.0,
612050,-5.0,20.0
612082,-29.0,
612089,-41.0,
612111,-143.0,4.0
612113,-135.0,
612119,-100.0,
612120,-150.0,
612124,-143.0,-19.0
612127,-87.0,
612135,-100.0,
612136,-131.0,
612149,-95.0,
612157,-150.0,
612177,-24.0,
612179,-14.0,
612183,-24.0,
612187,-24.0,
612191,-24.0,
612199,-24.0,193.0
612207,-23.0,
612210,-24.0,
612212,-150.0,
612217,-15.0,
612230,-134.0,
612235,-37.0,
612247,-95.0,
612248,-109.0,
612252,-24.0,
612254,,-88.0
612255,-24.0,
612283,-51.0,97.0
612287,-121.0,54.0
612319,-17.0,
612326,-73.0,
612327,-50.0,
612337,-17.0,12.0
612338,-141.0,-57.0
612355,-24.0,
612361,-24.0,
612363,-78.0,
612370,-129.0,
612381,-110.0,110.0
612385,-137.0,103.0
612395,-150.0,-31.0
612396,-30.0,
612397,-143.0,25.0
612429,-37.0,
612439,-122.0,
612443,-64.0,108.0
612449,-141.0,
612459,-75.0,
612473,-30.0,12.0
612484,-4.0,
612488,-8.0,
612506,-103.0,
612517,-16.0,
612528,-50.0,
612530,-50.0,
612535,-50.0,
612538,-50.0,
612539,-50.0,
612540,-50.0,
612542,-50.0,
612543,-50.0,
612545,-50.0,
612547,-50.0,
612549,-50.0,
612561,-137.0,-7.0
612563,-137.0,
612565,-116.0,
612566,-162.0,
612568,-17.0,97.0
612598,-93.0,
612600,-147.0,
612607,-89.0,
612615,-53.0,-17.0
612620,-93.0,
612621,-99.0,
612625,-141.0,
612638,-141.0,145.0
612644,-74.0,
612656,-22.0,
612658,-22.0,
612661,-22.0,
612669,-92.0,73.0
612673,-100.0,
612684,-22.0,
612690,-47.0,
612709,-143.0,-81.0
612711,-23.0,
612717,-50.0,
612721,-100.0,
612740,-141.0,
612743,-141.0,
612750,-11.0,
612756,-135.0,
612757,-22.0,
612763,-123.0,12.0
612797,-78.0,
612798,-64.0,
612805,-141.0,0.0
612814,-57.0,
612822,-141.0,-60.0
612841,-35.0,
612842,-155.0,
612860,-141.0,-24.0
612862,-114.0,
612870,-93.0,
612880,-75.0,178.0
612882,-17.0,
612891,-2.0,
612903,-108.0,
612919,-130.0,
612929,-92.0,
612935,-25.0,52.0
612979,-60.0,104.0
612982,-80.0,
612986,-25.0,
613013,-139.0,
613015,-113.0,
613027,-2.0,
613038,-30.0,
613039,-100.0,
613047,-88.0,
613051,-8.0,
613059,-1.0,
613063,-124.0,136.0
613091,-130.0,
613093,-147.0,
613102,-31.0,
613105,-27.0,
613106,-139.0,-26.0
613107,-140.0,
613116,-137.0,
613120,-28.0,-1.0
613122,-60.0,
613131,-92.0,
613133,-17.0,
613135,-136.0,
613146,-137.0,0.0
613152,-24.0,
613158,-1.0,
613159,-2.0,6.0
613160,-2.0,
613161,-144.0,51.0
613162,2.0,66.0
613164,-8.0,
613165,-21.0,
613170,-138.0,
613171,-21.0,
613173,-21.0,
613175,-7.0,
613176,-7.0,19.0
613177,-7.0,
613191,-7.0,170.0
613196,-7.0,
613199,5.0,96.0
613200,2.0,
613203,-7.0,
613205,-67.0,
613208,-7.0,
613213,-40.0,
613226,-139.0,142.0
613227,-61.0,
613235,-81.0,
613237,-38.0,
613255,-24.0,
613273,-7.0,19.0
613280,-90.0,27.0
613281,-133.0,
613293,-7.0,
613298,2.0,122.0
613299,-144.0,
613300,-109.0,
613310,-96.0,
613313,-107.0,
613330,-79.0,
613355,-113.0,
613370,-75.0,
613380,-162.0,
613387,-40.0,
613390,-132.0,-63.0
613407,-86.0,
613416,-20.0,
613417,-25.0,
613418,-20.0,
613426,-129.0,
613441,-137.0,-12.0
613447,-137.0,-40.0
613459,-89.0,
613461,-51.0,
613464,-75.0,
613466,-100.0,
613501,-134.0,
613512,-144.0,0.0
613559,-89.0,-24.0
613574,-16.0,
613586,-116.0,
613593,-34.0,
613611,-95.0,
613616,-75.0,
613617,-92.0,0.0
613630,-89.0,
613634,-67.0,
613639,-92.0,
613641,-144.0,-15.0
613644,-41.0,73.0
613646,-1.0,
613667,-135.0,
613675,-10.0,
613676,-65.0,132.0
613677,-99.0,
613683,-65.0,
613691,-82.0,
613703,-47.0,
613717,-137.0,129.0
613718,-52.0,
613720,-60.0,
613722,-143.0,
613728,-4.0,
613735,-18.0,
613738,-18.0,
613743,-52.0,
613775,-130.0,0.0
613790,-135.0,83.0
613791,-22.0,109.0
613806,-24.0,
613832,-142.0,
613834,-124.0,
613842,-107.0,89.0
613856,-133.0,
613864,-116.0,
613865,-134.0,
613873,-109.0,-75.0
613874,-32.0,
613876,-22.0,
613881,-110.0,
613896,-143.0,2.0
613899,-144.0,
613900,-129.0,
613909,-43.0,
613910,-85.0,
613928,-136.0,
613932,-96.0,
613946,-47.0,
613952,-36.0,
613953,-31.0,
613954,-22.0,
613966,-22.0,
613972,-92.0,
613981,-92.0,
613983,-131.0,-101.0
613988,-58.0,
613993,-79.0,
614013,-17.0,
614025,-126.0,52.0
614039,-52.0,
614059,-17.0,
614064,-16.0,
614068,-16.0,166.0
614072,-16.0,
614073,-81.0,73.0
614074,-22.0,
614083,-134.0,
614117,-124.0,
614129,-78.0,
614130,-48.0,
614142,-73.0,
614148,2.0,
614159,-101.0,
614162,-85.0,
614163,-122.0,
614172,-135.0,116.0
614176,-36.0,
614181,-22.0,
614204,-103.0,
614212,-141.0,
614217,-134.0,74.0
614224,-8.0,
614233,-71.0,
614234,-67.0,
614241,-134.0,
614245,-107.0,
614249,-103.0,
614262,-44.0,0.0
614263,-122.0,
614265,-81.0,-53.0
614270,,-142.0
614300,-52.0,
614345,-124.0,26.0
614357,-141.0,
614381,-113.0,181.0
614398,-45.0,
614403,-138.0,
614405,-141.0,-40.0
614406,-108.0,116.0
614419,-67.0,
614424,-82.0,
614458,-70.0,
614471,-132.0,156.0
614477,-133.0,
614495,4.0,
614499,-129.0,12.0
614546,-15.0,
614556,-15.0,
614561,-139.0,-108.0
614562,-128.0,-7.0
614571,-89.0,
614582,-93.0,
614583,-124.0,
614586,-137.0,-65.0
614599,-28.0,
614601,-52.0,
614623,-137.0,-114.0
614629,-35.0,
614633,-66.0,158.0
614649,-23.0,
614650,-102.0,34.0
614661,-116.0,0.0
614668,-140.0,
614683,-44.0,53.0
614693,-79.0,
614728,-52.0,
614730,-131.0,94.0
614732,-52.0,
614733,-72.0,52.0
614734,-52.0,
614737,-28.0,
614738,-52.0,
614741,-52.0,
614742,-52.0,
614744,-52.0,
614745,-52.0,
614754,-45.0,
614761,-67.0,153.0
614764,-132.0,
614791,-67.0,
614798,-7.0,
614801,-131.0,
614804,-28.0,157.0
614808,-24.0,
614812,-132.0,
614813,-138.0,76.0
614844,-93.0,
614871,-138.0,
614879,-130.0,-46.0
614887,-86.0,
614892,-22.0,
614893,-28.0,
614907,-52.0,0.0
614909,-110.0,
614912,-121.0,16.0
614930,-131.0,37.0
614949,-78.0,
614952,-68.0,72.0
614973,-131.0,
614984,-53.0,10.0
614994,-90.0,
615001,-15.0,
615016,-38.0,12.0
615018,-138.0,-9.0
615025,-135.0,
615028,-69.0,
615031,-89.0,
615047,-137.0,-61.0
615075,-72.0,
615078,-59.0,
615085,-108.0,
615090,-23.0,
615103,-108.0,
615112,-120.0,
615127,-12.0,
615148,-12.0,156.0
615165,-43.0,12.0
615173,-136.0,
615183,-60.0,108.0
615184,-130.0,
615212,-60.0,-2.0
615218,-137.0,
615225,-93.0,
615229,-120.0,
615241,-114.0,
615242,-130.0,
615246,-41.0,
615249,-29.0,
615259,-113.0,
615263,-17.0,53.0
615266,-155.0,
615283,-93.0,
615299,-14.0,
615300,-106.0,
615301,-14.0,
615302,-14.0,
615306,-14.0,
615319,-74.0,
615321,-40.0,53.0
615327,-36.0,
615328,-14.0,153.0
615340,-14.0,
615342,-14.0,
615356,-14.0,
615377,-65.0,
615401,-71.0,
615404,-66.0,
615407,-118.0,
615425,-101.0,
615426,-128.0,142.0
615429,-68.0,69.0
615437,-64.0,
615438,-96.0,46.0
615439,-130.0,
615443,-31.0,
615487,-22.0,-2.0
616166,-22.0,12.0
616332,-36.0,25.0
616333,-52.0,
616334,-123.0,
616338,-88.0,
616342,-11.0,
616354,-61.0,
616361,-136.0,-7.0
616377,-135.0,
616383,-126.0,
616386,-120.0,
616388,-128.0,-78.0
616407,-34.0,97.0
616414,-29.0,-7.0
616428,-133.0,-65.0
616439,-52.0,-16.0
616453,-81.0,
616457,-10.0,
616464,-32.0,
616502,-10.0,
616511,-92.0,
616512,-82.0,
616517,-23.0,
616526,-128.0,
616536,-89.0,
616542,-40.0,
616557,-22.0,-10.0
616595,-25.0,
616613,-128.0,65.0
616629,-82.0,
616646,-47.0,
616658,-15.0,
616660,-37.0,
616670,-114.0,
616672,-106.0,
616684,-78.0,0.0
616688,-117.0,
616700,-22.0,130.0
616704,6.0,60.0
616706,-47.0,
616708,-45.0,
616727,-17.0,
616728,-85.0,
616735,-9.0,
616739,-108.0,
616742,-80.0,
616789,-15.0,
616794,-107.0,
616809,-86.0,-23.0
616816,-95.0,-64.0
616831,-128.0,
616848,-133.0,-41.0
616851,-82.0,
616862,-59.0,30.0
616866,-11.0,
616870,-124.0,
616874,-100.0,3.0
616909,-79.0,
616912,-144.0,
616913,-117.0,
616914,-48.0,
616919,-100.0,
616927,-120.0,
616952,-124.0,
616976,-44.0,-16.0
617010,-102.0,101.0
617012,-114.0,
617014,-126.0,
617015,-79.0,12.0
617018,-53.0,
617053,-100.0,
617107,-78.0,
617114,-28.0,
617116,-5.0,
617119,-14.0,
617126,-87.0,205.0
617130,-25.0,172.0
617133,-28.0,
617134,-82.0,156.0
617140,-131.0,-100.0
617146,-75.0,
617147,-74.0,
617150,-7.0,89.0
617186,-72.0,
617190,-100.0,
617201,-106.0,
617212,-124.0,26.0
617225,-130.0,
617238,-72.0,
617249,-101.0,143.0
617255,-124.0,-47.0
617265,-124.0,39.0
617287,-34.0,
617296,-128.0,
617297,-58.0,170.0
617307,-121.0,-45.0
617309,-122.0,-8.0
617318,-109.0,
617327,-74.0,
617331,-22.0,
617332,-30.0,
617341,-24.0,-10.0
617343,-100.0,142.0
617346,-103.0,
617347,-61.0,
617348,-51.0,
617350,-116.0,-2.0
617355,-97.0,
617358,-123.0,118.0
617365,-71.0,
617382,-124.0,
617391,-74.0,
617401,-124.0,227.0
617406,-113.0,0.0
617416,-72.0,
617418,-24.0,
617436,-129.0,174.0
617437,-123.0,142.0
617442,-90.0,
617455,-22.0,
617470,-80.0,
617472,-5.0,
617521,-136.0,
617525,-130.0,-29.0
617530,-10.0,
617531,-45.0,
617534,-123.0,
617535,-86.0,
617540,-114.0,
617543,-123.0,101.0
617556,-82.0,45.0
617557,-122.0,0.0
617560,-129.0,
617564,-22.0,
617576,-80.0,
617578,-11.0,
617580,-34.0,
617611,-88.0,
617619,-15.0,
617638,-107.0,40.0
617647,-92.0,-91.0
617671,-150.0,-21.0
617678,-29.0,
617699,-118.0,
617700,-60.0,
617714,-92.0,137.0
617717,-120.0,
617734,-99.0,
617740,-43.0,
617745,-50.0,
617751,-103.0,
617764,-47.0,
617771,-102.0,40.0
617781,-57.0,
617783,-30.0,
617792,-88.0,
617801,-40.0,
617804,-77.0,-46.0
617805,-118.0,
617811,-127.0,-1.0
617813,-64.0,
617824,-57.0,0.0
617829,-17.0,
617843,-93.0,132.0
617847,-100.0,26.0
617850,-22.0,
617868,-66.0,
617880,-40.0,
617883,-75.0,
617886,-82.0,
617888,-31.0,
617889,-89.0,
617897,-24.0,
617898,-57.0,130.0
617905,-123.0,3.0
617909,-71.0,
617922,-87.0,
617925,-113.0,11.0
617942,-45.0,187.0
617945,-93.0,
617950,-127.0,-2.0
617952,-50.0,
617959,-96.0,
617962,-37.0,
617965,-95.0,
617976,-41.0,
617993,-85.0,149.0
617998,-64.0,
618002,-12.0,
618004,-71.0,
618005,-99.0,
618015,-116.0,
618024,-8.0,
618033,-67.0,149.0
618054,-127.0,-7.0
618078,-17.0,12.0
618088,-121.0,
618096,-74.0,
618108,-127.0,-64.0
618119,-95.0,144.0
618124,-89.0,202.0
618129,-114.0,
618131,-121.0,
618137,-100.0,39.0
618145,-127.0,
618151,-120.0,
618171,-120.0,-12.0
618176,-40.0,
618197,-127.0,82.0
618205,-69.0,
618216,-99.0,
618244,-15.0,
618252,-109.0,32.0
618253,-53.0,
618258,-110.0,
618265,-64.0,45.0
618279,-120.0,51.0
618280,-100.0,
618292,-115.0,-87.0
618293,-96.0,
618295,-45.0,
618300,-69.0,-68.0
618338,-57.0,
618360,-125.0,-51.0
618362,-123.0,-52.0
618377,-89.0,
618390,-40.0,
618397,-73.0,
618399,-89.0,
618412,-81.0,
618444,-15.0,
618513,-45.0,
618514,-118.0,-65.0
618519,-78.0,
618531,-65.0,-15.0
618534,-125.0,
618539,-124.0,
618571,-118.0,
618579,-54.0,
618580,-87.0,-24.0
618583,-117.0,-47.0
618586,-116.0,-7.0
618589,-66.0,
618590,-53.0,-46.0
618606,-117.0,26.0
618619,-23.0,30.0
618621,-79.0,
618631,-86.0,
618632,-124.0,
618642,-117.0,-112.0
618649,-86.0,-54.0
618662,-117.0,198.0
618663,-21.0,
618665,-68.0,
618667,-27.0,
618670,-89.0,
618673,-92.0,
618675,-54.0,
618679,-66.0,178.0
618682,-117.0,54.0
618683,-117.0,
618684,-117.0,-73.0
618696,-110.0,
618701,-117.0,-115.0
618710,-100.0,-80.0
618734,-144.0,229.0
618737,-81.0,
618744,-117.0,-73.0
618767,-34.0,
618768,-99.0,-30.0
618777,-62.0,
618784,-124.0,18.0
618816,-89.0,
618824,-79.0,
618825,-144.0,-43.0
618843,-115.0,129.0
618845,-99.0,
618846,-12.0,182.0
618848,-53.0,-4.0
618849,-137.0,160.0
618858,-124.0,-7.0
618861,-23.0,20.0
618865,-88.0,
618869,-117.0,
618870,-116.0,-29.0
618875,-117.0,
618882,-100.0,
618887,-100.0,
618893,-116.0,
618903,-116.0,38.0
618913,-15.0,0.0
618914,-108.0,
618925,-28.0,
618937,-116.0,
618940,-103.0,
618942,-115.0,67.0
618951,-115.0,
618957,-102.0,5.0
618960,-150.0,
618963,-99.0,33.0
618965,-29.0,
618968,-116.0,38.0
618981,-93.0,
618982,-97.0,
618983,-109.0,
618989,-65.0,
618994,-67.0,
618998,-115.0,
619001,-116.0,159.0
619006,-113.0,44.0
619013,-60.0,
619014,-114.0,
619015,-34.0,-16.0
619052,-51.0,
619054,-79.0,48.0
619055,-80.0,
619082,5.0,
619107,-52.0,
619112,-116.0,58.0
619118,-74.0,
619161,-24.0,
619168,-14.0,
619196,-115.0,
619204,-116.0,-57.0
619205,-116.0,-10.0
619207,-123.0,
619212,-44.0,
619265,-116.0,-11.0
619284,-25.0,
619288,-75.0,
619292,-74.0,
619297,-115.0,
619303,-81.0,
619311,-122.0,178.0
619321,-34.0,
619330,-85.0,65.0
619341,-74.0,
619359,-36.0,
619363,-67.0,
619369,-40.0,67.0
619380,-110.0,
619382,-43.0,80.0
619403,-78.0,
619410,-29.0,
619447,-53.0,
619461,-89.0,
619471,-50.0,
619472,-142.0,44.0
619478,-41.0,
619481,-80.0,
619483,-10.0,
619502,-14.0,
619503,-114.0,
619508,-36.0,208.0
619520,-8.0,
619524,-78.0,-12.0
619851,-110.0,214.0
619863,-57.0,12.0
619870,-95.0,
619887,-114.0,-59.0
619901,-92.0,-89.0
619907,-84.0,
619908,-113.0,-46.0
619910,-28.0,
619921,-25.0,172.0
619926,-93.0,
619927,-103.0,
619928,-103.0,
619935,-74.0,
619939,-74.0,
619941,5.0,
619945,-57.0,144.0
619952,-47.0,
619964,-114.0,94.0
619974,-114.0,118.0
619980,-100.0,
620000,-148.0,
620004,-103.0,103.0
620018,-113.0,79.0
620047,-120.0,-7.0
620060,-110.0,73.0
620072,-110.0,
620073,-120.0,
620081,-87.0,
620092,-107.0,
620094,-155.0,
620102,-103.0,
620106,-82.0,0.0
620112,-72.0,89.0
620115,-28.0,
620126,-107.0,104.0
620128,-117.0,
620129,-120.0,
620135,-161.0,-120.0
620148,-22.0,
620159,-109.0,
620175,-117.0,-7.0
620179,-73.0,
620190,-93.0,
620197,-103.0,
620200,-95.0,
620215,-82.0,25.0
620218,-44.0,
620220,-111.0,30.0
620230,-117.0,-9.0
620231,-110.0,
620239,-123.0,
620243,-86.0,-54.0
620257,-110.0,
620260,-75.0,
620266,-28.0,
620269,-44.0,
620277,-65.0,
620283,-80.0,
620289,-54.0,-10.0
620304,-117.0,
620317,-64.0,
620320,-109.0,-85.0
620337,-107.0,
620343,-31.0,
620349,-28.0,179.0
620354,-116.0,
620356,-52.0,3.0
620364,-110.0,-11.0
620368,-78.0,
620369,-72.0,226.0
620376,-78.0,4.0
620389,-117.0,3.0
620393,-110.0,25.0
620399,-110.0,
620408,-117.0,
620409,-32.0,
620414,-89.0,
620423,-107.0,
620427,-73.0,
620430,-71.0,9.0
620431,-78.0,
620434,-93.0,-8.0
620437,-104.0,
620440,-61.0,
620460,-95.0,
620473,-93.0,
620484,-80.0,
620485,-78.0,95.0
620486,-64.0,9.0
620490,-52.0,
620498,-82.0,
620507,-66.0,206.0
620508,-93.0,-68.0
620519,-98.0,
620522,-80.0,
620536,-22.0,152.0
620546,-117.0,-7.0
620550,-64.0,
620552,-44.0,215.0
620561,-74.0,
620564,-66.0,
620573,-52.0,
620590,-47.0,
620608,-104.0,
620629,-45.0,215.0
620630,-109.0,
620646,-93.0,
620652,-46.0,
620655,-149.0,5.0
620658,-29.0,
620676,-14.0,-10.0
620694,-88.0,
620698,-122.0,
620713,-95.0,221.0
620716,-71.0,
620726,-78.0,
620728,-93.0,
620734,-107.0,
620740,-143.0,
620750,-102.0,116.0
620782,-80.0,33.0
620791,-82.0,-23.0
620793,-102.0,30.0
620801,-68.0,
620808,-81.0,
620810,-21.0,
620819,-57.0,
620820,-82.0,
620824,-102.0,
620826,-10.0,104.0
620865,-103.0,-81.0
620876,-103.0,
620889,-35.0,
620892,-108.0,
620897,-22.0,214.0
620915,-71.0,187.0
620916,-108.0,
620918,-106.0,55.0
620922,-115.0,
620923,-107.0,
620925,-75.0,38.0
620933,-99.0,
620935,-54.0,0.0
620946,-103.0,
620950,-100.0,156.0
620951,-44.0,192.0
620956,-87.0,-54.0
620974,-74.0,184.0
620977,-45.0,101.0
620980,-109.0,
620982,-60.0,
621001,-17.0,-15.0
621004,-68.0,
621010,-73.0,
621017,6.0,
621025,-11.0,
621300,-106.0,-73.0
621301,-87.0,
621303,-114.0,
621307,-8.0,12.0
621319,-75.0,
621322,-87.0,
621323,-86.0,76.0
621331,-44.0,207.0
621342,-60.0,
621345,-107.0,
621352,-24.0,
621369,-114.0,
621370,-82.0,
621380,-34.0,30.0
621384,-79.0,
621394,-65.0,
621401,-92.0,
621414,-107.0,
621433,-28.0,
621436,-90.0,
621441,-57.0,
621442,-28.0,
621457,-86.0,
621459,-17.0,207.0
621464,-107.0,
621473,-54.0,
621475,-44.0,
621478,-17.0,194.0
621485,-53.0,
621487,-67.0,
621508,-58.0,170.0
621531,-89.0,
621580,-106.0,
621605,-115.0,
621607,-110.0,-7.0
621615,-106.0,
621619,-29.0,0.0
621655,-78.0,34.0
621656,-99.0,
621659,-106.0,206.0
621675,-106.0,6.0
621676,-24.0,89.0
621682,-106.0,
621690,-73.0,
621693,-54.0,
621696,-99.0,-52.0
621698,-80.0,
621699,-68.0,
621703,-60.0,
621716,-72.0,
621722,-103.0,
621731,-113.0,-7.0
621741,-102.0,
621755,-53.0,
621807,-104.0,-1.0
621826,-52.0,
621853,-93.0,5.0
621856,-157.0,
621862,-97.0,
621881,-103.0,
621883,-23.0,
621884,-93.0,
621885,-89.0,-64.0
621888,-45.0,
621890,-102.0,-21.0
621894,-31.0,
621899,-27.0,12.0
621905,-110.0,
621906,-47.0,
621908,-28.0,
621909,-75.0,34.0
621923,-51.0,
621935,-115.0,-4.0
621937,-108.0,
621952,-22.0,
621971,-103.0,
621990,-103.0,4.0
621998,-95.0,
622007,-157.0,
622015,-29.0,-3.0
622027,-87.0,221.0
622029,-46.0,66.0
622037,-93.0,
622038,-72.0,-71.0
622074,-73.0,
622086,-89.0,
622096,-66.0,
622117,-41.0,152.0
622118,-2.0,
622129,-113.0,
622130,-57.0,-43.0
622132,-29.0,
622164,-101.0,-46.0
622166,-22.0,
622175,-86.0,
622180,-103.0,-11.0
622192,-80.0,
622199,-102.0,0.0
622207,-99.0,
622208,-92.0,
622215,-101.0,
622217,-93.0,
622218,-51.0,72.0
622223,-85.0,
622225,-82.0,
622239,-101.0,-60.0
622245,-58.0,
622246,-81.0,163.0
622252,-71.0,-23.0
622256,-72.0,-46.0
622275,-129.0,150.0
622278,-99.0,
622280,-78.0,
622281,-22.0,136.0
622302,-71.0,
622313,-38.0,
622315,-99.0,136.0
622330,-36.0,98.0
622333,-57.0,0.0
622345,-103.0,
622352,-81.0,
622356,-17.0,
622362,-156.0,51.0
622368,-100.0,
622374,-64.0,
622382,-45.0,
622384,-53.0,
622386,-25.0,
622387,-60.0,10.0
622392,-99.0,
622398,-45.0,3.0
622413,-24.0,
622425,-101.0,
622430,-95.0,-92.0
622432,-68.0,
622433,-66.0,
622435,-82.0,
622442,-96.0,
622466,-104.0,
622480,-40.0,
622481,-146.0,
622482,-59.0,-47.0
622498,-104.0,-17.0
622499,-99.0,74.0
622500,-40.0,
622505,-108.0,
622516,-85.0,
622538,-103.0,195.0
622541,-34.0,
622555,-129.0,
622570,-65.0,
622571,-96.0,
622573,-41.0,
622597,-99.0,171.0
622604,-24.0,
622609,-93.0,
622614,-100.0,
622618,-78.0,
622626,-81.0,-77.0
622630,-96.0,56.0
622639,-81.0,226.0
622645,-106.0,-97.0
622646,-50.0,
622652,-80.0,
622657,-79.0,
622672,-79.0,48.0
622686,-68.0,
622701,-99.0,
622715,-96.0,
622720,-52.0,
622722,-148.0,-21.0
622724,-25.0,
622753,-45.0,
622760,-93.0,
622764,-45.0,
622766,-15.0,
622767,-52.0,-11.0
622773,-95.0,
622787,-22.0,
622790,-86.0,45.0
622792,-100.0,
622804,-28.0,150.0
622812,-40.0,
622838,-88.0,
622844,-68.0,122.0
622851,-99.0,
622859,-41.0,
622867,-60.0,
622873,-73.0,24.0
622886,-51.0,68.0
622890,-52.0,108.0
622894,-97.0,-11.0
622897,-93.0,-72.0
622899,-45.0,12.0
622900,-99.0,
622910,-4.0,174.0
622918,-25.0,128.0
622925,-93.0,-42.0
622927,-106.0,
622934,-153.0,
622935,-99.0,
622948,-24.0,164.0
622967,-28.0,
622968,-27.0,-17.0
622972,-148.0,
622974,-89.0,
622976,-67.0,
622982,-72.0,
623001,-94.0,202.0
623002,-129.0,
623008,-52.0,
623010,-86.0,
623015,-17.0,
623029,-45.0,
623042,-24.0,
623052,-44.0,
623055,-89.0,
623069,-30.0,
623072,-80.0,
623073,-92.0,
623079,-88.0,
623081,-80.0,
623097,-162.0,
623099,-28.0,33.0
623100,-96.0,
623104,-103.0,-7.0
623105,-96.0,
623111,-96.0,-72.0
623115,-43.0,
623124,-23.0,
623138,-59.0,
623164,-87.0,
623166,-153.0,72.0
623168,-102.0,
623169,-24.0,
623177,-100.0,
623178,-2.0,
623180,-41.0,
623184,-93.0,
623190,-96.0,-50.0
623210,-66.0,
623221,-72.0,
623223,-60.0,114.0
623224,-59.0,-21.0
623225,-129.0,
623230,-77.0,206.0
623232,-96.0,0.0
623233,-24.0,-11.0
623240,-69.0,
623250,-53.0,
623257,-79.0,171.0
623263,-45.0,
623276,-134.0,
623289,-127.0,
623290,-34.0,
623295,-78.0,
623314,-95.0,
623319,-122.0,-1.0
623321,-100.0,
623322,-54.0,126.0
623326,-85.0,23.0
623332,-54.0,-12.0
623333,-30.0,
623335,-61.0,
623347,-88.0,
623352,-27.0,44.0
623366,-75.0,100.0
623376,-78.0,
623392,-99.0,-71.0
623406,-36.0,
623407,-81.0,12.0
623416,-66.0,
623418,-60.0,17.0
623419,-90.0,
623421,-95.0,
623433,-82.0,
623438,-95.0,
623441,-107.0,
623442,-80.0,
623456,-43.0,
623457,-66.0,
623467,-134.0,
623471,-20.0,
623474,-23.0,
623475,-16.0,
623484,-31.0,
623495,-59.0,
623496,-86.0,
623511,-28.0,-9.0
623514,-93.0,
623519,-36.0,
623523,-30.0,-22.0
623537,-60.0,
623541,-43.0,
623542,-86.0,
623548,-100.0,-29.0
623554,-93.0,
623562,-92.0,
623568,-17.0,53.0
623575,-29.0,
623579,-69.0,
623585,-73.0,
623586,-160.0,-38.0
623588,-113.0,
623589,-129.0,
623601,-93.0,-46.0
623602,-11.0,
623603,-35.0,
623605,-62.0,
623609,-90.0,
623619,-93.0,-42.0
623622,-79.0,
623641,-36.0,
623648,-38.0,
623651,-88.0,-26.0
623654,-100.0,
623660,-85.0,
623667,-82.0,
623687,-79.0,
623689,-149.0,
623707,-57.0,59.0
623710,-129.0,-129.0
623732,-22.0,
623738,-59.0,10.0
623740,-75.0,133.0
623757,-66.0,66.0
623763,-78.0,12.0
623765,-65.0,
623778,-66.0,
623780,-68.0,
623786,-45.0,12.0
623797,-80.0,
623804,-66.0,
623812,-38.0,
623815,-57.0,
623821,-61.0,
623826,-82.0,
623829,-88.0,146.0
623831,-17.0,
623834,-88.0,0.0
623840,-108.0,
623845,-58.0,
623857,-50.0,
623859,-28.0,
623864,-51.0,
623882,-92.0,
623889,-81.0,
623903,-67.0,
623909,-66.0,
623911,-32.0,
623914,-96.0,-79.0
623917,-1.0,
623919,-57.0,
623924,-89.0,
623931,-75.0,
623932,-89.0,
623935,-87.0,
623937,-91.0,
623939,-53.0,-11.0
623940,-82.0,
623945,-73.0,12.0
623948,-17.0,
623953,-15.0,
623955,-57.0,
623968,-156.0,
623988,-36.0,
623989,-71.0,
623997,-59.0,12.0
624007,-71.0,
624011,-50.0,
624014,-68.0,
624034,-80.0,26.0
624039,-79.0,
624046,-96.0,
624050,-89.0,0.0
624052,-72.0,
624056,-89.0,-16.0
624060,-67.0,185.0
624068,-86.0,0.0
624069,-94.0,
624077,-29.0,
624078,-15.0,
624092,-28.0,
624093,-43.0,65.0
624099,-61.0,95.0
624105,-79.0,
624126,-89.0,33.0
624127,-25.0,
624134,-89.0,
624152,-78.0,
624153,-75.0,
624156,-45.0,
624164,-86.0,
624178,-89.0,
624187,-89.0,87.0
624196,-68.0,
624197,-86.0,
624199,-45.0,152.0
624202,-81.0,-36.0
624209,-93.0,
624222,-121.0,
624226,-51.0,
624230,-24.0,
624243,-71.0,-46.0
624256,-140.0,
624259,-88.0,
624266,-28.0,221.0
624282,-85.0,
624297,-29.0,25.0
624298,-95.0,-7.0
624306,-95.0,
624321,-43.0,221.0
624327,-22.0,
624341,-35.0,-3.0
624342,-71.0,
624344,-75.0,
624350,-95.0,49.0
624354,-82.0,-56.0
624358,-87.0,
624376,-88.0,45.0
624384,-22.0,72.0
624406,-36.0,
624407,-64.0,
624411,-87.0,-53.0
624415,-82.0,
624427,-69.0,-3.0
624430,-8.0,
624433,-34.0,
624441,-10.0,
624445,-45.0,
624455,-10.0,
624469,-22.0,
624476,-17.0,227.0
624483,-72.0,
624492,-61.0,0.0
624493,-86.0,
624499,-15.0,
624514,-86.0,191.0
624518,-82.0,-7.0
624522,-22.0,
624544,-89.0,11.0
624549,-86.0,-23.0
624556,-87.0,
624563,2.0,
624567,-64.0,
624569,-41.0,
624570,-87.0,
624572,-64.0,-15.0
624585,-78.0,
624586,-22.0,
624591,-82.0,
624592,-81.0,
624593,-67.0,5.0
624598,-82.0,
624604,-82.0,
624610,-87.0,202.0
624631,-21.0,12.0
624650,-86.0,130.0
624651,-43.0,12.0
624653,-71.0,
624661,-51.0,
624663,-93.0,-7.0
624667,-15.0,
624673,-79.0,96.0
624674,-80.0,
624677,-94.0,
624679,-10.0,
624704,-52.0,
624706,-45.0,
624709,-59.0,
624714,-17.0,
624718,-54.0,34.0
624722,-79.0,
624727,-10.0,
624730,-28.0,
624734,-94.0,169.0
624738,-64.0,
624740,-122.0,11.0
624743,-86.0,-7.0
624751,-73.0,
624763,-28.0,
624765,-22.0,66.0
624767,-24.0,212.0
624772,-24.0,83.0
624773,-82.0,
624777,-80.0,
624782,-53.0,
624789,-78.0,
624795,-22.0,
624799,-93.0,
624804,-52.0,
624810,-23.0,
624828,-43.0,
624829,-74.0,
624839,-86.0,
624847,-71.0,
624860,-106.0,87.0
624864,-56.0,
624875,-57.0,
624879,-89.0,123.0
624881,-23.0,
624891,-65.0,
624906,-17.0,
624912,-45.0,
624921,-27.0,80.0
624927,-85.0,
624938,-50.0,
624940,-25.0,-25.0
624944,-80.0,69.0
624946,-40.0,
624950,-88.0,-25.0
624957,-129.0,187.0
624959,-79.0,0.0
624967,-78.0,82.0
624970,-45.0,
624972,-79.0,
624975,-22.0,118.0
624981,-57.0,
624997,-73.0,
625004,-65.0,
625012,-93.0,-12.0
625013,-48.0,-26.0
625014,-23.0,
625021,-92.0,
625024,-92.0,
625027,-89.0,
625028,-57.0,
625033,-34.0,
625034,-82.0,146.0
625035,-57.0,
625043,-27.0,11.0
625067,-68.0,
625071,-31.0,
625073,-64.0,
625075,-22.0,
625077,-40.0,
625078,-29.0,121.0
625079,-47.0,-45.0
625080,-75.0,67.0
625087,-50.0,
625089,-17.0,
625094,-57.0,
625098,-64.0,
625100,-38.0,
625106,-41.0,
625108,-29.0,
625121,-22.0,0.0
625124,-29.0,
625126,-29.0,
625128,-82.0,
625167,-29.0,
625173,-89.0,-7.0
625174,-65.0,
625180,-31.0,
625182,-82.0,90.0
625185,-71.0,
625191,-41.0,
625202,-89.0,-67.0
625207,-52.0,23.0
625213,-82.0,18.0
625214,-89.0,34.0
625218,-79.0,
625229,-80.0,-8.0
625241,-24.0,
625245,-10.0,
625249,-82.0,
625251,-89.0,
625263,-60.0,
625267,-78.0,-12.0
625283,-116.0,
625288,-92.0,10.0
625291,-82.0,
625295,-52.0,
625301,-57.0,
625303,-82.0,
625306,-82.0,
625307,-87.0,-7.0
625330,-74.0,
625341,-82.0,3.0
625349,-53.0,
625357,-52.0,
625361,-57.0,
625373,-82.0,0.0
625376,-17.0,
625383,-72.0,
625390,-52.0,
625394,-81.0,
625399,-29.0,
625406,-80.0,
625411,-22.0,
625423,-59.0,101.0
625427,-73.0,
625444,-73.0,
625446,-82.0,
625453,-45.0,
625465,-29.0,-19.0
625467,-56.0,
625476,-80.0,200.0
625477,-67.0,
625478,-88.0,
625493,-88.0,-7.0
625494,-59.0,
625500,-80.0,
625502,-109.0,53.0
625511,-85.0,-22.0
625514,-89.0,
625515,-60.0,
625517,-75.0,38.0
625527,-72.0,212.0
625530,-64.0,
625536,-81.0,
625540,-51.0,
625541,-75.0,
625544,-52.0,
625545,-44.0,
625548,-51.0,
625552,-62.0,
625555,-95.0,
625566,-75.0,
625568,-75.0,-74.0
625574,-81.0,
625578,-78.0,73.0
625581,-87.0,-7.0
625588,-80.0,
625603,-12.0,
625609,-79.0,178.0
625613,-40.0,11.0
625614,-78.0,125.0
625615,-23.0,
625619,-88.0,0.0
625642,-79.0,
625649,-60.0,
625651,-51.0,
625666,-66.0,
625667,-59.0,17.0
625676,-28.0,
625684,-80.0,
625709,-92.0,
625713,-43.0,
625714,-74.0,
625722,-34.0,
625724,-73.0,
625740,-52.0,
625743,-28.0,
625745,-45.0,
625748,-59.0,
625751,-50.0,-10.0
625753,-45.0,
625765,-114.0,
625768,-81.0,
625774,-51.0,-12.0
625775,-52.0,
625782,-78.0,
625785,-64.0,-25.0
625790,-79.0,35.0
625793,-27.0,-1.0
625794,-80.0,
625797,-10.0,
625800,-25.0,123.0
625802,-44.0,
625812,-79.0,31.0
625816,-66.0,
625822,-34.0,
625826,-30.0,
625828,-25.0,39.0
625833,-52.0,
625834,-87.0,-7.0
625835,3.0,74.0
625838,-22.0,
625841,-78.0,
625853,-72.0,
625857,-82.0,145.0
625861,-22.0,
625864,-58.0,
625874,-57.0,132.0
625875,-12.0,
625879,-87.0,
625884,-80.0,-60.0
625885,-73.0,-30.0
625901,-28.0,123.0
625902,-54.0,186.0
625903,-78.0,-18.0
625912,-24.0,
625913,-57.0,0.0
625919,-29.0,
625928,-31.0,68.0
625930,-45.0,103.0
625950,-75.0,19.0
625953,-15.0,142.0
625975,-75.0,
625977,-40.0,
625983,-29.0,156.0
625986,-79.0,0.0
625995,-68.0,
626005,-4.0,
626012,-41.0,
626018,-15.0,
626022,-59.0,195.0
626023,-41.0,
626033,-38.0,
626040,-54.0,
626046,-52.0,
626047,-78.0,-16.0
626049,-29.0,156.0
626055,-22.0,
626061,-24.0,
626075,-91.0,
626091,-29.0,
626092,-10.0,
626096,-34.0,
626103,-54.0,
626114,-45.0,
626123,-50.0,
626126,-86.0,
626128,-71.0,
626132,-153.0,
626138,-81.0,
626139,-107.0,
626145,-8.0,
626146,-78.0,
626151,-58.0,12.0
626159,-45.0,
626164,-54.0,
626172,-52.0,
626173,-71.0,12.0
626174,-75.0,6.0
626179,-60.0,
626183,-78.0,
626192,-50.0,
626195,-94.0,
626198,-72.0,
626210,-87.0,
626213,-12.0,
626217,-34.0,
626231,-24.0,
626238,-28.0,
626240,-25.0,
626245,-85.0,
626252,-25.0,
626254,-80.0,
626256,-22.0,
626259,-57.0,
626281,-75.0,0.0
626282,-75.0,
626287,-17.0,
626296,-74.0,-47.0
626297,-64.0,
626306,-8.0,
626307,-50.0,178.0
626317,-29.0,
626320,-75.0,46.0
626321,-75.0,47.0
626326,-74.0,
626330,-74.0,-23.0
626348,-22.0,207.0
626349,-65.0,-51.0
626352,-81.0,
626365,-57.0,
626372,-28.0,
626379,-75.0,
626384,-94.0,
626386,-82.0,152.0
626403,-60.0,67.0
626405,-45.0,
626407,-69.0,
626416,-109.0,
626417,-28.0,67.0
626419,-75.0,
626422,-75.0,-40.0
626428,-31.0,
626438,-67.0,0.0
626442,-82.0,
626444,-29.0,65.0
626448,-74.0,
626450,-29.0,
626454,-45.0,
626460,-78.0,-19.0
626463,-66.0,
626469,-68.0,-30.0
626473,-65.0,
626477,-74.0,
626485,-82.0,-33.0
626491,-82.0,
626494,-74.0,
626501,-75.0,
626514,-149.0,
626516,-75.0,
626518,-75.0,-3.0
626519,-75.0,
626530,-17.0,
626537,-22.0,
626539,-75.0,152.0
626546,-60.0,20.0
626549,-82.0,-29.0
626551,-73.0,
626552,-162.0,-120.0
626555,-81.0,
626556,-47.0,
626579,-87.0,
626585,-50.0,
626589,-12.0,
626597,-22.0,-18.0
626604,-29.0,
626607,-20.0,228.0
626614,-27.0,
626618,-59.0,
626625,-40.0,-23.0
626629,-22.0,
626630,-29.0,
626642,-73.0,
626644,-74.0,
626646,-51.0,
626660,-74.0,12.0
626667,-45.0,
626675,-20.0,
626679,-75.0,
626692,-17.0,151.0
626700,-60.0,131.0
626708,-50.0,
626712,-22.0,81.0
626714,-74.0,
626723,-45.0,
626740,-38.0,
626746,-80.0,-25.0
626749,-73.0,
626750,-81.0,
626751,-24.0,83.0
626753,-74.0,
626757,-46.0,
626763,-72.0,
626765,-74.0,
626768,-57.0,
626772,-65.0,-8.0
626773,-50.0,-10.0
626777,-74.0,97.0
626778,-53.0,
626789,-65.0,-29.0
626798,-57.0,55.0
626799,-45.0,150.0
626801,-54.0,
626806,-78.0,-47.0
626828,-24.0,
626835,-108.0,-30.0
626840,-60.0,-19.0
626841,-81.0,
626843,-81.0,
626852,-40.0,
626857,-8.0,
626862,-29.0,
626872,-81.0,5.0
626875,-45.0,-28.0
626876,-80.0,-22.0
626877,-62.0,
626878,-65.0,
626881,-66.0,
626885,-59.0,
626889,-28.0,
626890,-45.0,
626897,-24.0,
626906,-51.0,
626917,-64.0,
626927,-24.0,154.0
626928,-80.0,
626930,-27.0,180.0
626940,-11.0,
626951,-54.0,
626966,-61.0,
626979,-29.0,
626982,-22.0,
626987,-68.0,
626998,-28.0,
627000,-27.0,
627021,-51.0,
627022,-50.0,
627026,-47.0,125.0
627027,-75.0,
627043,-8.0,
627050,-12.0,
627057,-12.0,
627061,-65.0,
627066,-25.0,
627067,-44.0,
627071,-72.0,167.0
627076,-11.0,
627094,-75.0,
627097,-144.0,
627100,-17.0,
627115,-52.0,
627118,-52.0,
627119,-32.0,66.0
627126,-44.0,
627136,-25.0,
627145,-15.0,
627160,-71.0,17.0
627168,-69.0,88.0
627173,-43.0,
627176,-64.0,12.0
627179,-64.0,
627184,-54.0,
627185,-78.0,
627190,-43.0,
627217,-24.0,
627228,-79.0,-17.0
627236,-24.0,
627238,-51.0,89.0
627244,-79.0,
627245,-60.0,-33.0
627247,-68.0,
627251,-22.0,
627252,-52.0,-19.0
627253,-45.0,
627256,-52.0,-30.0
627264,-52.0,
627269,-130.0,
627270,-32.0,
627276,-51.0,
627277,-47.0,2.0
627280,-67.0,215.0
627283,-18.0,
627285,-35.0,
627290,-17.0,
627295,-22.0,10.0
627307,-45.0,12.0
627312,-16.0,
627316,-61.0,39.0
627321,-68.0,
627322,-44.0,
627327,-13.0,
627330,-17.0,
627333,-12.0,
627343,-61.0,
627348,-71.0,
627365,-59.0,
627366,-1.0,89.0
627367,-71.0,153.0
627370,-69.0,0.0
627374,-71.0,
627379,-59.0,-47.0
627380,-74.0,
627383,-50.0,0.0
627386,-25.0,
627387,-45.0,
627388,-78.0,
627390,-29.0,31.0
627395,-65.0,-19.0
627397,-40.0,
627399,-66.0,
627401,-67.0,
627403,-71.0,
627416,-57.0,75.0
627417,-43.0,
627427,-24.0,125.0
627435,-53.0,72.0
627441,-53.0,
627442,-45.0,
627443,-30.0,-3.0
627450,-25.0,
627453,-155.0,
627457,-43.0,23.0
627461,-71.0,
627468,-24.0,
627471,-65.0,
627476,-74.0,
627481,-2.0,
627500,-45.0,209.0
627509,-36.0,
627516,-28.0,-23.0
627520,-24.0,51.0
627521,-64.0,
627522,-68.0,-12.0
627524,-22.0,218.0
627527,-9.0,
627528,-50.0,
627530,-28.0,
627536,-34.0,
627549,-29.0,
627550,-73.0,
627563,-39.0,
627569,-59.0,
627581,-54.0,
627595,-58.0,
627597,-8.0,
627599,-13.0,73.0
627613,-32.0,
627616,-68.0,26.0
627618,-27.0,216.0
627620,-68.0,
627622,-68.0,
627632,-68.0,0.0
627635,-40.0,
627636,-68.0,9.0
627638,-34.0,214.0
627647,-52.0,
627651,-68.0,-65.0
627655,-45.0,
627659,-31.0,
627660,-150.0,
627661,-5.0,
627670,-75.0,-57.0
627679,-68.0,
627680,-64.0,100.0
627685,-29.0,
627690,-68.0,-18.0
627691,-66.0,
627692,-68.0,
627695,-85.0,
627711,-61.0,144.0
627717,-68.0,
627727,-67.0,47.0
627747,-40.0,
627748,-75.0,-16.0
627750,-51.0,
627751,-67.0,141.0
627764,-10.0,
627772,-29.0,
627773,-40.0,
627777,-24.0,
627784,-28.0,144.0
627787,-12.0,
627808,-8.0,208.0
627809,-1.0,
627812,-23.0,119.0
627821,-25.0,
627827,-24.0,
627829,-49.0,
627834,-28.0,
627840,-65.0,55.0
627843,-24.0,116.0
627847,-61.0,37.0
627860,-61.0,
627879,-24.0,
627882,-66.0,
627886,-67.0,
627891,-22.0,
627895,-17.0,
627901,-45.0,
627907,-60.0,20.0
627924,-53.0,199.0
627933,-43.0,
627935,-73.0,48.0
627947,-67.0,37.0
627948,-52.0,
627961,-8.0,
627968,-162.0,
627973,-17.0,
628004,-67.0,
628006,-32.0,
628008,-67.0,
628010,-24.0,-4.0
628022,-52.0,0.0
628029,-28.0,227.0
628034,-29.0,
628038,-66.0,
628053,-29.0,
628054,-45.0,226.0
628058,-54.0,
628086,-54.0,
628088,-135.0,51.0
628090,-29.0,
628098,-45.0,
628099,-43.0,
628110,-22.0,
628114,-54.0,
628117,-20.0,
628119,-22.0,
628122,-22.0,
628140,-24.0,
628141,-45.0,-22.0
628142,-47.0,-24.0
628143,-64.0,
628149,-108.0,
628150,-50.0,0.0
628152,-15.0,
628157,-66.0,
628172,-37.0,
628174,-17.0,
628176,-71.0,
628178,-71.0,
628180,-71.0,
628181,-51.0,
628183,-71.0,
628189,-17.0,
628190,-71.0,
628214,-52.0,32.0
628216,-65.0,
628217,-12.0,
628227,-28.0,
628245,-44.0,
628246,-25.0,
628259,-29.0,
628262,-66.0,0.0
628280,-17.0,
628287,-71.0,
628293,-17.0,
628296,-29.0,9.0
628299,-120.0,
628300,-66.0,
628301,-29.0,
628307,-66.0,
628308,-18.0,173.0
628312,-14.0,9.0
628316,-45.0,
628323,28.0,193.0
628327,-68.0,-11.0
628328,-72.0,
628329,-31.0,
628333,-22.0,
628341,-72.0,-57.0
628347,-65.0,
628360,-72.0,-24.0
628361,-65.0,
628363,-50.0,
628365,-17.0,
628366,-57.0,46.0
628367,-8.0,
628369,-17.0,
628370,-40.0,
628376,-61.0,
628379,-61.0,
628383,-34.0,
628386,-27.0,
628388,-16.0,
628389,-32.0,
628390,-91.0,
628392,-52.0,0.0
628402,-72.0,152.0
628407,-113.0,
628411,-51.0,
628423,-61.0,
628435,-162.0,-156.0
628437,-65.0,-26.0
628442,-72.0,117.0
628443,-34.0,
628455,-17.0,
628476,-15.0,221.0
628480,-31.0,29.0
628495,-44.0,
628502,-22.0,
628506,-36.0,
628511,-71.0,
628516,-71.0,
628519,-53.0,
628521,-149.0,
628525,-71.0,
628527,-44.0,97.0
628530,-36.0,
628538,-44.0,
628545,-39.0,
628561,-57.0,
628565,-29.0,128.0
628569,-17.0,
628575,-50.0,
628580,-11.0,
628586,-29.0,
628593,-39.0,
628598,-45.0,
628616,-51.0,
628618,-28.0,
628630,-5.0,
628631,-25.0,
628635,-29.0,
628642,-22.0,
628653,-25.0,
628655,-64.0,
628656,-100.0,
628662,-86.0,66.0
628663,-25.0,
628666,-61.0,-47.0
628669,-43.0,
628677,-43.0,-25.0
628679,-154.0,
628685,-135.0,5.0
628686,-62.0,-46.0
628706,-134.0,67.0
628712,-36.0,
628715,-17.0,130.0
628717,-46.0,156.0
628718,-45.0,-25.0
628720,-28.0,
628722,-25.0,
628725,-57.0,12.0
628733,-91.0,12.0
628736,-61.0,-10.0
628741,-10.0,
628751,-61.0,
628759,-22.0,
628762,-32.0,-7.0
628765,-68.0,-7.0
628766,-17.0,
628771,-61.0,150.0
628777,-60.0,
628803,-61.0,-45.0
628806,-61.0,
628819,-157.0,-15.0
628827,-32.0,
628835,-57.0,
628837,-36.0,
628841,-61.0,63.0
628843,-68.0,-37.0
628846,-29.0,12.0
628849,-17.0,
628851,-17.0,
628858,-61.0,0.0
628869,-15.0,
628870,-15.0,
628875,-50.0,
628881,-53.0,
628888,-22.0,
628903,-67.0,
628910,-23.0,
628914,-60.0,
628915,-47.0,
628925,-60.0,
628929,-8.0,
628931,-39.0,
628938,-60.0,20.0
628941,-46.0,
628947,-52.0,0.0
628954,-19.0,
628956,-24.0,
628959,-57.0,
628964,-22.0,
628970,-51.0,44.0
628972,-59.0,
628978,-25.0,
628982,-30.0,
628991,-122.0,
628993,-54.0,-46.0
628995,-15.0,
629000,-24.0,
629014,-74.0,-25.0
629022,-22.0,
629026,-29.0,
629029,-67.0,-47.0
629037,-59.0,
629039,-24.0,179.0
629040,-67.0,158.0
629044,-53.0,
629053,-36.0,
629055,-57.0,
629056,-22.0,178.0
629060,-66.0,
629081,-45.0,
629088,-32.0,47.0
629089,-53.0,
629094,-66.0,
629096,-23.0,
629101,-2.0,
629103,-54.0,
629119,-59.0,
629120,-23.0,
629127,-122.0,
629153,-17.0,
629159,-50.0,
629163,-52.0,142.0
629164,-50.0,
629182,-59.0,122.0
629198,-59.0,
629202,-17.0,
629209,-29.0,-26.0
629228,-45.0,-18.0
629231,-57.0,53.0
629234,-22.0,0.0
629240,-29.0,
629244,-17.0,
629245,-45.0,
629258,-3.0,
629267,-53.0,
629270,-22.0,
629274,-43.0,
629283,-12.0,68.0
629291,-34.0,
629303,-54.0,
629309,-52.0,
629310,-15.0,
629316,-29.0,
629340,-31.0,-10.0
629342,-36.0,223.0
629379,-37.0,
629386,-51.0,
629387,-15.0,143.0
629394,-28.0,
629400,-16.0,-3.0
629404,-57.0,0.0
629405,-52.0,
629414,-36.0,
629421,-53.0,-18.0
629424,-29.0,171.0
629442,-57.0,0.0
629445,-27.0,-18.0
629452,-57.0,
629454,-45.0,178.0
629459,-28.0,87.0
629461,-58.0,
629462,-54.0,20.0
629484,-60.0,0.0
629490,-58.0,
629491,-155.0,
629500,-52.0,69.0
629504,-64.0,
629505,-64.0,54.0
629506,-15.0,
629507,-64.0,
629514,-45.0,
629522,-25.0,219.0
629523,-128.0,
629535,-38.0,
629537,-12.0,
629538,-51.0,11.0
629540,-22.0,
629541,-52.0,
629542,-29.0,
629543,-54.0,-8.0
629553,-30.0,
629554,-24.0,
629560,-53.0,24.0
629574,-52.0,0.0
629580,-25.0,
629594,-115.0,
629601,-28.0,-25.0
629603,-23.0,
629607,-29.0,
629613,-34.0,
629619,-52.0,
629623,-54.0,0.0
629627,-54.0,48.0
629628,-28.0,44.0
629632,-54.0,-17.0
629633,-28.0,
629642,-32.0,
629654,-41.0,
629655,-22.0,
629671,-61.0,-42.0
629673,-22.0,
629686,-38.0,62.0
629692,-29.0,7.0
629693,-45.0,
629694,-54.0,
629696,-28.0,146.0
629699,-29.0,
629702,-28.0,46.0
629703,-136.0,
629706,-28.0,54.0
629707,-54.0,-21.0
629710,-45.0,
629713,-45.0,0.0
629725,-54.0,
629735,-54.0,0.0
629736,-60.0,-47.0
629739,-51.0,
629745,-10.0,
629748,-25.0,73.0
629753,-51.0,
629762,-45.0,95.0
629765,-54.0,-1.0
629766,-52.0,
629767,-25.0,
629772,-17.0,
629773,-22.0,103.0
629777,-12.0,
629779,-17.0,
629798,-44.0,199.0
629813,-8.0,
629818,-23.0,
629820,-52.0,
629822,-53.0,
629835,-17.0,
629852,-70.0,116.0
629853,-15.0,
629862,-51.0,
629867,-41.0,
629870,-36.0,
629873,-53.0,
629876,-34.0,
629877,-51.0,
629878,-121.0,
629879,-43.0,
629881,-43.0,
629886,-43.0,
629887,-22.0,0.0
629890,-34.0,
629891,-52.0,
629893,-51.0,0.0
629898,-51.0,
629906,-51.0,26.0
629907,-95.0,
629918,-44.0,
629921,-52.0,
629922,-37.0,
629923,-60.0,
629928,-39.0,81.0
629936,-15.0,
629938,-29.0,
629944,-85.0,
629955,-52.0,
629960,-34.0,
629961,-53.0,
629963,-8.0,
629971,-36.0,-8.0
629976,-52.0,127.0
629978,-17.0,
629983,-32.0,0.0
629990,-15.0,
629991,-58.0,11.0
629993,-45.0,
630005,-43.0,131.0
630008,-24.0,
630009,-39.0,12.0
630012,-44.0,
630013,-36.0,
630015,-52.0,
630024,-22.0,-3.0
630028,-59.0,
630029,-59.0,
630030,-59.0,
630032,-45.0,13.0
630037,-59.0,-50.0
630038,-52.0,
630045,-45.0,
630047,-50.0,
630052,-59.0,
630053,-59.0,
630073,-28.0,
630083,-50.0,
630086,-47.0,
630090,-19.0,
630099,-17.0,
630105,-42.0,
630106,-128.0,
630108,-17.0,
630109,-73.0,
630120,-27.0,-15.0
630129,-24.0,132.0
630133,-24.0,
630134,-59.0,-22.0
630137,-29.0,
630142,-24.0,166.0
630147,-32.0,
630149,-10.0,
630152,-15.0,
630156,-11.0,
630157,-45.0,
630158,-80.0,
630165,-45.0,
630168,-25.0,221.0
630169,-8.0,
630177,-51.0,
630178,-52.0,
630182,-57.0,-33.0
630186,-155.0,31.0
630195,-41.0,103.0
630200,-23.0,109.0
630203,-12.0,210.0
630211,-22.0,
630219,-22.0,
630221,-43.0,
630240,-11.0,179.0
630242,-4.0,
630260,-31.0,
630264,-45.0,
630269,-45.0,62.0
630274,-136.0,
630286,-93.0,
630289,-115.0,-88.0
630301,-39.0,
630315,-18.0,
630326,-25.0,
630328,-91.0,
630333,-36.0,
630340,-48.0,-7.0
630343,-15.0,65.0
630345,-57.0,
630346,,
630354,-101.0,178.0
630358,-72.0,12.0
630359,-22.0,171.0
630372,-51.0,
630380,-95.0,
630393,-52.0,
630401,-29.0,123.0
630404,-162.0,
630415,-51.0,
630416,-22.0,65.0
630426,-43.0,
630430,-9.0,
630431,-9.0,
630432,-45.0,
630435,-45.0,
630443,-57.0,
630446,-36.0,
630449,-50.0,
630451,-52.0,
630452,-23.0,
630465,-91.0,12.0
630467,-142.0,
630471,-45.0,
630476,-51.0,73.0
630479,-50.0,
630488,-29.0,
630491,-22.0,86.0
630496,-24.0,
630497,-29.0,
630510,-140.0,-1.0
630514,-50.0,0.0
630519,-13.0,
630522,-1.0,
630531,-50.0,5.0
630538,-45.0,-7.0
630540,-28.0,209.0
630541,-10.0,-5.0
630549,-51.0,
630556,-45.0,0.0
630561,-29.0,
630569,-15.0,
630571,-8.0,16.0
630573,-22.0,110.0
630574,-36.0,55.0
630585,-25.0,
630586,-52.0,
630596,-45.0,
630597,-41.0,
630606,-43.0,
630608,-52.0,
630613,-34.0,
630634,-43.0,
630635,-34.0,
630653,-44.0,
630654,-45.0,
630655,-28.0,
630657,-39.0,26.0
630671,-15.0,
630696,-45.0,
630697,-141.0,
630716,-17.0,
630718,-52.0,
630722,-45.0,
630730,-45.0,
630734,-45.0,
630736,-52.0,
630745,-115.0,158.0
630748,-29.0,101.0
630759,-24.0,
630762,-11.0,
630763,-51.0,
630770,-25.0,
630773,-21.0,
630774,-23.0,
630775,-77.0,12.0
630776,-28.0,153.0
630778,-24.0,
630782,-45.0,-15.0
630787,-10.0,
630788,-15.0,
630794,-52.0,
630804,-44.0,153.0
630812,-45.0,72.0
630818,-28.0,
630823,-43.0,
630825,-25.0,
630830,-29.0,
630833,-41.0,
630834,-24.0,
630835,-154.0,
630841,-17.0,
630854,-28.0,
630858,-115.0,
630859,-45.0,
630863,-8.0,
630867,-45.0,
630868,-45.0,145.0
630870,-45.0,10.0
630876,-35.0,
630881,-45.0,
630888,-45.0,56.0
630891,-45.0,
630896,-45.0,
630900,-22.0,
630902,-52.0,0.0
630905,-95.0,
630910,-88.0,
630912,-43.0,
630920,-35.0,-10.0
630924,-45.0,
630935,-43.0,
630937,-34.0,
630939,-45.0,0.0
630944,11.0,
630946,-11.0,
630948,-41.0,
630950,-45.0,-40.0
630957,-50.0,0.0
630966,-22.0,
630980,-43.0,89.0
630992,-60.0,
630999,-52.0,69.0
631016,-17.0,
631023,-15.0,
631029,-25.0,
631031,-31.0,80.0
631033,-17.0,
631038,-29.0,7.0
631044,-28.0,
631051,-45.0,34.0
631055,-85.0,
631073,-45.0,
631075,-36.0,145.0
631081,-34.0,
631082,-52.0,-51.0
631083,-45.0,
631086,-43.0,
631099,-22.0,
631104,-39.0,
631108,-36.0,
631109,-52.0,
631111,-45.0,
631113,-31.0,
631117,-29.0,
631122,-44.0,
631131,-43.0,
631132,-52.0,
631135,-45.0,
631189,-15.0,
631190,-50.0,0.0
631193,-127.0,41.0
631195,-44.0,17.0
631197,-35.0,0.0
631201,-22.0,
631207,-17.0,
631212,-10.0,136.0
631216,-44.0,
631225,-20.0,
631230,-162.0,
631235,-43.0,
631240,-28.0,195.0
631247,-25.0,
631248,-32.0,
631257,-36.0,
631266,-155.0,
631277,-17.0,
631290,-23.0,
631293,-162.0,68.0
631295,-88.0,1.0
631299,-43.0,
631300,-43.0,107.0
631311,-15.0,
631322,-40.0,
631327,-25.0,
631334,-24.0,
631336,-74.0,109.0
631341,-29.0,
631354,-50.0,132.0
631355,-40.0,
631356,-36.0,
631365,-43.0,0.0
631384,-24.0,
631388,-15.0,
631392,-15.0,
631416,-162.0,
631422,-36.0,170.0
631438,-109.0,
631439,-39.0,
631441,-27.0,
631442,-46.0,
631444,-50.0,53.0
631445,-50.0,
631446,-24.0,219.0
631453,-29.0,
631454,-17.0,
631455,-28.0,
631467,-29.0,
631473,-22.0,
631486,-43.0,10.0
631491,-74.0,
631492,-46.0,
631509,-25.0,
631513,-23.0,178.0
631514,-39.0,
631515,-27.0,
631518,-31.0,0.0
631524,-22.0,90.0
631527,-29.0,82.0
631530,-30.0,
631542,-28.0,
631554,-34.0,-30.0
631560,-23.0,11.0
631561,-46.0,214.0
631563,-46.0,
631569,-28.0,
631573,-60.0,
631583,-39.0,
631600,-34.0,
631603,-31.0,
631610,-30.0,100.0
631613,-35.0,
631623,-36.0,60.0
631630,-25.0,17.0
631639,-34.0,
631640,-24.0,
631650,-30.0,
631654,-39.0,
631655,-29.0,
631657,-28.0,-25.0
631658,-108.0,
631663,-10.0,
631670,-36.0,
631673,-25.0,
631679,-46.0,
631680,-17.0,
631681,-22.0,
631693,-36.0,
631699,-25.0,
631701,-24.0,
631715,-25.0,
631719,-29.0,
631723,-9.0,
631724,-35.0,
631740,-94.0,
631749,-34.0,52.0
631750,-23.0,12.0
631753,-8.0,
631756,-11.0,
631765,-34.0,
631766,-41.0,
631770,-11.0,
631771,-29.0,
631772,-25.0,
631775,-66.0,
631777,-30.0,
631786,-11.0,
631788,-8.0,170.0
631807,-15.0,171.0
631813,-29.0,
631835,-51.0,
631837,-34.0,
631846,-22.0,190.0
631848,-35.0,
631850,-22.0,
631851,-29.0,
631853,-34.0,
631860,-34.0,
631870,-32.0,189.0
631880,-34.0,
631884,-24.0,
631888,-22.0,173.0
631913,-27.0,
631924,-155.0,
631925,-28.0,118.0
631929,-29.0,103.0
631935,-17.0,
631941,-36.0,-7.0
631945,-22.0,
631953,-15.0,
631954,-67.0,
631960,-85.0,-1.0
631978,-4.0,
631981,-34.0,
631992,-17.0,32.0
631998,-84.0,
632004,-17.0,
632017,-24.0,
632019,-25.0,
632037,-28.0,
632040,-36.0,
632044,-29.0,
632074,-24.0,
632078,-24.0,
632083,-25.0,
632084,-36.0,
632093,-94.0,
632107,-29.0,135.0
632111,-29.0,
632113,-36.0,
632114,-29.0,12.0
632115,-29.0,
632124,-23.0,115.0
632125,-29.0,
632133,-29.0,162.0
632134,-15.0,55.0
632135,-29.0,162.0
632143,-15.0,
632144,-134.0,-15.0
632148,-36.0,
632152,-8.0,199.0
632153,-12.0,
632161,-77.0,
632179,-98.0,86.0
632181,-19.0,47.0
632190,-23.0,75.0
632195,-29.0,
632205,-29.0,
632210,-22.0,
632215,-23.0,
632231,-30.0,
632235,-28.0,0.0
632242,-17.0,153.0
632254,-22.0,
632255,-25.0,152.0
632258,-27.0,
632260,-29.0,-19.0
632266,-35.0,
632267,-15.0,54.0
632276,-106.0,12.0
632281,-134.0,
632290,-80.0,
632302,-35.0,
632305,-25.0,
632306,-25.0,
632312,-27.0,
632313,-23.0,
632314,-29.0,150.0
632316,-28.0,
632329,-29.0,90.0
632332,-22.0,-14.0
632339,-29.0,
632363,-23.0,
632365,-98.0,
632368,-31.0,
632376,-29.0,200.0
632378,-78.0,
632379,-28.0,
632380,-23.0,
632389,-29.0,
632402,-24.0,
632431,-56.0,-38.0
632447,-36.0,93.0
632451,-72.0,
632454,-32.0,
632458,-106.0,
632459,-28.0,
632463,-29.0,
632469,-29.0,207.0
632470,-35.0,
632473,-17.0,165.0
632475,-12.0,
632482,-24.0,
632483,-15.0,
632485,-15.0,
632486,-27.0,3.0
632487,-29.0,0.0
632503,-36.0,
632504,-29.0,
632506,-17.0,
632512,-17.0,
632513,-25.0,
632514,-24.0,
632526,-17.0,
632533,-12.0,0.0
632536,-36.0,
632543,-10.0,
632544,-17.0,
632546,-22.0,
632547,-35.0,
632551,-29.0,
632554,-29.0,
632556,-22.0,
632558,-10.0,
632559,-25.0,
632569,-22.0,
632571,-22.0,
632574,-36.0,54.0
632575,-60.0,
632577,-10.0,
632578,-30.0,
632588,-25.0,
632597,-24.0,
632605,-30.0,-8.0
632613,-10.0,
632618,-35.0,103.0
632619,-15.0,
632620,-22.0,
632621,-22.0,0.0
632623,-22.0,
632626,-87.0,8.0
632631,-29.0,
632632,-49.0,
632633,-12.0,25.0
632634,-29.0,-22.0
632635,-23.0,
632637,-15.0,11.0
632638,-10.0,
632640,-8.0,
632641,-24.0,19.0
632645,-120.0,
632658,-34.0,
632667,-23.0,
632673,-15.0,
632675,-17.0,
632680,-27.0,
632682,-31.0,
632687,-8.0,
632691,-27.0,100.0
632698,-17.0,
632700,-28.0,
632704,-35.0,
632705,-28.0,
632709,-42.0,
632712,-34.0,
632719,-71.0,152.0
632722,-31.0,128.0
632725,-23.0,
632741,-28.0,
632752,-32.0,
632756,-34.0,
632759,-22.0,165.0
632773,-28.0,3.0
632780,-22.0,-7.0
632790,-17.0,
632793,-22.0,129.0
632795,-88.0,59.0
632800,-27.0,
632801,-27.0,
632814,-23.0,
632823,-29.0,
632826,-9.0,
632831,-31.0,
632836,-27.0,
632840,-23.0,
632841,-27.0,0.0
632845,-28.0,
632847,-35.0,33.0
632848,-22.0,
632856,-27.0,101.0
632866,-121.0,234.0
632869,-32.0,
632877,-84.0,
632879,-28.0,-21.0
632883,-22.0,
632889,-15.0,33.0
632895,-24.0,
632898,-27.0,
632900,-25.0,
632903,-28.0,-1.0
632904,-24.0,
632911,-34.0,-22.0
632923,-22.0,138.0
632927,-17.0,
632929,-28.0,
632936,-28.0,
632942,-21.0,78.0
632947,-27.0,
632950,-42.0,
632955,-81.0,
632958,-23.0,62.0
632959,-24.0,
632966,-10.0,164.0
632975,-25.0,-11.0
632977,-27.0,
632989,-10.0,
632991,-27.0,
633008,-22.0,
633016,-22.0,2.0
633024,-31.0,
633026,-27.0,180.0
633047,-17.0,
633052,-31.0,10.0
633060,-56.0,
633069,-113.0,
633071,-23.0,56.0
633077,-27.0,
633079,-10.0,
633093,-106.0,
633096,-8.0,
633098,-10.0,
633100,-22.0,191.0
633102,-26.0,-16.0
633107,-25.0,
633112,-25.0,
633118,-15.0,
633123,-10.0,
633130,-29.0,
633157,-25.0,
633162,-32.0,
633178,-24.0,
633179,-25.0,
633193,-22.0,
633198,-25.0,
633205,-25.0,
633206,-161.0,
633207,-25.0,
633208,-32.0,
633209,-25.0,
633212,-29.0,
633214,-25.0,
633219,-22.0,
633221,-25.0,
633228,-32.0,
633231,-32.0,
633233,-24.0,0.0
633237,-91.0,26.0
633238,-22.0,
633240,-22.0,66.0
633243,-24.0,83.0
633245,-32.0,
633250,-25.0,
633256,-17.0,215.0
633257,-31.0,
633259,-23.0,
633270,-24.0,
633273,-23.0,200.0
633281,-24.0,
633285,-17.0,
633292,-22.0,
633295,-122.0,
633297,-22.0,
633303,-25.0,
633304,-24.0,
633305,-25.0,
633310,-23.0,
633319,-25.0,
633325,-25.0,
633328,-22.0,
633330,-25.0,
633331,-25.0,120.0
633334,-24.0,
633341,-25.0,
633355,-25.0,
633368,-25.0,
633378,-32.0,51.0
633380,-29.0,
633384,-22.0,213.0
633386,-32.0,
633388,-23.0,
633389,-15.0,
633394,-29.0,
633395,-24.0,
633397,-24.0,
633401,-23.0,0.0
633403,-22.0,
633409,-24.0,
633411,-22.0,
633414,-120.0,
633417,-12.0,
633424,-101.0,
633429,-13.0,
633432,-24.0,80.0
633435,-15.0,
633436,-12.0,
633447,-22.0,
633448,-6.0,
633453,-25.0,
633455,-23.0,24.0
633459,-11.0,
633460,-23.0,
633462,-32.0,13.0
633464,-17.0,
633467,-25.0,
633472,-32.0,
633474,-24.0,
633475,-44.0,
633477,-22.0,17.0
633491,-29.0,
633493,-15.0,
633498,-23.0,
633499,-27.0,
633504,-24.0,
633505,-25.0,
633510,-22.0,
633511,-24.0,
633514,-15.0,
633515,-4.0,
633516,-25.0,
633525,-29.0,-5.0
633527,-17.0,3.0
633530,-15.0,226.0
633544,-24.0,
633555,-50.0,
633558,-25.0,32.0
633560,-32.0,
633561,-45.0,
633568,-60.0,
633569,-1.0,
633570,-24.0,
633574,-109.0,
633585,-10.0,
633588,-8.0,
633590,-29.0,
633591,-15.0,
633599,-24.0,-22.0
633603,-31.0,
633605,-22.0,
633608,-12.0,
633609,-10.0,
633613,-31.0,-25.0
633618,-23.0,-15.0
633625,-10.0,184.0
633628,-78.0,
633634,-25.0,
633637,-24.0,
633643,-13.0,
633646,-31.0,
633647,-24.0,
633650,-32.0,
633655,-25.0,
633660,-24.0,
633666,-10.0,
633669,-31.0,
633676,-15.0,107.0
633679,-17.0,103.0
633682,-10.0,
633683,2.0,
633685,-24.0,
633690,-17.0,
633691,-22.0,
633695,-23.0,
633716,-24.0,18.0
633717,-22.0,
633722,-24.0,
633732,-24.0,48.0
633739,-24.0,-10.0
633745,-23.0,
633746,-23.0,
633747,-10.0,
633749,-5.0,
633756,-15.0,
633763,-23.0,
633764,-24.0,
633771,-23.0,
633773,-22.0,
633818,-17.0,
633824,-122.0,
633840,-23.0,
633857,-24.0,
633859,-22.0,0.0
633864,-24.0,
633865,-30.0,
633867,-30.0,
633868,-25.0,
633881,-23.0,59.0
633883,-24.0,-7.0
633884,-17.0,96.0
633890,-31.0,
633900,-29.0,11.0
633902,-77.0,
633912,-31.0,-5.0
633913,-17.0,27.0
633914,-22.0,
633921,-24.0,
633923,-11.0,
633924,-24.0,
633929,-19.0,
633931,-100.0,
633935,-24.0,
633942,-23.0,
633949,-38.0,
633956,-24.0,
633960,-24.0,
633967,-5.0,
633979,-13.0,
633983,-22.0,
633987,3.0,
633990,-30.0,25.0
633995,-14.0,
633998,-24.0,
634007,-23.0,0.0
634018,-10.0,
634019,-114.0,
634027,-8.0,
634035,-35.0,123.0
634037,-28.0,
634040,-23.0,
634047,-85.0,
634054,-4.0,
634057,-23.0,17.0
634058,-31.0,
634061,-23.0,
634066,-23.0,
634070,-22.0,
634075,-30.0,
634076,-17.0,
634077,-30.0,
634083,-23.0,0.0
634088,-25.0,
634094,-17.0,
634099,-23.0,
634106,-17.0,
634107,-23.0,-1.0
634108,-17.0,0.0
634111,-22.0,
634114,-17.0,108.0
634119,-66.0,
634128,-23.0,
634139,-23.0,0.0
634155,-23.0,
634157,-23.0,
634164,-29.0,138.0
634165,-22.0,
634167,-22.0,
634176,-22.0,12.0
634178,-22.0,
634187,-22.0,107.0
634188,-29.0,
634193,-23.0,
634200,-20.0,
634209,-22.0,
634216,-22.0,
634217,-22.0,
634230,-29.0,
634234,-11.0,
634241,-23.0,
634245,-15.0,
634246,-22.0,
634247,-35.0,
634252,-23.0,
634254,-15.0,87.0
634258,-17.0,
634260,-17.0,
634265,-29.0,
634273,-7.0,
634278,-23.0,
634279,-20.0,
634280,-30.0,
634286,-30.0,
634292,-22.0,
634295,-22.0,23.0
634298,-24.0,7.0
634304,-24.0,
634305,-49.0,
634309,-23.0,
634311,-15.0,
634313,-22.0,23.0
634316,-15.0,
634318,-23.0,
634320,-23.0,
634323,-12.0,
634339,-22.0,-1.0
634340,-17.0,
634343,6.0,
634344,-15.0,
634345,-15.0,
634347,-11.0,89.0
634349,-22.0,
634351,-17.0,
634353,-29.0,
634360,-15.0,69.0
634365,-28.0,
634367,-15.0,
634369,-12.0,
634373,-30.0,-10.0
634383,-22.0,
634396,-30.0,0.0
634397,-22.0,
634404,-23.0,
634412,-22.0,
634414,-23.0,
634420,-15.0,
634426,-23.0,
634427,-23.0,
634428,-22.0,-7.0
634429,-23.0,
634430,-23.0,
634431,-23.0,
634433,-17.0,
634435,-23.0,
634444,-11.0,
634461,-5.0,
634470,-22.0,
634472,-29.0,
634477,-29.0,
634479,-22.0,
634480,-20.0,-5.0
634481,-29.0,
634483,-29.0,
634486,-29.0,-22.0
634489,-92.0,132.0
634491,-29.0,
634494,-1.0,
634498,-5.0,
634500,-22.0,
634503,-1.0,
634507,-22.0,
634508,-22.0,180.0
634512,-22.0,
634523,-22.0,24.0
634526,-3.0,
634529,-22.0,
634530,-10.0,
634536,-22.0,
634539,-22.0,
634547,-10.0,
634551,-11.0,
634552,-77.0,
634562,-8.0,
634569,-11.0,
634570,-22.0,
634578,-22.0,136.0
634583,-15.0,
634589,-22.0,
634596,-22.0,
634600,-22.0,
634601,-60.0,
634606,-29.0,
634615,-24.0,
634616,-20.0,
634618,-22.0,
634635,-15.0,
634636,-22.0,
634638,-22.0,
634646,-30.0,
634648,-22.0,
634649,-17.0,
634655,-17.0,-12.0
634671,-22.0,
634681,-17.0,
634682,-15.0,
634693,-161.0,156.0
634701,-20.0,74.0
634715,-24.0,
634721,-29.0,
634737,-22.0,25.0
634744,-17.0,
634746,-8.0,
634749,-63.0,
634751,-10.0,
634772,-162.0,
634774,-22.0,80.0
634776,-114.0,74.0
634784,-22.0,
634785,-106.0,74.0
634789,-12.0,45.0
634796,-22.0,0.0
634816,5.0,
634817,-17.0,
634820,-15.0,180.0
634822,-11.0,
634824,-22.0,
634833,-29.0,
634848,-8.0,
634851,-29.0,
634853,-15.0,223.0
634859,-22.0,
634862,-22.0,
634869,-17.0,
634876,-22.0,
634878,-13.0,
634879,-28.0,
634888,-150.0,
634899,-11.0,
634905,-22.0,
634909,-22.0,
634918,-17.0,
634919,-20.0,
634924,-22.0,
634928,-29.0,
634932,-29.0,
634933,-12.0,
634940,-30.0,
634943,-43.0,46.0
634944,-17.0,
634946,-21.0,135.0
634957,-10.0,12.0
634966,-162.0,
634968,-11.0,
634976,-24.0,
634979,-21.0,-9.0
634986,-11.0,
634999,-21.0,
635011,-22.0,
635017,-15.0,-12.0
635034,-17.0,227.0
635035,-15.0,
635041,-21.0,32.0
635043,-21.0,
635046,-17.0,
635052,-17.0,
635058,-17.0,
635071,-42.0,-29.0
635079,-15.0,46.0
635100,-21.0,
635109,-17.0,
635113,-24.0,
635122,-28.0,
635124,-20.0,
635136,-22.0,
635141,-20.0,
635165,-155.0,29.0
635170,-142.0,
635173,-28.0,
635184,-50.0,
635191,-135.0,23.0
635228,-28.0,
635230,-28.0,
635233,-5.0,
635241,-28.0,
635244,-28.0,
635245,-24.0,
635246,-24.0,
635247,-24.0,
635251,-81.0,-51.0
635255,-129.0,
635271,-135.0,-8.0
635279,-129.0,
635325,-93.0,
635328,-85.0,
635334,-99.0,
635410,-115.0,103.0
635416,-17.0,
635418,-59.0,
635425,-22.0,12.0
635432,-24.0,
635433,-24.0,
635435,-24.0,
635452,-43.0,
635473,-24.0,
635506,-1.0,
635515,-17.0,
635552,-148.0,
635561,-101.0,
635564,-16.0,
635573,-64.0,
635591,-24.0,
635703,-66.0,
635711,-122.0,
635716,-32.0,12.0
635719,-60.0,
635720,-17.0,
635746,-154.0,59.0
635751,-37.0,
635755,-24.0,
635761,-24.0,
635764,-24.0,
635771,-22.0,
635773,-24.0,
635774,-24.0,
635777,-24.0,6.0
635779,-135.0,
635788,-24.0,
635793,-24.0,173.0
635795,-8.0,
635802,-129.0,
635813,-4.0,
635885,-7.0,
635890,-99.0,
635903,-129.0,
635921,-92.0,
635924,-22.0,
635953,-113.0,
635972,-9.0,
635985,-23.0,
635986,-48.0,2.0
635988,-14.0,
635992,-157.0,
636000,-8.0,
636018,-16.0,
636064,-141.0,-74.0
636124,-129.0,
636243,-143.0,16.0
636271,-19.0,
636282,-38.0,
636283,-9.0,
636302,-120.0,
636314,-99.0,
636323,-115.0,150.0
636364,-28.0,
636375,-155.0,93.0
636387,-79.0,
636400,-115.0,
636407,-79.0,
636408,-31.0,
636420,-24.0,67.0
636422,-88.0,
636443,-73.0,-3.0
636451,-115.0,
636458,-127.0,
636464,-65.0,
636467,-9.0,
636469,-102.0,
636484,-42.0,
636492,-85.0,64.0
636503,-39.0,
636525,-57.0,
636547,-22.0,
636554,-46.0,
636565,-129.0,
636590,,-163.0
636594,-22.0,
636628,-85.0,31.0
636634,-140.0,52.0
636653,-155.0,
636656,-106.0,
636660,-113.0,
636697,-58.0,
636704,-30.0,
636712,-121.0,12.0
636716,-135.0,
636718,-77.0,24.0
636732,-129.0,
636743,-72.0,-11.0
636749,-150.0,-15.0
636783,-88.0,
636807,16.0,17.0
636830,-92.0,
636832,-24.0,
636875,-151.0,
636953,-88.0,
636996,-16.0,
637003,-151.0,
637004,-155.0,
637063,-144.0,
637064,-136.0,
637067,-7.0,
637070,-32.0,
637075,-30.0,41.0
637086,-148.0,-49.0
637089,-5.0,61.0
637123,-31.0,
637203,-129.0,
637206,-23.0,
637238,-57.0,
637246,-23.0,123.0
637279,-17.0,
637280,-129.0,
637292,-98.0,121.0
637295,-88.0,-9.0
637325,-58.0,127.0
637338,-37.0,12.0
637347,-136.0,
637348,-24.0,
637358,-29.0,
637370,-14.0,
637374,-42.0,
637382,-14.0,
637388,-153.0,
637401,-106.0,
637414,-95.0,
637468,-49.0,
637473,-70.0,
637474,-129.0,12.0
637476,-35.0,
637496,-2.0,
637509,-35.0,
637514,-63.0,199.0
637528,-14.0,
637563,-66.0,
637582,-21.0,
637586,-162.0,
637601,-25.0,12.0
637621,-123.0,
637624,-38.0,
637665,-93.0,
637691,-149.0,
637708,-134.0,
637715,-113.0,
637722,-129.0,
637754,-44.0,
637788,-109.0,
637800,-67.0,114.0
637810,-122.0,
637815,-21.0,
637820,-21.0,
637846,-143.0,-120.0
637864,-4.0,
637867,-16.0,
637903,-37.0,
637906,-87.0,
637939,-135.0,-18.0
637980,-28.0,
637993,-52.0,
638007,-79.0,
638018,-23.0,
638023,-155.0,12.0
638034,-7.0,
638036,-66.0,117.0
638040,-30.0,
638051,-80.0,
638092,-3.0,139.0
638131,-129.0,
638202,-102.0,
638228,-155.0,
638243,-106.0,31.0
638254,-14.0,
638257,-154.0,
638358,-30.0,-29.0
638384,-74.0,
638388,-150.0,
638411,-53.0,
638414,-155.0,-39.0
638417,-106.0,2.0
638425,-34.0,12.0
638426,-17.0,-2.0
638498,-155.0,
638503,-58.0,
638504,-102.0,31.0
638515,-155.0,
638516,-151.0,
638544,-161.0,131.0
638554,-162.0,74.0
638561,-59.0,-2.0
638575,-32.0,-1.0
638604,-23.0,
638621,-129.0,-18.0
638625,-155.0,
638655,-60.0,
638657,-80.0,5.0
638677,-123.0,195.0
638699,-129.0,
638756,-148.0,
638771,-122.0,
638818,-65.0,-29.0
638831,-149.0,
638970,-10.0,
638997,-29.0,
639012,-92.0,
639028,-71.0,
639053,-149.0,
639176,-30.0,-5.0
639181,-129.0,
639190,-16.0,12.0
639194,-23.0,
639231,-142.0,
639232,-42.0,12.0
639234,-79.0,149.0
639238,-154.0,114.0
639243,-29.0,
639251,-4.0,
639253,-155.0,
639461,-3.0,
639514,-100.0,
639522,-67.0,
639533,-23.0,12.0
639659,-162.0,-25.0
639663,-17.0,
639724,-130.0,
639766,-58.0,
639919,-144.0,72.0
639993,-37.0,
639995,3.0,135.0
640054,-162.0,-117.0
640098,-15.0,
640109,-15.0,12.0
640140,-102.0,-3.0
640144,-10.0,
640178,-160.0,
640225,-39.0,
640265,-32.0,87.0
640278,-81.0,
640289,-155.0,130.0
640291,-151.0,86.0
640307,-115.0,
640329,-154.0,
640330,-157.0,5.0
640393,-86.0,-39.0
640425,-80.0,
640429,-150.0,
640439,-15.0,
640443,-64.0,-61.0
640455,-108.0,
640501,-78.0,11.0
640505,-109.0,
640552,-79.0,53.0
640584,-77.0,93.0
640654,-23.0,
640658,-92.0,75.0
640662,-32.0,-11.0
640691,-32.0,12.0
640701,-17.0,
640706,-142.0,146.0
640711,-140.0,
640712,-36.0,-4.0
640752,-15.0,
640753,-115.0,
640773,-154.0,
640774,-38.0,-15.0
640835,-53.0,45.0
640836,-32.0,
640848,-144.0,
640892,-44.0,
640913,-64.0,
640927,-143.0,
640942,-102.0,
640975,-121.0,
640982,-36.0,
640995,-60.0,
641028,-21.0,
641045,-156.0,-3.0
641073,-5.0,171.0
641085,-154.0,
641112,-85.0,
641116,-37.0,
641134,-24.0,221.0
641137,-23.0,
641169,-136.0,12.0
641192,-77.0,45.0
641195,-25.0,
641200,-14.0,
641253,-162.0,
641262,-109.0,-16.0
641265,-51.0,20.0
641275,-95.0,62.0
641305,-30.0,55.0
641307,-140.0,-127.0
641309,-63.0,
641311,-142.0,
641315,-162.0,
641329,-91.0,
641347,-122.0,147.0
641363,-143.0,
641401,-9.0,
641404,-53.0,47.0
641433,-78.0,
641434,4.0,
641452,-5.0,
641461,-142.0,
641470,-155.0,
641504,-95.0,30.0
641535,-45.0,
641540,-95.0,-16.0
641547,-29.0,
641557,-113.0,60.0
641565,-148.0,-2.0
641566,-78.0,
641569,-58.0,
641609,-105.0,
641613,-147.0,12.0
641616,-49.0,
641629,-5.0,
641684,-23.0,65.0
641696,-22.0,
641716,-133.0,-23.0
641744,-155.0,
641766,-95.0,
641795,-51.0,111.0
641804,-25.0,
641817,-23.0,131.0
641840,-5.0,
641845,-92.0,59.0
641864,-136.0,
641866,-129.0,49.0
641881,-77.0,
641896,-105.0,
641899,-15.0,
641914,-25.0,
641940,-85.0,61.0
641992,-32.0,78.0
642013,-129.0,-3.0
642029,-120.0,
642056,-25.0,
642066,-29.0,-5.0
642067,-129.0,
642075,-23.0,
642083,-161.0,
642122,-67.0,
642128,-144.0,-61.0
642139,-140.0,
642181,-29.0,
642196,-123.0,
642201,-31.0,
642222,-95.0,2.0
642230,-71.0,74.0
642250,-52.0,
642261,-129.0,32.0
642291,-21.0,
642292,-156.0,10.0
642310,-136.0,
642342,-24.0,
642375,-115.0,
642396,-153.0,173.0
642405,-79.0,
642413,-95.0,
642439,-150.0,201.0
642443,-162.0,
642448,-79.0,
642449,-21.0,
642474,-119.0,
642493,-16.0,
642496,-25.0,90.0
642498,-99.0,
642501,-88.0,
642512,-36.0,177.0
642528,-44.0,
642536,-16.0,
642550,-70.0,
642551,-146.0,
642560,-109.0,10.0
642561,-147.0,
642590,-71.0,
642591,-32.0,
642595,-140.0,
642600,-17.0,
642625,-86.0,
642626,-77.0,65.0
642627,-23.0,
642633,-122.0,
642656,-122.0,
642694,-1.0,
642698,-144.0,
642730,-129.0,
642731,-130.0,-61.0
642740,-29.0,
642744,-94.0,-17.0
642750,-31.0,
642764,-30.0,55.0
642785,-157.0,-80.0
642790,-147.0,4.0
642802,-136.0,1.0
642817,-115.0,
642821,-85.0,
642834,-77.0,
642836,-95.0,-67.0
642838,-14.0,
642839,-155.0,87.0
642840,-133.0,
642843,-99.0,
642850,-38.0,
642851,2.0,
642872,-149.0,
642878,-108.0,73.0
642879,-66.0,
642883,-77.0,
642900,-102.0,
642902,-18.0,
642905,-77.0,
642909,-140.0,
642939,-136.0,34.0
642949,-120.0,
642953,-73.0,
642968,-113.0,
642988,-36.0,
642989,-129.0,
643006,-53.0,
643021,-129.0,-68.0
643024,-73.0,60.0
643036,-84.0,
643069,-129.0,
643077,-51.0,
643085,-100.0,-37.0
643114,-60.0,-11.0
643118,-60.0,
643126,-29.0,
643168,-52.0,
643172,-95.0,
643191,-67.0,62.0
643199,-144.0,171.0
643200,-64.0,-4.0
643202,-93.0,
643206,-43.0,
643208,-116.0,
643220,-23.0,
643230,-24.0,137.0
643267,-135.0,
643269,-122.0,-11.0
643270,-81.0,
643273,-93.0,
643278,-129.0,-20.0
643280,-49.0,
643285,-77.0,
643309,-91.0,58.0
643321,-109.0,
643323,-23.0,
643326,-37.0,
643354,-25.0,
643357,-113.0,-89.0
643372,-67.0,
643379,-147.0,-99.0
643403,-24.0,
643404,-93.0,
643406,-106.0,
643416,-15.0,-2.0
643434,-106.0,164.0
643455,-147.0,-23.0
643457,-112.0,-5.0
643466,-21.0,
643477,-112.0,
643481,-146.0,
643484,-93.0,
643496,-44.0,
643502,-67.0,
643510,-10.0,
643514,-51.0,-2.0
643525,-42.0,166.0
643529,-53.0,
643531,-15.0,
643542,-162.0,34.0
643568,-87.0,
643587,-147.0,
643591,-66.0,
643608,-49.0,100.0
643619,-85.0,
643644,-150.0,
643653,-142.0,
643659,-112.0,
643672,-135.0,
643690,-41.0,33.0
643696,-155.0,
643705,-50.0,
643712,-129.0,110.0
643729,-57.0,
643751,-53.0,
643754,-84.0,
643755,-154.0,6.0
643757,-70.0,
643758,-100.0,
643770,-56.0,164.0
643771,-15.0,
643953,-94.0,
643970,-120.0,
643986,-122.0,
644025,-101.0,
644061,-38.0,
644064,-149.0,-1.0
644069,-74.0,
644072,-18.0,
644093,-122.0,
644101,-160.0,149.0
644105,-36.0,
644113,-148.0,
644144,-18.0,
644159,-71.0,163.0
644160,-67.0,
644163,-144.0,12.0
644164,-154.0,
644172,-23.0,
644188,-10.0,
644191,-18.0,51.0
644210,-136.0,
644226,-115.0,
644229,-49.0,
644242,-79.0,
644246,-108.0,
644252,-113.0,
644301,-64.0,
644303,-144.0,72.0
644310,-127.0,121.0
644343,-136.0,
644361,-148.0,
644362,-38.0,
644369,-8.0,
644384,-135.0,
644409,-157.0,
644416,-64.0,
644430,-15.0,
644441,-9.0,
644450,-153.0,
644453,-109.0,-39.0
644457,-60.0,
644470,-123.0,
644474,-161.0,
644480,-67.0,
644482,-151.0,12.0
644484,-63.0,
644508,-107.0,
644514,-7.0,
644516,-148.0,143.0
644525,-74.0,
644567,-105.0,53.0
644599,-86.0,
644742,-28.0,
644743,-85.0,
644761,-129.0,
644784,-147.0,
644791,-150.0,
644793,-42.0,
644794,-122.0,
644818,-94.0,
644822,-161.0,
644828,-17.0,
644834,-25.0,-25.0
644847,-153.0,
644848,-30.0,
644863,-38.0,
644871,-148.0,12.0
644881,-109.0,-44.0
644883,-29.0,12.0
644885,-95.0,-22.0
644904,-52.0,
644905,-147.0,59.0
644934,-16.0,20.0
644936,-81.0,
644951,-135.0,
644956,-74.0,
644964,-30.0,
644967,-143.0,
644974,-155.0,
644975,-135.0,-74.0
644990,-129.0,
644993,-121.0,
645003,-41.0,
645019,-79.0,12.0
645020,-98.0,
645031,-150.0,
645042,-160.0,
645045,-52.0,12.0
645047,-129.0,
645052,-16.0,5.0
645054,-51.0,
645078,-86.0,
645081,-162.0,
645098,-44.0,
645124,-22.0,
645126,-81.0,
645144,-70.0,
645145,-141.0,
645147,-28.0,
645151,-115.0,-17.0
645157,-4.0,
645160,-135.0,12.0
645170,-2.0,
645174,-153.0,
645183,-162.0,137.0
645194,-79.0,-15.0
645216,-22.0,
645219,-141.0,-39.0
645231,-106.0,
645232,-115.0,
645248,-84.0,103.0
645256,-140.0,
645319,-77.0,
645322,-157.0,116.0
645326,-101.0,
645334,-73.0,
645353,-133.0,60.0
645359,-162.0,
645366,-142.0,75.0
645369,-24.0,
645370,-122.0,
645371,-59.0,
645377,-86.0,
645401,-128.0,12.0
645405,-115.0,
645407,-113.0,24.0
645420,-144.0,
645425,-149.0,
645433,-79.0,164.0
645434,-140.0,
645451,-66.0,
645462,-72.0,47.0
645481,-72.0,-46.0
645496,-155.0,
645499,-150.0,
645510,-130.0,12.0
645512,-35.0,45.0
645518,-51.0,
645529,-136.0,-12.0
645542,-137.0,
645551,-157.0,
645557,-120.0,146.0
645586,-63.0,
645590,-115.0,
645598,-20.0,
645607,-78.0,
645618,-155.0,-151.0
645638,-79.0,-36.0
645639,-136.0,
645678,-112.0,
645698,-66.0,
645705,-56.0,
645710,-115.0,-78.0
645730,-3.0,
645732,-155.0,
645738,-162.0,-42.0
645753,-58.0,
645770,-120.0,
645784,-106.0,
645787,-155.0,10.0
645790,-150.0,
645792,-18.0,
645793,-142.0,
645800,-155.0,59.0
645801,-107.0,
645818,-156.0,
645831,-44.0,
645835,-22.0,191.0
645840,-129.0,
645847,-37.0,-2.0
645850,-161.0,-30.0
645851,-106.0,24.0
645864,-121.0,
645866,-70.0,72.0
645867,-22.0,
645876,-122.0,
645880,-91.0,
645889,-29.0,
645906,-78.0,-32.0
645928,-3.0,
645939,-106.0,30.0
645948,-122.0,109.0
645950,-153.0,
645960,-15.0,
645962,-98.0,191.0
645969,-106.0,
645996,-38.0,2.0
645997,-60.0,
646004,-162.0,117.0
646005,-44.0,
646006,-148.0,186.0
646015,-148.0,
646017,-154.0,
646020,-162.0,-39.0
646027,-51.0,-40.0
646040,-16.0,
646053,-87.0,
646063,-45.0,
646070,-87.0,
646071,-32.0,
646074,-35.0,
646075,-65.0,
646077,-72.0,12.0
646083,-105.0,-10.0
646085,-36.0,
646086,-108.0,-22.0
646090,-136.0,
646091,-70.0,12.0
646097,-156.0,234.0
646109,-141.0,150.0
646119,-102.0,
646120,-137.0,-75.0
646131,-129.0,
646133,-144.0,12.0
646138,-154.0,
646151,-156.0,-2.0
646152,-46.0,
646169,-18.0,
646173,-67.0,
646178,-88.0,
646184,-24.0,
646197,-112.0,
646202,-86.0,
646218,-148.0,12.0
646260,-100.0,
646313,-109.0,
646314,-45.0,18.0
646322,-72.0,
646342,-44.0,
646344,-66.0,
646351,-28.0,
646352,-57.0,
646357,-38.0,
646359,-78.0,12.0
646361,-122.0,
646363,-15.0,
646367,-135.0,
646391,-140.0,62.0
646401,-4.0,54.0
646402,-94.0,
646406,-25.0,
646413,-154.0,
646415,-150.0,
646418,-147.0,
646430,-115.0,
646432,-53.0,
646445,-154.0,-102.0
646455,-127.0,-5.0
646459,-38.0,12.0
646460,-64.0,
646470,-102.0,111.0
646481,-37.0,
646482,-79.0,
646484,-115.0,
646489,-95.0,
646498,-135.0,
646502,-123.0,10.0
646508,-115.0,
646515,-127.0,-123.0
646520,-59.0,
646539,-79.0,
646540,-24.0,
646547,-92.0,-38.0
646551,-150.0,
646553,-128.0,
646572,-58.0,
646576,-74.0,
646579,-157.0,
646580,-44.0,12.0
646581,-20.0,
646589,-46.0,
646613,-109.0,-15.0
646618,-136.0,
646628,-45.0,
646636,-63.0,-23.0
646638,-17.0,
646659,-150.0,
646670,-155.0,
646685,-36.0,
646689,-53.0,4.0
646691,-105.0,
646700,-94.0,159.0
646722,-150.0,12.0
646729,-29.0,
646734,-70.0,196.0
646739,-25.0,
646742,-122.0,75.0
646747,-127.0,-18.0
646748,-129.0,-65.0
646750,-87.0,
646751,-7.0,-5.0
646755,-122.0,-61.0
646770,-162.0,-57.0
646776,-81.0,
646778,-129.0,
646781,5.0,
646798,-29.0,
646801,-52.0,
646807,-22.0,137.0
646815,-150.0,
646821,-87.0,
646836,-38.0,
646841,-137.0,31.0
646844,-154.0,
646852,-114.0,200.0
646857,-122.0,
646881,-29.0,
646889,-84.0,12.0
646891,2.0,
646901,-116.0,
646903,-29.0,
646905,-67.0,
646906,-91.0,-58.0
646938,-84.0,-74.0
646952,-79.0,
646953,-15.0,
646957,-106.0,
646972,-79.0,11.0
646990,-155.0,
646998,-122.0,
647005,-112.0,12.0
647033,-28.0,12.0
647040,-37.0,
647043,-113.0,
647045,-150.0,
647054,-84.0,
647056,-17.0,
647067,-79.0,
647072,-155.0,12.0
647083,-32.0,
647102,-59.0,
647111,-72.0,74.0
647126,-140.0,1.0
647148,-31.0,
647154,-143.0,
647166,-29.0,
647169,-129.0,
647171,-154.0,
647179,-21.0,
647184,-52.0,70.0
647194,-23.0,
647195,-98.0,
647200,-120.0,
647210,-153.0,54.0
647215,-136.0,
647217,-17.0,12.0
647218,-162.0,
647220,-60.0,12.0
647227,-92.0,
647245,-25.0,9.0
647284,-81.0,2.0
647305,-161.0,
647312,-142.0,5.0
647318,-45.0,
647320,-23.0,
647321,-115.0,12.0
647324,-154.0,
647339,-127.0,
647345,-136.0,
647346,-86.0,
647348,-141.0,12.0
647358,-144.0,
647368,-86.0,87.0
647373,-149.0,
647385,-101.0,
647391,-78.0,-30.0
647393,-3.0,
647395,-79.0,
647398,-155.0,
647399,-154.0,
647405,-23.0,12.0
647406,-112.0,12.0
647417,-77.0,12.0
647425,-16.0,
647432,-25.0,74.0
647442,-122.0,72.0
647464,-34.0,
647466,-23.0,
647468,-162.0,-11.0
647479,-73.0,
647485,-60.0,
647488,-162.0,
647496,-129.0,
647502,-156.0,
647511,-25.0,
647518,-18.0,12.0
647525,-150.0,67.0
647553,-4.0,
647565,-36.0,66.0
647593,-49.0,
647594,-115.0,12.0
647598,-30.0,
647604,-113.0,
647605,-81.0,
647612,-88.0,
647614,-38.0,54.0
647645,-142.0,-6.0
647647,-127.0,
647654,-30.0,
647684,-17.0,23.0
647711,-140.0,123.0
647735,-31.0,
647740,-142.0,12.0
647758,-9.0,68.0
647761,-8.0,
647762,-21.0,
647763,-94.0,
647764,-23.0,
647765,-127.0,
647774,-52.0,32.0
647784,-154.0,12.0
647791,-147.0,12.0
647799,-147.0,-103.0
647803,-23.0,
647807,-79.0,-12.0
647824,-88.0,5.0
647841,-108.0,
647850,-79.0,
647864,-162.0,-131.0
647865,-99.0,
647869,-155.0,71.0
647876,-162.0,
647879,-94.0,
647883,-135.0,
647887,-155.0,12.0
647888,-140.0,
647893,-85.0,
647898,-37.0,
647910,-144.0,
647915,-81.0,60.0
647916,-58.0,
647919,-155.0,
647920,-143.0,12.0
647937,-162.0,
647940,-155.0,-29.0
647945,-150.0,
647947,-155.0,9.0
647953,-157.0,-26.0
647964,-140.0,-36.0
647967,-121.0,
647968,-162.0,12.0
647982,-39.0,
647983,-122.0,
647986,-87.0,
647987,-105.0,
647988,-106.0,
647993,-155.0,-37.0
647999,-161.0,-18.0
648001,-155.0,
648023,-73.0,
648027,-102.0,
648037,-143.0,
648038,-155.0,
648040,-108.0,
648049,-113.0,
648058,-71.0,80.0
648063,-162.0,
648082,-162.0,
648083,-122.0,
648085,-150.0,
648086,-141.0,
648090,-142.0,
648091,-149.0,
648100,-114.0,
648105,-155.0,
648110,-86.0,68.0
648114,-101.0,
648115,-133.0,102.0
648116,-88.0,
648117,-93.0,
648118,-77.0,-37.0
648119,-63.0,
648120,-136.0,131.0
648127,-100.0,230.0
648130,-53.0,228.0
648131,-122.0,
648135,-81.0,
648136,-155.0,
648137,-135.0,12.0
648140,-155.0,
648158,-86.0,46.0
648161,-156.0,
648172,-45.0,
648178,-154.0,
648182,-156.0,
648183,-163.0,
648190,-155.0,
648194,-142.0,
648201,-157.0,189.0
648203,-154.0,-106.0
648207,-65.0,
648237,-108.0,
648238,-162.0,-80.0
648244,-43.0,
648247,-162.0,-4.0
648250,-155.0,12.0
648254,-149.0,
648257,-37.0,171.0
648262,-162.0,
648269,-122.0,
648274,-156.0,
648279,-106.0,
648285,-36.0,
648287,-23.0,
648310,-153.0,
648311,-149.0,
648314,-155.0,12.0
648317,-162.0,-88.0
648321,-92.0,172.0
648335,-150.0,
648348,-155.0,-136.0
648353,-155.0,
648354,-38.0,-19.0
648363,-155.0,
648365,-67.0,
648366,-129.0,
648369,-91.0,
648370,-18.0,
648373,-155.0,-45.0
648380,-85.0,
648386,-162.0,80.0
648391,-91.0,
648416,-122.0,
648419,-155.0,-25.0
648422,-32.0,
648428,-162.0,
648429,-129.0,-15.0
648436,-148.0,
648440,-141.0,6.0
648445,-122.0,
648448,-22.0,52.0
648449,-151.0,
648455,-149.0,
648457,-140.0,
648469,-155.0,
648470,-133.0,
648476,-151.0,
648477,-154.0,12.0
648487,-162.0,
648498,-71.0,
648508,-2.0,
648515,-87.0,
648518,-9.0,
648519,-74.0,12.0
648521,-144.0,-120.0
648522,-109.0,
648528,-109.0,
648531,-58.0,
648536,-155.0,-87.0
648537,-44.0,
648543,-162.0,
648546,-155.0,2.0
648549,-30.0,
648553,-136.0,
648556,-149.0,12.0
648564,-35.0,
648570,-153.0,
648571,-106.0,
648576,-123.0,
648585,-149.0,
648589,-30.0,12.0
648590,-155.0,
648596,-56.0,4.0
648597,-86.0,
648605,-150.0,12.0
648606,-108.0,9.0
648611,-154.0,
648613,-148.0,
648625,-94.0,-45.0
648640,-32.0,-16.0
648649,-43.0,
648650,-72.0,-53.0
648652,-23.0,31.0
648654,-155.0,
648661,-99.0,
648667,-155.0,12.0
648676,-151.0,183.0
648685,-74.0,
648687,-20.0,
648693,-102.0,
648695,-84.0,
648698,-115.0,-87.0
648709,-162.0,51.0
648713,-162.0,
648725,-155.0,12.0
648728,-107.0,
648750,-85.0,
648751,-93.0,
648754,-157.0,12.0
648760,-162.0,
648766,-31.0,194.0
648778,-107.0,
648781,-153.0,
648787,-127.0,
648804,-147.0,
648807,-161.0,
648815,-114.0,
648818,-59.0,
648819,-154.0,-4.0
648820,-149.0,-87.0
648833,-112.0,12.0
648834,-113.0,29.0
648840,-98.0,12.0
648841,-161.0,
648843,-155.0,
648845,-31.0,
648852,-150.0,70.0
648854,-129.0,
648863,-20.0,12.0
648867,-135.0,
648868,-46.0,12.0
648872,-154.0,31.0
648880,-161.0,
648888,-112.0,-12.0
648898,-31.0,
648902,-38.0,
648903,-25.0,
648920,-100.0,
648927,-45.0,69.0
648928,-136.0,53.0
648930,-135.0,
648942,-30.0,
648947,-119.0,-1.0
648951,-161.0,
648959,-30.0,
648961,-88.0,-21.0
648966,-67.0,-43.0
648972,-70.0,
648983,-120.0,
648985,-140.0,
648995,-133.0,100.0
649000,-161.0,12.0
649001,-153.0,118.0
649004,-140.0,
649009,-150.0,
649014,-142.0,
649018,-48.0,
649020,-154.0,158.0
649025,-140.0,
649026,-120.0,110.0
649027,-60.0,
649028,-9.0,45.0
649036,-95.0,88.0
649041,-53.0,
649069,-95.0,
649078,-161.0,
649079,-153.0,237.0
649084,-150.0,
649090,-50.0,
649093,-60.0,
649095,-100.0,
649105,-148.0,
649110,-142.0,
649113,-23.0,97.0
649118,-155.0,
649119,-127.0,
649120,-71.0,
649129,-140.0,
649141,-137.0,198.0
649147,-70.0,12.0
649153,-91.0,53.0
649159,-53.0,
649161,-149.0,12.0
649165,-44.0,
649171,-95.0,
649189,-156.0,
649194,-106.0,
649200,-113.0,32.0
649206,-129.0,
649207,-153.0,
649209,-161.0,-67.0
649212,-108.0,
649214,-122.0,
649215,-127.0,-8.0
649221,-160.0,
649230,-106.0,-66.0
649231,-122.0,
649247,-151.0,-19.0
649248,-143.0,-10.0
649255,-92.0,
649258,-22.0,
649261,-70.0,140.0
649278,-127.0,12.0
649284,-16.0,
649291,-52.0,
649300,-95.0,54.0
649310,-107.0,
649321,-160.0,
649325,-144.0,93.0
649332,-92.0,12.0
649336,-144.0,140.0
649339,-128.0,
649343,-30.0,
649345,-161.0,
649351,-161.0,-25.0
649379,-45.0,
649383,-98.0,
649385,-120.0,116.0
649389,-95.0,-9.0
649394,-135.0,12.0
649400,-37.0,
649413,-150.0,-148.0
649434,-153.0,
649435,-63.0,
649444,-112.0,12.0
649457,-60.0,
649469,-135.0,
649506,-60.0,
649514,-122.0,
649518,-140.0,
649523,-154.0,-12.0
649542,-112.0,55.0
649543,-157.0,
649547,-114.0,86.0
649552,-56.0,
649555,-88.0,11.0
649566,-128.0,
649578,-100.0,
649580,-129.0,12.0
649592,-32.0,
649604,-150.0,
649607,-65.0,151.0
649614,-120.0,
649619,-153.0,
649621,-32.0,
649637,-109.0,
649638,-85.0,65.0
649654,-35.0,
649667,-133.0,
649686,-92.0,-19.0
649688,-30.0,
649689,-140.0,12.0
649692,-98.0,
649701,-129.0,12.0
649713,-114.0,
649718,-95.0,
649720,-95.0,31.0
649731,-140.0,-29.0
649735,-150.0,
649738,-115.0,
649742,-94.0,
649745,-58.0,
649749,-39.0,
649755,-88.0,-39.0
649761,-32.0,
649764,-23.0,2.0
649780,-94.0,16.0
649783,-31.0,67.0
649795,-153.0,
649806,-43.0,
649816,-67.0,
649819,-144.0,
649824,-157.0,
649840,-150.0,
649843,-150.0,
649849,-150.0,12.0
649856,-36.0,
649861,-129.0,139.0
649863,-23.0,12.0
649867,-121.0,
649868,-150.0,
649880,-148.0,
649886,-38.0,12.0
649891,-29.0,135.0
649905,-100.0,
649909,-57.0,
649926,-150.0,-94.0
649935,-150.0,
649943,-120.0,
649949,-95.0,
649952,-99.0,
649954,-81.0,123.0
649962,-119.0,
649963,-31.0,94.0
649979,-136.0,
649980,-93.0,167.0
650010,-130.0,
650023,-24.0,
650027,-137.0,
650031,-120.0,
650048,-136.0,
650050,-157.0,
650052,-71.0,-26.0
650054,-150.0,185.0
650070,-94.0,-15.0
650074,-148.0,8.0
650085,-50.0,12.0
650090,-147.0,12.0
650091,-144.0,
650099,-16.0,
650105,-106.0,
650108,-86.0,
650114,-140.0,
650121,-129.0,-103.0
650123,-64.0,51.0
650133,-30.0,52.0
650137,-150.0,-1.0
650145,-38.0,
650148,-150.0,12.0
650160,-45.0,
650161,-154.0,
650163,-72.0,-30.0
650164,-15.0,
650170,-135.0,
650180,-85.0,-39.0
650181,-157.0,-37.0
650192,-150.0,12.0
650223,-25.0,-9.0
650232,-65.0,
650243,-12.0,-1.0
650247,-136.0,
650251,-74.0,
650257,-57.0,-53.0
650263,-71.0,
650268,-37.0,
650269,-156.0,
650271,-143.0,
650279,-122.0,
650285,-127.0,-115.0
650287,-65.0,103.0
650316,-100.0,
650321,-129.0,12.0
650330,-149.0,
650334,-129.0,12.0
650341,-29.0,
650353,-149.0,-37.0
650354,-38.0,128.0
650357,-156.0,-18.0
650363,-135.0,
650370,-113.0,
650371,-150.0,
650376,-156.0,
650384,-149.0,-120.0
650388,-45.0,
650398,-133.0,12.0
650400,-120.0,-2.0
650414,-143.0,34.0
650420,-99.0,
650424,-74.0,-57.0
650433,-78.0,
650434,-156.0,
650442,-155.0,
650451,-93.0,101.0
650461,-122.0,
650464,-147.0,12.0
650469,-71.0,
650471,-24.0,
650473,-52.0,
650478,-155.0,
650503,-85.0,
650504,-147.0,
650511,-129.0,
650515,-71.0,210.0
650517,-52.0,
650531,-23.0,
650533,-129.0,
650543,-149.0,
650544,-120.0,12.0
650548,-98.0,
650565,-30.0,
650570,-149.0,
650575,-88.0,
650578,-144.0,12.0
650592,-53.0,
650606,-151.0,
650630,-108.0,
650637,-57.0,13.0
650642,-22.0,
650652,-72.0,
650656,-10.0,142.0
650662,-51.0,72.0
650666,-148.0,
650676,-155.0,12.0
650682,-38.0,143.0
650684,-150.0,
650698,-46.0,
650711,-11.0,
650716,-144.0,
650717,-58.0,12.0
650734,-136.0,
650746,-155.0,12.0
650751,-46.0,
650752,-135.0,
650758,-144.0,
650770,-135.0,
650787,-123.0,
650791,-30.0,-1.0
650797,-128.0,
650816,-115.0,
650829,-120.0,-19.0
650838,-135.0,-4.0
650849,-120.0,130.0
650850,-14.0,146.0
650856,-98.0,
650861,-94.0,
650863,-72.0,
650866,-35.0,
650901,-120.0,
650923,-147.0,
650926,-142.0,
650927,-35.0,-3.0
650946,-150.0,
650947,-94.0,
650950,-13.0,
650952,-148.0,12.0
650953,-143.0,
650957,-129.0,
650958,-148.0,
650960,-31.0,
650961,-130.0,63.0
650964,-155.0,12.0
650979,-151.0,
650987,-50.0,
650993,-66.0,
651004,-112.0,100.0
651008,-115.0,
651015,-22.0,
651027,-134.0,
651030,-154.0,2.0
651040,-147.0,
651048,-66.0,
651058,-43.0,
651061,-142.0,
651065,-79.0,
651086,-28.0,12.0
651087,-120.0,
651089,-154.0,149.0
651120,-122.0,
651121,-144.0,
651126,-53.0,
651148,-113.0,
651155,-120.0,
651156,-43.0,12.0
651159,-81.0,
651174,-84.0,-2.0
651176,-142.0,
651177,-59.0,
651182,-147.0,
651187,-129.0,27.0
651191,-45.0,10.0
651200,-67.0,
651209,-121.0,
651210,-50.0,165.0
651217,-137.0,12.0
651236,-147.0,
651238,-32.0,
651245,-107.0,
651253,-100.0,171.0
651255,-42.0,
651257,-39.0,
651259,-113.0,168.0
651267,-143.0,
651278,-121.0,
651281,-23.0,
651298,-144.0,-26.0
651319,-143.0,
651324,-153.0,
651325,-24.0,59.0
651330,-31.0,
651334,-10.0,
651337,-24.0,
651351,-113.0,-1.0
651354,-133.0,
651359,-36.0,
651361,-146.0,12.0
651371,-38.0,-8.0
651381,-102.0,
651384,-107.0,12.0
651394,-106.0,
651398,-10.0,12.0
651415,-150.0,
651419,-31.0,
651423,-87.0,
651429,-80.0,
651436,-115.0,
651473,-64.0,67.0
651478,-144.0,
651481,-151.0,5.0
651493,-140.0,
651495,-101.0,
651498,-56.0,
651507,-127.0,
651508,-24.0,
651520,-150.0,10.0
651533,-144.0,
651534,-106.0,
651544,-151.0,
651555,-72.0,
651561,-134.0,
651579,-151.0,
651586,-151.0,5.0
651598,-115.0,
651602,-143.0,2.0
651605,-53.0,
651608,-135.0,-38.0
651609,-150.0,12.0
651610,-151.0,12.0
651611,-140.0,-8.0
651616,-100.0,18.0
651619,-45.0,
651624,-81.0,
651627,-101.0,
651628,-9.0,
651635,-18.0,
651639,-35.0,10.0
651648,-81.0,
651651,-79.0,12.0
651655,-57.0,
651659,-17.0,
651660,-60.0,
651672,-52.0,
651678,-30.0,
651693,-93.0,
651697,-141.0,-1.0
651728,-91.0,202.0
651730,-72.0,124.0
651734,-143.0,31.0
651740,-44.0,
651748,-2.0,101.0
651759,-84.0,
651764,-106.0,
651766,-78.0,
651775,-21.0,
651778,-136.0,
651798,-43.0,12.0
651801,-25.0,12.0
651804,-116.0,
651814,-151.0,-26.0
651823,-86.0,
651828,-31.0,
651831,-31.0,-2.0
651839,-129.0,12.0
651850,-120.0,215.0
651863,-150.0,
651879,-85.0,12.0
651881,-109.0,
651883,-100.0,
651886,-57.0,135.0
651915,-113.0,16.0
651925,-56.0,
651927,-129.0,
651930,-142.0,
651933,-123.0,
651935,-107.0,
651939,-147.0,
651942,-136.0,
651943,-52.0,
651950,-141.0,
651954,-2.0,
651963,-136.0,9.0
651972,-9.0,
651974,-149.0,5.0
651979,-150.0,
651980,-44.0,
651990,-108.0,
651991,-45.0,
651995,-31.0,
652006,-150.0,-149.0
652008,-133.0,
652017,-108.0,-94.0
652023,-56.0,
652025,-143.0,-23.0
652044,-30.0,
652048,-64.0,
652054,-23.0,
652064,-136.0,
652087,-135.0,
652090,-22.0,
652103,-38.0,
652105,-63.0,
652112,-100.0,
652114,-136.0,
652130,-148.0,11.0
652149,-130.0,
652156,-122.0,
652158,-149.0,
652226,-119.0,
652233,-129.0,12.0
652267,-85.0,
652281,-53.0,
652285,-8.0,
652287,-44.0,128.0
652288,-149.0,
652292,-45.0,186.0
652293,-114.0,
652302,-60.0,
652311,-65.0,12.0
652315,-92.0,12.0
652318,-98.0,
652333,-137.0,
652335,-74.0,
652336,-49.0,59.0
652364,-92.0,25.0
652366,-149.0,-16.0
652390,-134.0,
652406,-136.0,-59.0
652414,-58.0,
652428,-137.0,
652435,-71.0,
652438,-25.0,
652442,-67.0,
652460,-18.0,
652462,-115.0,
652476,-24.0,
652501,-53.0,
652522,-143.0,
652531,-105.0,-100.0
652533,-122.0,-29.0
652539,-85.0,
652553,-121.0,
652556,-65.0,
652558,-147.0,12.0
652569,-8.0,12.0
652570,-13.0,-10.0
652571,-28.0,12.0
652572,-38.0,
652574,-66.0,
652576,-140.0,
652578,3.0,
652584,-31.0,-18.0
652585,-73.0,12.0
652586,-86.0,
652593,-59.0,66.0
652605,-101.0,
652606,-137.0,12.0
652617,-127.0,
652619,-144.0,
652625,-38.0,
652647,-136.0,
652659,-87.0,
652664,-137.0,
652667,-24.0,12.0
652672,-74.0,
652680,-144.0,
652684,-121.0,
652706,-44.0,24.0
652711,-37.0,
652731,-22.0,40.0
652732,-17.0,
652744,-144.0,-10.0
652752,-135.0,
652753,-102.0,
652754,-143.0,
652769,-23.0,
652788,-86.0,
652801,-34.0,89.0
652803,-144.0,12.0
652818,-129.0,
652824,-137.0,
652832,-137.0,56.0
652851,-115.0,
652861,-127.0,
652880,-129.0,
652881,-105.0,
652886,-71.0,
652887,-99.0,
652890,-72.0,
652894,-120.0,
652898,-129.0,
652902,-99.0,
652906,-130.0,-9.0
652933,-42.0,12.0
652945,-135.0,-123.0
652965,-142.0,
652968,-114.0,
652969,-142.0,
652971,-135.0,12.0
652994,-122.0,32.0
652998,-93.0,
653027,-129.0,
653031,-144.0,47.0
653034,-101.0,12.0
653045,-81.0,
653051,-60.0,
653052,-142.0,
653059,-115.0,
653060,-66.0,12.0
653062,-137.0,11.0
653068,-77.0,
653086,-84.0,
653090,-64.0,
653097,-144.0,12.0
653115,-129.0,
653127,-93.0,
653144,-77.0,177.0
653157,-46.0,
653168,-91.0,107.0
653171,-59.0,
653174,-137.0,11.0
653177,-28.0,124.0
653183,-102.0,79.0
653188,-116.0,
653193,-17.0,12.0
653206,-113.0,69.0
653210,-29.0,
653230,-81.0,-26.0
653239,-143.0,
653240,-50.0,
653244,-102.0,12.0
653248,-98.0,190.0
653249,2.0,118.0
653252,-78.0,
653255,-136.0,5.0
653262,-120.0,
653278,-133.0,
653292,-2.0,46.0
653295,-45.0,-10.0
653296,-91.0,-2.0
653297,-5.0,
653301,-38.0,
653319,-51.0,
653326,-78.0,
653336,-136.0,-12.0
653352,-73.0,18.0
653354,-143.0,
653356,-133.0,101.0
653360,-135.0,69.0
653372,-91.0,73.0
653374,-113.0,
653381,-115.0,
653384,-143.0,168.0
653385,-142.0,12.0
653412,-136.0,
653417,-136.0,
653435,-52.0,
653440,-129.0,
653452,-136.0,
653465,-116.0,
653495,-79.0,
653506,-135.0,67.0
653536,-136.0,
653541,-140.0,93.0
653550,-29.0,
653551,-142.0,-33.0
653558,-78.0,
653561,-9.0,52.0
653567,-99.0,
653569,-23.0,
653577,-38.0,
653587,-135.0,
653595,-108.0,
653597,-29.0,
653601,-58.0,
653608,-122.0,
653616,-135.0,-23.0
653633,-95.0,166.0
653653,-135.0,
653659,-66.0,
653661,-135.0,
653664,-49.0,
653665,-129.0,
653688,-135.0,
653700,-22.0,
653702,-130.0,
653711,-84.0,
653718,-135.0,
653723,-136.0,-11.0
653726,-114.0,12.0
653729,-102.0,
653730,-72.0,-1.0
653747,-133.0,-127.0
653752,-42.0,
653759,-72.0,221.0
653762,-109.0,
653768,-136.0,
653770,-30.0,12.0
653771,-136.0,-9.0
653773,-129.0,
653793,-63.0,
653797,-121.0,95.0
653801,-120.0,
653806,-46.0,
653821,-23.0,
653824,-84.0,
653826,-64.0,2.0
653840,-73.0,
653841,-109.0,
653846,-32.0,48.0
653848,-56.0,5.0
653854,-129.0,-12.0
653857,-32.0,
653867,-101.0,
653870,-129.0,
653887,-42.0,101.0
653914,-45.0,
653942,-142.0,12.0
653943,-72.0,
653944,-112.0,
653951,-30.0,
653952,-43.0,12.0
653958,-23.0,
653977,-129.0,12.0
653988,-67.0,
653998,-36.0,31.0
654000,-31.0,
654001,-127.0,10.0
654002,-25.0,
654005,-29.0,
654016,-36.0,
654031,-129.0,
654043,-45.0,
654045,-35.0,
654048,-77.0,12.0
654062,-58.0,
654064,-16.0,
654071,-142.0,53.0
654091,-142.0,12.0
654094,-71.0,104.0
654095,-133.0,
654110,-53.0,
654112,-122.0,89.0
654114,-128.0,
654125,-108.0,
654169,-74.0,
654188,-133.0,
654198,-129.0,
654202,-64.0,-5.0
654206,-57.0,
654213,-10.0,
654214,-136.0,12.0
654217,-120.0,
654228,-94.0,130.0
654236,-46.0,
654237,-17.0,
654240,-29.0,
654256,-136.0,-103.0
654258,-133.0,27.0
654259,-136.0,-4.0
654260,-23.0,
654265,-29.0,53.0
654282,-140.0,60.0
654289,-101.0,-1.0
654295,-53.0,157.0
654321,-67.0,
654322,-49.0,
654325,-88.0,37.0
654333,-85.0,-12.0
654338,-129.0,3.0
654339,-10.0,
654341,-127.0,
654351,-66.0,
654369,-120.0,
654392,-30.0,166.0
654397,-105.0,
654401,-14.0,
654404,-56.0,
654407,-129.0,-10.0
654414,-136.0,
654415,-119.0,
654422,-80.0,12.0
654432,-23.0,75.0
654441,-63.0,
654443,-32.0,
654464,-129.0,12.0
654485,-21.0,
654502,-120.0,168.0
654504,-32.0,
654524,-122.0,
654539,-24.0,
654545,-24.0,
654547,-32.0,
654563,-94.0,75.0
654565,-79.0,
654570,-129.0,-117.0
654578,-129.0,
654579,-94.0,-38.0
654585,-122.0,
654597,-43.0,
654619,-129.0,12.0
654620,-129.0,17.0
654639,-134.0,12.0
654646,-122.0,
654657,-107.0,
654668,-81.0,
654671,-128.0,27.0
654676,-79.0,
654677,-88.0,37.0
654678,-99.0,54.0
654681,-93.0,
654684,-93.0,172.0
654692,-58.0,
654698,-101.0,12.0
654732,-129.0,12.0
654738,-66.0,24.0
654755,-115.0,159.0
654796,-56.0,12.0
654801,-22.0,
654807,-91.0,
654816,-102.0,-8.0
654817,-78.0,
654819,-23.0,
654821,-60.0,
654822,-58.0,
654824,-59.0,
654828,-92.0,-81.0
654834,-129.0,
654852,-29.0,125.0
654856,-49.0,
654863,-130.0,12.0
654867,-109.0,
654876,-36.0,166.0
654880,-136.0,154.0
654882,-93.0,146.0
654888,-121.0,-14.0
654891,-45.0,
654913,-32.0,-32.0
654914,-85.0,
654915,-15.0,
654916,-72.0,
654923,-31.0,29.0
654925,-129.0,
654933,-25.0,73.0
654938,-60.0,53.0
654943,-120.0,-10.0
654945,-79.0,
654947,-52.0,
654958,-135.0,2.0
654960,-128.0,-18.0
654965,-87.0,
655028,-25.0,
655039,-64.0,
655051,-128.0,
655065,-51.0,
655084,-120.0,
655086,-53.0,
655088,-106.0,51.0
655108,-121.0,
655113,-127.0,12.0
655115,-23.0,
655124,-91.0,
655127,-85.0,
655128,-120.0,
655136,-92.0,
655152,-101.0,54.0
655155,-17.0,142.0
655201,-30.0,
655224,-99.0,12.0
655230,-67.0,190.0
655242,-37.0,
655254,-135.0,-5.0
655293,-31.0,46.0
655296,-94.0,
655314,-51.0,
655322,-72.0,136.0
655342,-135.0,
655353,-88.0,
655362,-86.0,
655376,-14.0,
655378,-123.0,
655383,-128.0,-119.0
655386,-106.0,
655390,-24.0,
655396,-60.0,
655402,-67.0,-5.0
655406,-23.0,-7.0
655408,-5.0,40.0
655412,-127.0,
655414,-71.0,5.0
655416,-127.0,104.0
655417,-122.0,-23.0
655445,-120.0,
655460,-16.0,
655468,-98.0,
655471,-38.0,
655484,-88.0,58.0
655492,-105.0,12.0
655498,-60.0,
655546,-29.0,
655547,-17.0,
655556,-8.0,
655558,-109.0,87.0
655569,-106.0,
655572,-58.0,
655585,-130.0,
655600,-80.0,
655605,-108.0,
655609,-30.0,
655613,-17.0,
655625,-99.0,
655627,-123.0,-61.0
655629,-15.0,12.0
655634,-123.0,-117.0
655662,-127.0,
655668,-71.0,
655680,-32.0,
655720,-10.0,44.0
655747,-122.0,-46.0
655761,-123.0,-64.0
655764,-121.0,
655794,-123.0,
655796,-123.0,
655806,-130.0,
655816,-35.0,
655828,-105.0,
655829,-29.0,-10.0
655834,-107.0,
655852,-65.0,66.0
655865,-25.0,
655869,-60.0,
655878,-98.0,-21.0
655890,-38.0,
655910,-119.0,62.0
655919,-92.0,
655924,-25.0,
655927,-9.0,
655930,-98.0,227.0
655953,-102.0,-67.0
655954,-88.0,
655972,-99.0,
655973,-30.0,
655981,-58.0,
655988,-85.0,95.0
655992,-57.0,-11.0
656009,-129.0,
656010,-81.0,
656014,-35.0,
656026,-18.0,12.0
656029,-28.0,30.0
656053,-52.0,
656057,-29.0,
656065,-78.0,
656067,-116.0,
656068,-120.0,-107.0
656073,-114.0,213.0
656079,-113.0,65.0
656086,-115.0,130.0
656089,-122.0,110.0
656092,-112.0,
656102,-106.0,12.0
656107,-43.0,
656111,-10.0,
656112,-128.0,-17.0
656115,-129.0,9.0
656122,-98.0,149.0
656129,-116.0,-16.0
656131,-49.0,
656134,-59.0,
656145,-115.0,94.0
656150,-15.0,-8.0
656158,-43.0,
656159,-52.0,
656164,-99.0,
656165,-23.0,
656175,-91.0,12.0
656181,-98.0,
656183,-100.0,
656187,-17.0,
656190,-108.0,
656193,-95.0,
656194,-86.0,
656196,-107.0,
656197,-78.0,
656200,-17.0,
656203,-71.0,
656204,-108.0,166.0
656206,-105.0,
656208,-108.0,
656217,-114.0,
656222,-128.0,
656227,-17.0,
656228,-119.0,12.0
656234,-30.0,
656253,-108.0,
656276,-120.0,
656277,-15.0,
656280,-35.0,178.0
656287,-16.0,
656323,-102.0,
656340,-101.0,
656347,-25.0,
656352,44.0,
656353,-98.0,
656360,-115.0,12.0
656373,-60.0,
656386,-31.0,
656393,-94.0,
656412,-73.0,12.0
656414,-74.0,
656436,-10.0,
656438,-60.0,
656441,-93.0,-2.0
656446,-52.0,
656453,-105.0,20.0
656454,-74.0,
656455,-108.0,
656459,-95.0,2.0
656472,-74.0,12.0
656475,-17.0,
656481,-17.0,
656494,5.0,
656496,-36.0,
656506,-43.0,
656510,-120.0,
656512,-121.0,-80.0
656519,-113.0,12.0
656522,-70.0,
656526,-73.0,
656529,-87.0,
656535,-112.0,-5.0
656539,-72.0,173.0
656540,-42.0,
656543,-60.0,
656549,-100.0,202.0
656553,-108.0,
656557,-127.0,
656565,-70.0,12.0
656566,-95.0,
656576,-15.0,-1.0
656578,-112.0,
656579,-58.0,
656599,-120.0,12.0
656607,-73.0,
656622,-51.0,
656634,-112.0,12.0
656637,-23.0,
656642,-44.0,
656651,-115.0,
656677,-28.0,37.0
656681,-24.0,
656682,-116.0,66.0
656683,-105.0,
656693,-120.0,12.0
656698,-98.0,
656711,-17.0,
656734,-108.0,
656755,-127.0,
656756,-88.0,
656766,-121.0,
656784,-93.0,
656791,-79.0,
656800,-113.0,12.0
656815,-46.0,
656825,-115.0,12.0
656826,-100.0,
656854,-92.0,
656873,-24.0,
656878,-78.0,-19.0
656882,-78.0,
656906,-73.0,
656915,-59.0,
656928,-115.0,12.0
656929,-32.0,
656934,-92.0,
656936,-10.0,
656954,-57.0,53.0
656970,-71.0,-65.0
656978,-115.0,-93.0
656987,-100.0,
656988,-64.0,
656990,-95.0,
656996,-49.0,
657002,-113.0,
657032,-43.0,
657045,-14.0,
657048,-93.0,157.0
657050,-109.0,
657062,-51.0,
657071,-121.0,
657077,-78.0,
657091,-102.0,12.0
657093,-10.0,163.0
657099,-28.0,
657118,-93.0,-2.0
657128,-9.0,
657145,-113.0,
657161,-94.0,-29.0
657181,-115.0,36.0
657184,-60.0,48.0
657194,-8.0,
657196,-35.0,
657209,-114.0,164.0
657210,-70.0,
657211,-79.0,12.0
657220,-30.0,
657226,-31.0,
657231,-79.0,
657245,-81.0,
657285,-77.0,
657290,-73.0,
657293,-122.0,
657319,-109.0,-2.0
657327,-59.0,153.0
657330,-60.0,
657344,-114.0,
657351,-35.0,67.0
657352,-22.0,
665414,-56.0,
669530,-39.0,226.0
674193,-120.0,111.0
674201,-113.0,55.0
674206,-31.0,164.0
674214,-92.0,
674219,-100.0,-95.0
674222,-22.0,
674226,-15.0,
674236,-23.0,
674253,-92.0,
674260,-105.0,
674261,-67.0,-22.0
674262,-46.0,
674276,-102.0,
674277,-72.0,111.0
674278,-44.0,
674280,-73.0,-9.0
674290,-37.0,
674296,-84.0,12.0
674319,-80.0,12.0
674320,-109.0,
674322,-88.0,
674323,-102.0,12.0
674340,-81.0,
674349,-77.0,
674359,-53.0,
674361,-93.0,-43.0
674387,-43.0,
674388,-42.0,
674393,-121.0,22.0
674406,-114.0,
674419,-31.0,5.0
674430,-101.0,170.0
674437,-63.0,
674440,-102.0,
674451,-85.0,
674457,-10.0,
674467,-42.0,80.0
674469,-93.0,20.0
674471,-60.0,227.0
674478,-114.0,
674481,-79.0,
674484,-77.0,
674495,-101.0,
674497,-25.0,
674501,-48.0,-36.0
674502,-120.0,-9.0
674509,-95.0,
674541,-78.0,
674548,-17.0,160.0
674563,6.0,
674568,-17.0,
674576,-30.0,
674584,-108.0,
674594,-114.0,
674605,-80.0,
674616,-112.0,
674617,-58.0,12.0
674640,-15.0,
674643,-16.0,-8.0
674644,-109.0,
674651,-112.0,186.0
674657,-56.0,
674660,-1.0,
674671,-98.0,
674691,-91.0,
674694,-113.0,
674699,-57.0,
674710,2.0,
674720,-50.0,
674746,-17.0,27.0
674747,-14.0,
674748,-116.0,73.0
674750,-25.0,-4.0
674751,-99.0,
674758,-99.0,100.0
674764,-46.0,12.0
674766,-49.0,
674777,-101.0,
674784,-28.0,
674808,-87.0,
674814,-95.0,-2.0
674831,-112.0,
674853,-18.0,
674870,-107.0,
674879,-77.0,
674882,-36.0,
674888,-81.0,12.0
674889,-78.0,
674890,-45.0,
674911,-109.0,-102.0
674921,-21.0,
674922,-107.0,
674927,-59.0,
674935,-112.0,
674939,-21.0,
674941,-50.0,
674960,-115.0,
674965,-46.0,
674970,-107.0,-66.0
674983,-84.0,80.0
674989,-35.0,
674997,-93.0,
675002,-109.0,-5.0
675021,-85.0,
675042,-29.0,
675046,-109.0,-58.0
675047,-114.0,12.0
675050,-71.0,159.0
675052,-65.0,-16.0
675054,-44.0,
675059,-116.0,
675062,-106.0,
675063,-57.0,
675085,-51.0,
675094,-116.0,140.0
675096,-116.0,201.0
675104,-100.0,-4.0
675111,-37.0,
675116,-79.0,12.0
675127,-71.0,2.0
675144,-50.0,
675159,-71.0,
675161,-42.0,-30.0
675162,-78.0,
675165,-20.0,12.0
675178,-116.0,-93.0
675193,-60.0,
675223,-29.0,
675225,-23.0,
675231,-39.0,
675233,-107.0,
675242,-65.0,
675246,-115.0,-33.0
675247,-63.0,
675253,-116.0,5.0
675256,-28.0,
675261,-52.0,
675264,-37.0,
675273,-7.0,
675279,-36.0,
675315,-45.0,
675328,-100.0,
675337,-109.0,-4.0
675365,-63.0,
675374,-20.0,
675383,-108.0,
675391,-74.0,12.0
675396,-9.0,
675441,-23.0,
675442,-100.0,48.0
675450,-28.0,-3.0
675471,-58.0,12.0
675474,-107.0,
675477,-29.0,
675486,-64.0,65.0
675493,-38.0,
675495,-44.0,155.0
675504,-30.0,
675514,-88.0,
675516,-95.0,
675526,-99.0,
675537,-51.0,
675539,-50.0,
675566,-108.0,
675576,-74.0,
675577,-44.0,
675578,-32.0,
675613,-107.0,
675627,-70.0,-16.0
675629,-65.0,
675636,-106.0,
675638,-107.0,
675656,-70.0,12.0
675663,-108.0,
675669,-79.0,-38.0
675671,-15.0,
675673,-71.0,12.0
675699,-77.0,
675710,-53.0,
675728,-114.0,
675750,-63.0,123.0
675758,-107.0,-45.0
675760,-77.0,
675773,-107.0,
675807,-60.0,
675811,-63.0,
675818,-88.0,12.0
675823,-16.0,187.0
675824,-35.0,12.0
675829,-77.0,-36.0
675840,-105.0,
675843,-29.0,84.0
675848,-70.0,
675853,-10.0,73.0
675875,-66.0,
675879,-4.0,45.0
675880,-9.0,
675885,-9.0,-5.0
675888,-2.0,
675891,-43.0,
675902,-24.0,
675915,-23.0,
675919,-39.0,
675922,-94.0,12.0
675924,-63.0,
675929,-109.0,
675945,-71.0,
675947,-106.0,37.0
675949,-51.0,
675972,-102.0,10.0
675989,-102.0,
675993,-106.0,
675996,-4.0,67.0
676007,-106.0,
676010,-84.0,
676011,-113.0,
676025,-98.0,
676034,-52.0,
676040,-106.0,62.0
676064,-63.0,
676071,-13.0,
676084,-32.0,
676087,-108.0,
676093,-112.0,-22.0
676103,-22.0,
676128,-67.0,12.0
676138,-15.0,9.0
676139,-67.0,
676150,-102.0,
676151,-51.0,
676155,-81.0,163.0
676169,-93.0,
676176,-112.0,
676181,-105.0,-66.0
676190,-52.0,
676194,-74.0,12.0
676204,-53.0,
676258,-77.0,12.0
676265,-78.0,
676272,-53.0,
676303,-105.0,
676320,-92.0,-5.0
676322,-29.0,
676324,-98.0,12.0
676333,-23.0,
676350,-84.0,
676366,-88.0,-53.0
676368,-49.0,17.0
676373,-86.0,
676376,-63.0,-33.0
676378,-22.0,
676387,-58.0,
676390,-35.0,
676401,-29.0,
676420,-109.0,27.0
676428,-74.0,
676444,-102.0,
676458,-102.0,
676459,-86.0,
676469,-28.0,
676478,-45.0,
676482,-25.0,
676492,-52.0,
676498,-36.0,194.0
676503,-64.0,
676516,-93.0,
676526,-93.0,
676538,-95.0,
676546,-38.0,180.0
676553,-31.0,
676589,-71.0,
676596,-35.0,
676600,-102.0,25.0
676604,-108.0,
676610,-13.0,
676611,-102.0,
676626,-45.0,
676627,-23.0,87.0
676633,-101.0,
676642,-24.0,12.0
676650,-57.0,
676676,-36.0,
676690,-37.0,41.0
676705,-71.0,
676722,-9.0,
676724,-102.0,
676736,-98.0,-68.0
676739,-64.0,
676742,-63.0,-44.0
676750,-86.0,
676760,-22.0,12.0
676766,-25.0,226.0
676783,-32.0,130.0
676785,-88.0,-31.0
676787,-85.0,
676805,-102.0,
676807,-95.0,
676809,-35.0,
676812,-102.0,
676834,-101.0,
676852,-102.0,
676865,-16.0,
676866,-101.0,
676882,-95.0,
676884,-58.0,12.0
676898,-22.0,
676903,-95.0,
676909,-37.0,
676916,-38.0,
676930,-99.0,-82.0
676948,-17.0,
676962,-70.0,
676963,-84.0,
676964,-92.0,
676969,-30.0,
676973,-85.0,12.0
677004,-31.0,
677006,-66.0,
677012,-106.0,-52.0
677018,-88.0,
677022,-9.0,45.0
677025,-81.0,
677027,-94.0,12.0
677039,-86.0,-22.0
677040,-95.0,
677049,-100.0,
677066,-16.0,
677081,-51.0,12.0
677085,-73.0,
677089,-53.0,
677111,-79.0,
677138,-100.0,
677150,-29.0,
677154,-105.0,
677155,-64.0,
677167,-95.0,
677184,-50.0,156.0
677186,-66.0,
677189,-92.0,
677190,-98.0,-94.0
677197,-100.0,
677201,-94.0,
677203,-93.0,
677206,-65.0,
677216,-9.0,
677221,-74.0,
677230,-65.0,-12.0
677232,-43.0,
677235,-37.0,
677250,-65.0,
677270,-67.0,144.0
677278,-9.0,
677281,-17.0,
677316,-66.0,
677323,-91.0,-32.0
677327,-99.0,59.0
677338,-106.0,12.0
677349,-74.0,
677356,-28.0,
677369,-98.0,-10.0
677374,-84.0,97.0
677382,-99.0,-58.0
677400,-15.0,
677411,-106.0,-12.0
677416,-25.0,12.0
677433,-87.0,
677436,-67.0,
677444,-72.0,66.0
677449,-88.0,-44.0
677456,-91.0,
677457,-25.0,
677459,-74.0,
677462,-81.0,
677463,-71.0,
677486,-50.0,233.0
677491,-46.0,
677498,-71.0,
677507,-16.0,73.0
677546,-93.0,
677551,-10.0,132.0
677566,-64.0,-17.0
677579,-17.0,
677582,-67.0,219.0
677601,-59.0,
677606,-28.0,
677608,-95.0,54.0
677629,-58.0,
677630,-98.0,
677631,-95.0,110.0
677632,-102.0,70.0
677641,-38.0,
677643,-22.0,38.0
677655,-66.0,
677687,-10.0,
677701,-86.0,44.0
677706,-94.0,-65.0
677711,-28.0,
677721,-31.0,-8.0
677741,-9.0,
677744,-23.0,12.0
677748,-84.0,
677767,-37.0,
677772,-84.0,79.0
677776,-15.0,12.0
677782,-91.0,12.0
677828,-73.0,12.0
677832,-102.0,
677833,-95.0,
677846,-22.0,
677864,-51.0,-15.0
677867,-64.0,170.0
677869,-95.0,
677873,-28.0,
677877,-86.0,99.0
677879,-80.0,
677887,-15.0,17.0
677892,-93.0,
677897,-42.0,
677900,-94.0,
677922,-29.0,
677928,-44.0,
677947,-37.0,
677950,-79.0,-43.0
677963,-18.0,-15.0
677988,-36.0,74.0
677997,-43.0,
678004,-85.0,
678005,-95.0,33.0
678009,-52.0,
678015,-81.0,
678016,-91.0,12.0
678025,-101.0,
678026,-71.0,
678038,-91.0,
678041,-32.0,
678044,-23.0,28.0
678057,-70.0,227.0
678058,-29.0,
678065,-92.0,
678080,-15.0,
678085,-101.0,
678088,-94.0,-36.0
678089,-71.0,
678090,-94.0,12.0
678102,-94.0,
678105,-98.0,
678107,-22.0,12.0
678109,-101.0,-10.0
678110,-101.0,
678114,-101.0,12.0
678127,-92.0,-68.0
678144,-59.0,
678194,-38.0,
678203,-94.0,
678204,-53.0,
678212,-30.0,147.0
678213,-48.0,150.0
678219,-95.0,125.0
678231,-74.0,149.0
678233,-100.0,
678235,-56.0,
678240,-51.0,
678241,-46.0,171.0
678244,-57.0,
678246,-51.0,
678255,-43.0,
678261,-35.0,
678262,-100.0,5.0
678267,-65.0,
678270,-92.0,
678278,-95.0,172.0
678283,-74.0,
678287,-72.0,-37.0
678310,-72.0,12.0
678313,-70.0,
678314,-84.0,
678327,-35.0,12.0
678328,-99.0,-96.0
678335,-37.0,
678339,-87.0,
678341,-63.0,
678346,-73.0,163.0
678367,-67.0,152.0
678373,-24.0,
678381,-87.0,
678382,-91.0,
678393,-9.0,
678395,-86.0,
678397,-15.0,10.0
678398,-73.0,-11.0
678407,-53.0,119.0
678408,-78.0,
678419,-73.0,
678432,-24.0,
678444,-11.0,
678452,-93.0,
678474,-30.0,
678490,-95.0,
678508,-34.0,
678528,-28.0,
678538,-14.0,-5.0
678550,-57.0,12.0
678575,-29.0,184.0
678578,-66.0,124.0
678585,-99.0,12.0
678605,-98.0,
678612,-17.0,
678613,-37.0,151.0
678618,-85.0,
678619,-23.0,118.0
678623,-29.0,
678628,-77.0,
678639,-92.0,86.0
678659,-79.0,
678661,-99.0,
678680,-51.0,
678688,-81.0,
678701,-92.0,
678702,-99.0,-1.0
678714,-5.0,47.0
678715,-22.0,
678737,-73.0,12.0
678762,-14.0,
678769,-91.0,12.0
678770,-30.0,
678774,-5.0,
678777,-98.0,192.0
678790,-46.0,
678795,-74.0,12.0
678801,-67.0,171.0
678811,-46.0,12.0
678815,-94.0,
678819,-25.0,
678831,-10.0,100.0
678843,-43.0,128.0
678844,-29.0,
678852,-7.0,143.0
678859,-63.0,
678860,-17.0,171.0
678877,-59.0,99.0
678906,-77.0,
678929,-85.0,
678941,-31.0,
678946,-25.0,
678953,-63.0,95.0
678954,-52.0,
678955,-86.0,
678970,-91.0,
678975,-95.0,5.0
678995,-98.0,
679000,-95.0,18.0
679019,-23.0,
679036,-60.0,
679037,-57.0,-32.0
679039,-73.0,
679057,-80.0,-66.0
679059,-95.0,
679111,-16.0,
679114,-44.0,-2.0
679119,-17.0,26.0
679127,-41.0,
679128,-29.0,
679174,-53.0,
679179,-52.0,
679189,-38.0,
679207,-60.0,-4.0
679218,-78.0,
679227,-32.0,
679232,-66.0,
679234,-91.0,-36.0
679237,-17.0,
679251,-67.0,
679255,-88.0,122.0
679258,-9.0,
679262,-37.0,
679269,-87.0,44.0
679271,-43.0,115.0
679275,-53.0,92.0
679278,-70.0,
679325,-25.0,-1.0
679327,-44.0,
679332,-10.0,
679337,-45.0,24.0
679342,-71.0,
679363,-57.0,
679373,-2.0,114.0
679384,-32.0,
679386,-23.0,
679388,-67.0,2.0
679395,-64.0,
679402,-87.0,
679405,-79.0,-66.0
679409,-84.0,
679427,-94.0,5.0
679431,-66.0,
679439,-84.0,
679445,-71.0,
679448,-79.0,
679451,-71.0,
679454,-72.0,
679457,-63.0,
679468,-7.0,6.0
679498,-79.0,
679502,-22.0,44.0
679504,-92.0,12.0
679509,-16.0,
679525,-32.0,
679528,-94.0,-86.0
679529,-43.0,128.0
679539,-87.0,
679541,-60.0,
679558,-44.0,12.0
679559,-93.0,
679568,-94.0,-87.0
679569,-81.0,
679582,-30.0,
679594,-81.0,
679599,-73.0,12.0
679631,-71.0,
679663,-86.0,
679675,-73.0,-4.0
679676,-21.0,166.0
679688,-46.0,45.0
679716,-86.0,
679724,-84.0,149.0
679726,-71.0,12.0
679733,-57.0,
679747,-85.0,12.0
679749,-51.0,58.0
679750,-56.0,
679760,-66.0,56.0
679769,-79.0,
679777,-37.0,
679788,-59.0,
679790,-46.0,
679798,-32.0,
679801,-52.0,
679828,-45.0,
679840,-57.0,
679854,-86.0,
679883,-29.0,-1.0
679886,-71.0,
679897,-86.0,
679918,-92.0,
679919,-84.0,-46.0
679921,-64.0,
679938,-18.0,60.0
679939,-37.0,
679949,-58.0,
679959,-22.0,
679967,-25.0,
679971,-52.0,
679989,-73.0,59.0
680002,-60.0,
680009,-36.0,
680014,-84.0,
680017,-71.0,
680018,-67.0,170.0
680025,-36.0,
680027,-23.0,
680063,-57.0,
680072,-22.0,-16.0
680074,-81.0,12.0
680080,-85.0,
680087,-29.0,
680110,-91.0,12.0
680133,-57.0,
680145,-79.0,157.0
680146,-38.0,
680162,-31.0,
680174,-21.0,
680176,-17.0,
680187,-24.0,
680212,-25.0,
680219,-72.0,
680222,-28.0,12.0
680231,-59.0,12.0
680255,-73.0,
680261,-53.0,
680266,-72.0,
680267,-10.0,
680270,5.0,
680273,-81.0,12.0
680290,-22.0,
680293,-60.0,
680312,-34.0,6.0
680314,-23.0,40.0
680322,-43.0,
680331,-79.0,
680333,,-65.0
680340,-5.0,
680343,-21.0,
680345,-2.0,
680348,-73.0,
680349,-71.0,
680354,2.0,
680373,-85.0,160.0
680374,-84.0,-22.0
680410,-23.0,59.0
680414,-32.0,
680427,-28.0,
680431,-31.0,
680442,-23.0,103.0
680443,-38.0,
680453,-66.0,
680464,-43.0,
680471,-64.0,
680483,-81.0,
680484,-4.0,
680492,-79.0,
680506,-25.0,
680517,-49.0,52.0
680522,-88.0,12.0
680530,-31.0,
680541,-51.0,
680545,-28.0,
680559,-72.0,
680560,-86.0,12.0
680563,-49.0,12.0
680569,-38.0,
680572,-81.0,
680591,-78.0,145.0
680602,-66.0,
680612,-88.0,6.0
680614,-81.0,115.0
680626,-88.0,
680644,-59.0,
680678,-56.0,24.0
680687,-81.0,
680698,-81.0,12.0
680708,-43.0,
680713,-78.0,
680714,-18.0,12.0
680715,-81.0,-68.0
680723,-88.0,
680728,-31.0,
680732,-88.0,-43.0
680733,-29.0,159.0
680747,-67.0,
680764,-51.0,145.0
680765,-24.0,
680766,-79.0,12.0
680775,-15.0,
680787,-44.0,
680798,-50.0,
680804,-23.0,
680807,-86.0,
680810,-14.0,
680812,-16.0,
680816,-84.0,12.0
680817,-3.0,
680829,-46.0,12.0
680846,-71.0,12.0
680850,-77.0,
680855,-41.0,
680862,-58.0,
680872,-23.0,
680878,-24.0,12.0
680890,-74.0,101.0
680894,-22.0,
680912,-79.0,
680918,-59.0,
680926,-51.0,
680938,-28.0,10.0
680955,-79.0,
680959,-86.0,12.0
680966,3.0,
680970,-29.0,
680973,-23.0,
680974,-37.0,
680981,-22.0,164.0
680988,-73.0,156.0
680991,-45.0,12.0
680992,-34.0,146.0
680996,-86.0,
681001,-79.0,
681004,-79.0,
681016,-45.0,-36.0
681052,-74.0,-61.0
681059,-41.0,
681063,-79.0,-26.0
681065,-22.0,
681073,-79.0,12.0
681089,-86.0,-22.0
681095,-79.0,34.0
681107,-2.0,
681120,-73.0,12.0
681125,-22.0,116.0
681150,-81.0,
681152,-67.0,102.0
681154,-23.0,
681165,-79.0,
681166,-23.0,12.0
681168,-38.0,142.0
681174,-25.0,
681182,-80.0,5.0
681195,-67.0,128.0
681200,-44.0,
681210,-70.0,-2.0
681211,-60.0,
681222,-23.0,
681235,-79.0,
681241,-86.0,
681268,2.0,
681277,-79.0,52.0
681289,-63.0,
681298,-23.0,
681302,-20.0,
681327,-79.0,
681328,-71.0,
681335,-70.0,12.0
681341,-79.0,
681352,-24.0,
681354,-44.0,
681356,-57.0,
681369,-65.0,
681379,-79.0,
681383,-17.0,
681384,-86.0,
681393,-78.0,-10.0
681397,-29.0,12.0
681416,-65.0,
681421,-21.0,
681425,-84.0,
681440,-29.0,
681447,-23.0,
681452,-46.0,
681490,-59.0,
681495,-85.0,
681528,-39.0,
681532,-10.0,
681566,-85.0,
681581,-78.0,
681608,-36.0,
681633,-24.0,
681638,-73.0,-8.0
681642,-64.0,
681652,-67.0,
681655,-58.0,
681658,-38.0,
681691,-50.0,12.0
681695,-31.0,24.0
681696,-4.0,
681704,-58.0,-22.0
681705,-81.0,
681710,-31.0,
681716,-67.0,
681729,-71.0,
681731,-57.0,
681735,-43.0,109.0
681746,-23.0,
681751,-44.0,
681752,-60.0,
681755,-32.0,
681759,-24.0,153.0
681763,-77.0,
681789,-49.0,-3.0
681791,-73.0,79.0
681798,-49.0,
681799,-59.0,
681844,-67.0,10.0
681852,-23.0,34.0
681854,-79.0,108.0
681861,-23.0,132.0
681872,-30.0,
681876,-22.0,
681923,-29.0,
681938,-23.0,
681960,-81.0,
681961,-49.0,54.0
681964,-63.0,12.0
681966,-25.0,58.0
681971,-81.0,-81.0
681973,-24.0,
681984,-71.0,
682001,-31.0,
682015,-57.0,40.0
682018,-59.0,
682019,-74.0,240.0
682022,-77.0,
682025,-74.0,12.0
682031,-79.0,158.0
682041,-74.0,12.0
682050,-28.0,
682051,-65.0,
682056,-32.0,
682058,-65.0,
682070,-32.0,
682098,-14.0,5.0
682100,-73.0,
682107,-80.0,
682117,-74.0,
682123,-30.0,
682142,-70.0,-15.0
682163,-52.0,-24.0
682212,-56.0,-31.0
682217,-44.0,131.0
682223,-37.0,
682226,-46.0,116.0
682239,-60.0,
682242,-81.0,
682259,-28.0,
682276,-46.0,144.0
682289,-22.0,12.0
682294,-67.0,
682298,-24.0,
682299,-56.0,
682301,-7.0,
682302,-42.0,12.0
682306,-50.0,
682307,-17.0,
682309,-74.0,153.0
682316,-78.0,
682319,-37.0,12.0
682321,-7.0,
682343,-28.0,
682355,-64.0,
682358,-38.0,117.0
682359,-73.0,-5.0
682364,-15.0,213.0
682366,-32.0,9.0
682367,-28.0,
682375,-63.0,
682385,-74.0,
682390,-66.0,
682391,-71.0,
682409,-64.0,
682413,-16.0,
682414,-72.0,34.0
682436,-28.0,
682437,-38.0,
682440,-58.0,
682480,-49.0,
682481,-5.0,128.0
682482,-67.0,12.0
682483,-52.0,
682504,-66.0,17.0
682505,-72.0,-5.0
682511,-67.0,
682524,-71.0,-3.0
682538,-24.0,
682539,-38.0,
682541,-39.0,
682543,-16.0,
682546,-18.0,12.0
682554,-57.0,47.0
682565,-20.0,-2.0
682569,-37.0,
682575,-28.0,12.0
682578,-18.0,
682588,-72.0,
682596,-43.0,-12.0
682613,-37.0,
682617,-73.0,-5.0
682625,-9.0,
682627,-77.0,
682632,-51.0,
682660,-78.0,
682671,-37.0,51.0
682673,-66.0,
682684,-79.0,
682692,-30.0,
682695,-72.0,
682717,-38.0,
682719,-71.0,12.0
682728,-79.0,12.0
682731,-79.0,32.0
682738,-58.0,
682740,-79.0,
682753,-38.0,
682758,-24.0,
682787,-70.0,62.0
682813,-74.0,96.0
682819,-67.0,
682839,-38.0,
682863,-71.0,114.0
682887,-32.0,
682891,-64.0,29.0
682894,-31.0,229.0
682897,-77.0,
682913,-57.0,152.0
682946,-32.0,87.0
682961,-23.0,
682963,-41.0,
682968,-45.0,
682981,-72.0,
682982,-70.0,51.0
682983,-53.0,
682985,-42.0,
682990,-30.0,
683002,-66.0,
683005,-71.0,
683033,-58.0,
683054,-17.0,12.0
683073,-70.0,-61.0
683079,-67.0,
683091,-67.0,
683094,-21.0,
683120,-78.0,
683140,-74.0,
683144,-71.0,12.0
683145,-59.0,
683164,-39.0,
683170,-71.0,
683172,-58.0,-31.0
683177,-36.0,110.0
683178,-36.0,
683188,-31.0,
683202,-50.0,
683203,-53.0,3.0
683220,-66.0,18.0
683243,-64.0,
683246,-45.0,
683256,-32.0,
683270,-43.0,
683273,-38.0,
683275,-77.0,
683299,-17.0,68.0
683301,-74.0,10.0
683305,-14.0,
683315,-71.0,-10.0
683323,-59.0,
683336,-35.0,
683338,-35.0,12.0
683340,-64.0,-17.0
683346,-60.0,
683347,-28.0,17.0
683352,-35.0,
683353,-32.0,
683360,-50.0,12.0
683373,-8.0,
683375,-60.0,
683396,-25.0,
683403,-70.0,
683406,-17.0,153.0
683420,-20.0,
683423,-24.0,
683427,-21.0,12.0
683446,-63.0,
683449,-67.0,12.0
683465,-73.0,-17.0
683467,-65.0,
683486,-22.0,101.0
683487,-74.0,58.0
683492,-67.0,
683503,-46.0,155.0
683508,-67.0,
683530,-38.0,
683536,-74.0,
683547,-67.0,-15.0
683548,-73.0,
683550,-67.0,
683555,-66.0,94.0
683576,-36.0,142.0
683592,-30.0,
683604,-23.0,
683618,-35.0,
683624,-24.0,
683625,-66.0,
683628,-53.0,12.0
683630,-43.0,
683633,-9.0,
683640,-65.0,75.0
683642,-66.0,12.0
683648,-51.0,
683653,-60.0,
683664,-64.0,
683668,-38.0,
683696,2.0,79.0
683699,-36.0,67.0
683705,-32.0,
683713,-44.0,
683718,-60.0,
683728,-21.0,
683742,-73.0,
683745,-64.0,
683764,-45.0,
683768,-36.0,12.0
683772,-66.0,12.0
683777,-36.0,
683779,-58.0,
683783,-57.0,
683792,-73.0,18.0
683802,-67.0,-57.0
683817,-73.0,
683820,-36.0,
683832,-37.0,100.0
683838,-31.0,
683841,-10.0,
683865,-15.0,
683902,-66.0,
683912,-65.0,-19.0
683934,-45.0,
683935,-57.0,
683947,-39.0,54.0
683974,-28.0,
683987,-50.0,
683993,-71.0,12.0
684013,-37.0,
684014,-66.0,-63.0
684040,-66.0,59.0
684050,-65.0,
684055,-56.0,
684064,-45.0,
684072,-73.0,
684075,-37.0,
684095,-41.0,
684098,-30.0,
684111,5.0,
684116,-14.0,
684141,-25.0,
684146,-10.0,
684169,-29.0,
684180,-21.0,
684183,-21.0,
684184,-70.0,
684208,-22.0,
684215,-70.0,12.0
684217,-58.0,
684225,-51.0,
684233,-50.0,
684241,-50.0,
684250,-72.0,
684270,-53.0,
684273,-56.0,
684305,-35.0,
684311,-34.0,
684313,-65.0,12.0
684319,-17.0,
684329,-37.0,
684341,-29.0,
684357,-30.0,
684375,-63.0,
684383,-23.0,
684386,-64.0,
684393,-31.0,
684407,-64.0,
684420,-71.0,
684427,-16.0,
684441,-22.0,
684444,-43.0,
684456,-10.0,
684459,-16.0,150.0
684467,-42.0,
684473,-23.0,184.0
684480,-71.0,
684498,-60.0,
684502,-65.0,9.0
684504,-64.0,
684511,-60.0,-3.0
684514,-51.0,
684525,-70.0,-43.0
684526,-64.0,192.0
684532,-53.0,
684567,-10.0,
684572,-22.0,60.0
684579,-32.0,58.0
684592,-60.0,
684594,-58.0,151.0
684607,-64.0,-2.0
684610,-15.0,
684615,-44.0,
684617,-60.0,
684632,-70.0,
684641,-71.0,-23.0
684643,-60.0,
684663,-53.0,
684669,-38.0,
684671,-59.0,
684675,-63.0,
684676,-52.0,
684681,-45.0,
684687,-70.0,
684704,-60.0,
684709,-46.0,
684712,-49.0,-12.0
684726,-63.0,6.0
684733,5.0,97.0
684736,-35.0,12.0
684744,-70.0,111.0
684802,-10.0,
684811,-44.0,
684825,-25.0,
684833,-30.0,
684854,-28.0,
684868,-64.0,38.0
684882,-53.0,
684886,-67.0,-9.0
684887,-67.0,-9.0
684890,-45.0,-1.0
684903,-14.0,
684905,-57.0,
684907,-20.0,
684931,-52.0,
684936,-67.0,
684944,-60.0,-5.0
684967,-58.0,
684971,-23.0,
684981,-60.0,216.0
684982,-67.0,-66.0
684983,-60.0,-23.0
684987,-32.0,174.0
684990,-25.0,
684995,-1.0,
685000,-67.0,188.0
685004,-60.0,
685009,-64.0,
685015,-23.0,6.0
685028,-9.0,
685033,-67.0,12.0
685042,-17.0,12.0
685052,-58.0,
685060,-60.0,
685069,-65.0,
685079,-58.0,
685085,-39.0,
685096,-15.0,10.0
685098,-53.0,
685100,-14.0,12.0
685105,-60.0,
685123,-67.0,9.0
685128,-28.0,
685140,2.0,
685152,-32.0,
685155,-17.0,
685176,-57.0,
685191,-24.0,
685192,-59.0,12.0
685199,-59.0,
685201,-45.0,
685206,-59.0,
685212,-49.0,
685224,-35.0,
685228,-17.0,
685236,-23.0,221.0
685257,-25.0,
685267,-56.0,
685272,-21.0,
685276,-22.0,
685282,-22.0,
685283,-46.0,
685284,-10.0,
685285,-23.0,
685287,-14.0,
685289,-38.0,
685292,-28.0,
685294,-51.0,
685318,-32.0,
685330,-23.0,165.0
685333,-59.0,-23.0
685338,-23.0,
685339,-59.0,
685367,-25.0,
685370,-17.0,
685373,-59.0,
685378,-59.0,
685391,-45.0,
685399,-32.0,
685403,-65.0,12.0
685410,-57.0,
685412,-23.0,
685436,-35.0,
685439,-45.0,-15.0
685447,-17.0,
685453,-24.0,
685458,-59.0,
685474,-25.0,158.0
685487,-22.0,
685499,-58.0,
685506,-66.0,-21.0
685512,-51.0,12.0
685514,-8.0,
685517,-35.0,
685535,-28.0,
685545,-9.0,
685546,-64.0,12.0
685557,-36.0,
685565,-59.0,-19.0
685572,-23.0,
685575,-23.0,
685592,-14.0,
685597,-25.0,
685599,-65.0,-52.0
685602,-45.0,65.0
685611,-14.0,
685615,-30.0,
685619,-32.0,233.0
685623,-44.0,
685627,-57.0,
685639,-66.0,12.0
685653,-63.0,
685657,-46.0,81.0
685661,-65.0,-53.0
685663,-58.0,12.0
685668,-28.0,
685676,-25.0,
685683,-28.0,-11.0
685697,-11.0,
685702,-29.0,
685705,-57.0,116.0
685708,-32.0,
685740,-65.0,-8.0
685750,-43.0,-2.0
685772,-46.0,
685776,-48.0,
685779,-23.0,
685802,-38.0,12.0
685804,-22.0,
685807,-46.0,-15.0
685812,-52.0,
685829,-65.0,
685830,-65.0,
685831,-29.0,
685841,-65.0,
685842,-65.0,
685843,-38.0,
685849,-10.0,
685860,-57.0,70.0
685861,-64.0,12.0
685871,-58.0,
685877,-58.0,-58.0
685900,-45.0,
685910,-45.0,
685913,-51.0,-8.0
685920,-30.0,-17.0
685923,-2.0,60.0
685928,-15.0,
685950,-16.0,
685952,-53.0,
685964,-36.0,
685988,-17.0,100.0
685991,-25.0,-4.0
685998,-57.0,52.0
686001,-53.0,
686003,-29.0,10.0
686018,-38.0,
686028,-10.0,
686034,-23.0,30.0
686038,-64.0,
686051,-25.0,
686058,-10.0,
686065,-42.0,
686071,-31.0,-5.0
686074,-39.0,
686078,-44.0,147.0
686093,-30.0,12.0
686100,-57.0,12.0
686110,-30.0,
686112,-23.0,
686128,-36.0,
686164,-37.0,
686182,-36.0,
686191,-44.0,110.0
686194,-25.0,
686200,-36.0,
686201,-36.0,6.0
686207,-10.0,
686266,-36.0,-4.0
686267,-52.0,
686268,-51.0,
686286,-60.0,
686287,-46.0,
686309,-37.0,
686312,-60.0,
686313,-60.0,-7.0
686314,-56.0,
686317,-51.0,
686339,-15.0,5.0
686344,-30.0,
686348,-43.0,
686358,-23.0,131.0
686365,-51.0,
686370,-30.0,
686373,-18.0,
686378,-60.0,
686384,-51.0,222.0
686390,-53.0,17.0
686399,-14.0,
686402,-57.0,
686411,-37.0,
686447,-30.0,
686448,-56.0,12.0
686458,-53.0,12.0
686462,-53.0,12.0
686476,-14.0,
686498,-18.0,
686515,-36.0,
686522,-36.0,
686525,-28.0,
686530,-57.0,12.0
686549,-37.0,
686558,-53.0,
686564,-50.0,
686584,-45.0,
686593,-25.0,
686596,-60.0,
686598,-9.0,
686633,-60.0,12.0
686645,-50.0,
686650,-4.0,
686667,-39.0,
686668,-10.0,
686670,-60.0,
686688,-60.0,135.0
686700,-53.0,
686703,-58.0,2.0
686705,-53.0,
686708,-53.0,
686725,-43.0,
686752,-53.0,12.0
686753,-45.0,
686760,-49.0,12.0
686762,-57.0,
686766,-44.0,
686786,-8.0,
686791,-35.0,
686797,-53.0,88.0
686799,-46.0,12.0
686813,-51.0,6.0
686822,-32.0,
686837,-60.0,
686838,-39.0,
686852,-53.0,-4.0
686854,-59.0,
686869,-17.0,-5.0
686871,-21.0,
686872,-38.0,
686877,-45.0,-24.0
686898,-2.0,-1.0
686907,-51.0,
686913,-28.0,
686918,-23.0,
686921,-21.0,
686938,-59.0,
686940,-59.0,
686946,-23.0,
686953,-14.0,
686957,-2.0,
686987,-39.0,
687004,-22.0,
687007,-53.0,
687023,-29.0,
687028,-14.0,
687030,-32.0,47.0
687033,-46.0,
687037,-50.0,
687050,-60.0,
687060,-35.0,
687073,-50.0,139.0
687082,-10.0,
687105,-14.0,53.0
687112,-28.0,
687115,-23.0,
687122,-59.0,
687143,-23.0,-3.0
687146,-23.0,-10.0
687154,-49.0,12.0
687157,-35.0,
687160,-8.0,
687173,-37.0,
687185,-30.0,
687190,-23.0,
687194,-23.0,
687206,-36.0,
687216,-43.0,
687217,-36.0,230.0
687242,-23.0,
687244,-51.0,
687256,-4.0,19.0
687283,-51.0,-31.0
687288,-44.0,122.0
687301,-38.0,
687302,2.0,
687304,-25.0,
687310,-17.0,
687319,-50.0,12.0
687326,-42.0,
687331,-30.0,
687341,-50.0,138.0
687345,-38.0,-12.0
687348,-43.0,
687351,-25.0,
687367,-43.0,12.0
687369,-58.0,12.0
687370,-29.0,
687378,-59.0,
687379,-59.0,
687384,-57.0,158.0
687402,-59.0,
687404,-58.0,
687406,-58.0,
687410,-43.0,
687411,-44.0,
687421,-45.0,
687434,-49.0,
687444,-48.0,12.0
687446,-58.0,
687448,-43.0,-23.0
687468,-50.0,
687485,-51.0,
687498,-23.0,68.0
687503,-46.0,
687510,-51.0,12.0
687511,-25.0,104.0
687523,-10.0,
687525,-10.0,
687533,-53.0,
687534,-16.0,74.0
687563,-32.0,
687566,-58.0,
687574,-18.0,
687575,-58.0,
687578,-45.0,12.0
687586,-4.0,
687600,-35.0,
687620,-32.0,
687626,-23.0,
687653,-16.0,
687683,-8.0,
687686,-46.0,
687688,-38.0,
687698,-4.0,
687715,-44.0,-25.0
687720,-23.0,
687722,-5.0,
687747,-37.0,13.0
687752,-50.0,12.0
687757,-34.0,
687765,-45.0,12.0
687766,-36.0,
687769,-30.0,
687772,-45.0,
687777,-37.0,
687780,3.0,
687781,-35.0,
687792,-43.0,
687795,-50.0,-18.0
687821,-8.0,
687822,-39.0,53.0
687823,-53.0,
687828,-9.0,
687835,-30.0,
687844,-34.0,114.0
687846,-46.0,
687861,-42.0,
687877,5.0,
687910,-31.0,
687930,-42.0,
687931,-49.0,
687945,-29.0,
687953,-42.0,-23.0
687975,-52.0,
687977,-57.0,12.0
687978,-51.0,12.0
687981,-22.0,
687988,-15.0,
688000,-51.0,-36.0
688005,-38.0,-17.0
688008,-32.0,
688011,-51.0,
688028,-46.0,
688033,-16.0,
688038,-2.0,
688050,-49.0,
688071,-37.0,
688097,-23.0,76.0
688106,-30.0,133.0
688117,-9.0,111.0
688118,-38.0,
688127,-49.0,
688128,-51.0,-15.0
688130,-49.0,
688133,-49.0,
688135,-53.0,
688136,-46.0,
688144,-37.0,167.0
688159,-36.0,137.0
688167,-25.0,
688171,-46.0,12.0
688175,-53.0,
688187,-23.0,-2.0
688192,-17.0,
688199,-16.0,
688203,-31.0,171.0
688208,-49.0,163.0
688213,-30.0,12.0
688225,-38.0,
688250,-23.0,
688251,-36.0,-11.0
688263,-39.0,
688265,-15.0,
688271,-46.0,12.0
688281,-36.0,
688284,-45.0,215.0
688285,-45.0,12.0
688287,-49.0,
688297,-46.0,-17.0
688301,-52.0,
688310,-23.0,
688326,-23.0,80.0
688337,-35.0,
688356,-46.0,
688376,-36.0,
688379,-16.0,
688388,-16.0,
688398,-35.0,
688401,2.0,
688404,-46.0,124.0
688437,-53.0,
688442,-25.0,0.0
688451,-23.0,
688453,-44.0,
688470,-31.0,
688475,-37.0,12.0
688509,-43.0,12.0
688513,-35.0,
688519,-53.0,
688521,-46.0,
688522,-53.0,-51.0
688525,-53.0,
688532,-46.0,12.0
688533,-22.0,156.0
688537,-5.0,
688543,-46.0,
688545,-14.0,-2.0
688571,-36.0,
688592,-28.0,
688599,-42.0,
688600,-51.0,
688608,-45.0,
688615,-30.0,-8.0
688638,-36.0,
688656,-38.0,-3.0
688658,-16.0,69.0
688662,-37.0,
688663,19.0,123.0
688664,-46.0,6.0
688665,-52.0,
688667,-31.0,
688672,-29.0,12.0
688683,-31.0,-3.0
688685,-23.0,
688707,-30.0,
688710,-45.0,4.0
688722,-52.0,
688727,-46.0,
688742,-38.0,
688752,-38.0,12.0
688763,-41.0,222.0
688770,-28.0,
688776,-45.0,12.0
688805,-38.0,-25.0
688811,-22.0,
688819,-23.0,
688822,-1.0,
688843,-36.0,108.0
688849,-43.0,61.0
688856,-15.0,
688870,-45.0,
688881,-44.0,12.0
688891,-46.0,
688895,-45.0,
688904,-46.0,138.0
688911,-52.0,
688924,-31.0,
688927,-52.0,12.0
688937,-45.0,12.0
688942,-9.0,11.0
688954,-14.0,
688964,-45.0,-1.0
688974,-29.0,
688976,-16.0,
688997,-52.0,74.0
689004,-23.0,
689005,-32.0,
689017,-51.0,
689038,-30.0,
689042,-42.0,12.0
689050,-4.0,
689051,-38.0,12.0
689052,-41.0,
689056,-23.0,
689065,-22.0,
689069,-52.0,
689089,-11.0,
689094,-11.0,
689095,-11.0,
689097,-11.0,
689101,-22.0,
689107,-4.0,
689112,-4.0,12.0
689113,-11.0,
689124,-5.0,
689129,-5.0,
689131,-30.0,
689132,12.0,
689135,-52.0,
689139,-5.0,
689141,5.0,
689143,-45.0,12.0
689147,12.0,
689148,-5.0,
689157,5.0,
689161,-10.0,
689164,-30.0,
689173,-11.0,19.0
689178,-4.0,
689180,-4.0,-2.0
689185,12.0,
689187,-43.0,
689190,-36.0,
689198,-41.0,12.0
689217,-22.0,
689225,-29.0,157.0
689228,16.0,
689230,3.0,
689231,-52.0,
689246,-31.0,
689250,-45.0,
689260,-31.0,
689264,-43.0,12.0
689265,16.0,
689267,16.0,
689274,16.0,
689280,-38.0,
689287,-51.0,
689288,-36.0,
689290,-15.0,12.0
689298,-49.0,
689309,-44.0,
689329,-45.0,
689333,-36.0,
689335,-5.0,
689346,-23.0,2.0
689347,-37.0,
689350,-51.0,-40.0
689352,-44.0,12.0
689370,-44.0,
689371,-10.0,
689389,-38.0,
689397,-30.0,
689399,-14.0,
689406,-50.0,
689418,-30.0,
689433,-2.0,
689436,-23.0,177.0
689444,-23.0,
689478,-37.0,-32.0
689485,-16.0,
689487,-50.0,
689493,-43.0,153.0
689498,-44.0,12.0
689503,-44.0,
689527,-23.0,
689533,-44.0,-36.0
689554,-37.0,31.0
689563,-38.0,
689574,-50.0,
689582,-42.0,12.0
689585,-44.0,10.0
689594,-2.0,
689618,-44.0,-33.0
689626,-30.0,
689628,-51.0,-12.0
689636,-10.0,
689637,-15.0,
689640,-43.0,12.0
689650,-37.0,
689662,-51.0,
689665,-51.0,
689711,-9.0,
689727,-43.0,
689747,-37.0,12.0
689751,-34.0,12.0
689754,-10.0,
689759,-32.0,
689761,-31.0,10.0
689763,-22.0,
689768,-42.0,
689775,-30.0,
689778,-49.0,2.0
689786,-37.0,166.0
689792,-29.0,
689796,-10.0,
689807,-32.0,12.0
689808,-50.0,66.0
689816,-41.0,19.0
689827,-41.0,121.0
689828,-30.0,
689832,-32.0,
689838,19.0,
689839,-41.0,
689840,-10.0,
689855,-25.0,
689878,-8.0,
689896,-50.0,129.0
689900,-44.0,97.0
689921,-43.0,
689924,-38.0,
689925,-30.0,150.0
689936,-23.0,
689944,-43.0,-18.0
689952,-45.0,-10.0
689956,-38.0,
689975,-5.0,
689977,-38.0,12.0
689983,-38.0,
689990,-48.0,
689999,-38.0,12.0
690003,-11.0,
690016,-25.0,
690029,-14.0,
690038,-8.0,
690044,-16.0,
690046,-17.0,163.0
690057,-14.0,
690062,-15.0,
690065,-2.0,
690075,-31.0,
690089,17.0,
690095,-23.0,
690102,17.0,
690116,16.0,
690118,-49.0,9.0
690133,-49.0,
690137,-42.0,
690168,-39.0,
690174,-31.0,12.0
690181,-49.0,-10.0
690192,-30.0,
690198,-42.0,
690211,-49.0,
690225,-23.0,
690235,-48.0,12.0
690240,-30.0,170.0
690241,-32.0,
690296,-41.0,12.0
690298,-49.0,
690318,-49.0,
690319,-49.0,
690329,-43.0,-29.0
690359,-14.0,
690365,-35.0,
690366,-30.0,167.0
690370,-38.0,
690382,-29.0,
690384,-49.0,
690404,-18.0,
690406,-37.0,12.0
690430,-25.0,101.0
690439,-23.0,
690469,-39.0,
690470,-23.0,23.0
690471,-2.0,
690507,-29.0,
690525,-41.0,
690548,-32.0,
690553,-8.0,
690554,-32.0,12.0
690556,-2.0,
690559,-38.0,-30.0
690579,-9.0,
690585,-28.0,
690586,-36.0,
690589,-25.0,
690600,-30.0,94.0
690628,-23.0,
690631,-38.0,6.0
690635,-38.0,
690644,-35.0,
690656,-23.0,5.0
690669,-9.0,101.0
690687,-7.0,-1.0
690695,-23.0,188.0
690711,-42.0,
690724,-38.0,-15.0
690733,-38.0,
690736,-37.0,
690746,-22.0,
690763,-37.0,
690766,-38.0,
690767,-37.0,
690780,-24.0,14.0
690783,-29.0,
690825,-45.0,12.0
690832,-25.0,
690843,-42.0,12.0
690867,-45.0,120.0
690872,-38.0,
690882,-45.0,
690884,-45.0,
690895,-38.0,94.0
690902,-16.0,
690917,-36.0,
690932,-36.0,
690940,-23.0,12.0
690948,-38.0,
690962,-25.0,109.0
690967,-29.0,
691006,-28.0,
691008,-37.0,12.0
691026,3.0,
691028,-36.0,73.0
691040,-37.0,12.0
691056,-22.0,3.0
691069,-31.0,
691078,-29.0,
691088,-32.0,
691094,-37.0,
691106,-45.0,
691122,-45.0,
691127,-29.0,
691177,-37.0,
691189,-23.0,
691195,-34.0,
691202,-44.0,
691207,-32.0,
691212,-32.0,
691218,-28.0,
691229,-37.0,
691248,-14.0,
691253,-23.0,12.0
691257,-17.0,80.0
691269,-37.0,
691272,-44.0,58.0
691280,-36.0,
691281,-4.0,
691286,-37.0,8.0
691288,-22.0,
691312,-23.0,
691326,-29.0,
691343,-43.0,5.0
691353,-28.0,89.0
691367,-30.0,-12.0
691371,-37.0,
691375,-22.0,
691411,-36.0,97.0
691413,-44.0,
691428,-44.0,163.0
691433,-28.0,
691444,-36.0,
691465,-17.0,
691501,-2.0,
691509,-44.0,-11.0
691514,-38.0,
691519,-2.0,
691536,-30.0,
691550,-28.0,
691556,-20.0,
691563,-37.0,-5.0
691577,-36.0,129.0
691640,-32.0,101.0
691663,-30.0,-1.0
691683,-27.0,
691699,-7.0,
691701,-15.0,
691717,-43.0,
691722,-28.0,
691748,-39.0,
691761,-29.0,
691782,-43.0,
691787,-7.0,
691790,-9.0,
691805,-36.0,47.0
691815,-8.0,-5.0
691834,-36.0,
691835,-27.0,
691843,-23.0,
691851,-43.0,
691856,-30.0,
691867,-30.0,12.0
691869,-30.0,
691873,-36.0,
691875,-35.0,
691907,17.0,
691926,-28.0,
691931,-22.0,
691932,-34.0,
691978,-36.0,96.0
691997,-32.0,
692010,-35.0,
692012,-35.0,
692018,-35.0,
692097,-34.0,
692105,-23.0,
692164,-42.0,
692171,-8.0,
692175,-36.0,
692179,-9.0,17.0
692181,-42.0,
692189,-30.0,12.0
692196,-42.0,
692206,-10.0,
692207,-17.0,
692215,-29.0,
692219,-34.0,12.0
692220,-14.0,
692256,-10.0,
692273,-29.0,12.0
692297,-34.0,
692301,-14.0,
692320,-10.0,
692334,-32.0,
692354,-5.0,
692355,-35.0,
692363,-23.0,108.0
692384,-41.0,150.0
692392,-35.0,3.0
692426,-24.0,
692454,-34.0,
692473,-39.0,
692474,-39.0,
692477,-36.0,
692479,-39.0,109.0
692482,-39.0,
692484,-39.0,
692490,-23.0,
692496,-29.0,
692500,-34.0,76.0
692502,-39.0,
692515,-39.0,
692518,-39.0,
692521,-39.0,
692522,-39.0,
692525,-39.0,
692528,-39.0,12.0
692532,-39.0,-19.0
692534,-28.0,
692537,-39.0,12.0
692540,-39.0,12.0
692542,-39.0,52.0
692544,-39.0,
692547,-39.0,
692553,-35.0,
692572,-36.0,
692603,-28.0,
692609,-30.0,
692612,-30.0,
692625,-39.0,12.0
692629,-32.0,12.0
692632,-32.0,
692646,-32.0,
692647,-39.0,94.0
692652,-32.0,
692654,-29.0,
692664,-39.0,12.0
692723,-29.0,81.0
692740,-23.0,-19.0
692753,-30.0,42.0
692805,-30.0,
692826,-39.0,
692827,-32.0,
692828,-25.0,
692850,-22.0,52.0
692855,-30.0,-2.0
692871,-39.0,-17.0
692893,-31.0,
692897,-39.0,42.0
692898,-32.0,12.0
692907,-38.0,
692908,-30.0,
692914,-30.0,-15.0
692918,-39.0,
692920,-30.0,
692924,-28.0,
692928,-15.0,
692933,-30.0,115.0
692936,-12.0,
692943,-29.0,
692946,-32.0,
692961,-25.0,-9.0
692962,-31.0,
692968,-23.0,
692972,-25.0,
692976,-29.0,6.0
692991,-30.0,
693046,5.0,
693047,-37.0,3.0
693053,-9.0,
693058,-9.0,
693061,-38.0,157.0
693069,-23.0,
693082,-35.0,103.0
693085,-38.0,
693091,-15.0,
693098,-25.0,
693111,-23.0,109.0
693114,-23.0,10.0
693116,-38.0,12.0
693127,-36.0,12.0
693141,-25.0,
693145,-38.0,
693147,-14.0,6.0
693160,-28.0,
693161,-36.0,
693162,-18.0,
693182,-22.0,
693197,-25.0,
693204,-31.0,
693213,-29.0,
693221,-8.0,
693223,-25.0,-10.0
693230,-30.0,
693235,-31.0,
693236,-23.0,
693246,-25.0,12.0
693269,-38.0,-19.0
693273,3.0,
693294,-27.0,
693297,-37.0,
693302,-29.0,
693308,-29.0,
693310,-35.0,-2.0
693333,-36.0,-29.0
693340,-15.0,163.0
693345,-16.0,
693352,-37.0,-16.0
693364,-2.0,
693373,-23.0,
693380,-35.0,
693387,-20.0,
693416,-31.0,
693421,3.0,
693441,-30.0,
693448,-30.0,12.0
693452,-25.0,
693456,-30.0,12.0
693468,-29.0,12.0
693478,-29.0,
693488,-8.0,
693497,-16.0,
693501,-12.0,
693514,-21.0,
693519,-23.0,
693565,-35.0,109.0
693569,-30.0,
693573,-30.0,12.0
693606,-29.0,
693615,-22.0,6.0
693616,-1.0,
693620,-37.0,-2.0
693628,-28.0,
693629,-29.0,
693635,-30.0,
693640,-30.0,
693643,-37.0,12.0
693682,-32.0,
693692,-21.0,
693709,-30.0,-15.0
693744,-37.0,12.0
693747,-23.0,
693752,-17.0,
693763,3.0,
693764,-28.0,
693788,-30.0,
693793,-30.0,
693806,-13.0,
693812,-29.0,12.0
693836,-29.0,-8.0
693843,-4.0,
693863,-36.0,3.0
693871,-28.0,
693873,-15.0,
693899,-32.0,
693902,-36.0,
693903,-29.0,
693906,-23.0,101.0
693907,-23.0,
693910,-29.0,-5.0
693926,-30.0,5.0
693934,-14.0,
693938,-25.0,
693959,-29.0,
693983,-32.0,12.0
693998,-9.0,73.0
694001,,-36.0
694003,-35.0,-8.0
694006,-17.0,
694009,-9.0,
694010,-30.0,
694019,-25.0,
694059,-22.0,
694070,-4.0,
694078,-30.0,
694081,-23.0,18.0
694082,-17.0,
694103,-23.0,
694106,-28.0,12.0
694128,-22.0,
694132,-8.0,
694144,-28.0,
694147,-28.0,12.0
694150,-23.0,27.0
694152,-10.0,
694155,-30.0,
694190,-30.0,
694212,-23.0,215.0
694218,-22.0,
694221,-28.0,
694222,-32.0,11.0
694225,-29.0,39.0
694246,-22.0,
694272,-28.0,12.0
694284,-25.0,166.0
694292,-16.0,
694304,-21.0,160.0
694329,16.0,25.0
694338,-35.0,
694339,-4.0,38.0
694341,-9.0,
694342,-35.0,
694349,-35.0,
694359,-2.0,
694361,-28.0,-2.0
694362,-28.0,
694376,-28.0,
694380,-9.0,72.0
694384,-32.0,
694404,-30.0,
694415,-25.0,12.0
694416,-2.0,227.0
694428,-25.0,
694448,-32.0,51.0
694456,-25.0,
694457,-28.0,
694458,-35.0,-17.0
694464,-25.0,3.0
694470,6.0,
694472,-23.0,
694473,-9.0,
694476,-9.0,152.0
694490,-4.0,
694510,-25.0,
694523,-23.0,
694526,-9.0,
694536,-25.0,12.0
694548,-23.0,12.0
694554,-32.0,12.0
694561,-30.0,
694563,-25.0,163.0
694571,-15.0,
694576,-32.0,
694579,-14.0,
694589,-25.0,
694616,-9.0,125.0
694622,-25.0,
694634,-30.0,
694658,-22.0,12.0
694669,-25.0,23.0
694673,-30.0,
694677,-30.0,
694680,-23.0,
694682,-9.0,12.0
694684,-23.0,
694698,-30.0,
694705,-25.0,11.0
694706,-32.0,
694715,-25.0,
694716,-23.0,
694723,-2.0,
694726,-16.0,
694729,-2.0,
694735,-25.0,108.0
694753,-32.0,-1.0
694779,-16.0,
694782,-25.0,
694792,-32.0,
694802,-30.0,12.0
694807,-18.0,156.0
694823,-25.0,
694827,-9.0,
694836,-14.0,
694848,-15.0,
694854,-23.0,
694857,-24.0,
694860,-23.0,
694871,-17.0,177.0
694872,-32.0,
694914,-16.0,12.0
694951,-30.0,-4.0
694974,-30.0,157.0
694976,-20.0,
694981,-4.0,
694983,-21.0,
695001,-5.0,
695014,17.0,
695015,16.0,
695021,5.0,
695027,5.0,
695031,12.0,
695035,16.0,24.0
695044,-5.0,
695047,5.0,
695049,-5.0,
695051,-5.0,25.0
695054,-5.0,
695070,5.0,
695075,5.0,
695084,-11.0,
695090,-23.0,
695094,-21.0,61.0
695122,-21.0,32.0
695125,17.0,25.0
695143,3.0,37.0
695144,5.0,
695148,-5.0,
695169,-14.0,
695183,-30.0,
695186,-27.0,
695201,-17.0,
695205,13.0,
695220,-7.0,79.0
695232,-17.0,
695235,3.0,
695247,13.0,
695250,-23.0,100.0
695251,-15.0,103.0
695256,-4.0,
695259,13.0,
695270,-23.0,
695278,-5.0,
695298,-30.0,139.0
695340,-22.0,31.0
695354,-23.0,
695356,-30.0,12.0
695369,-21.0,27.0
695380,-23.0,12.0
695405,-29.0,
695411,-28.0,12.0
695416,-23.0,12.0
695432,-11.0,
695434,-30.0,
695435,-23.0,
695449,-20.0,-18.0
695461,5.0,150.0
695471,-20.0,
695473,-17.0,-8.0
695475,-11.0,
695484,3.0,
695485,-15.0,
695503,-25.0,
695509,5.0,
695510,-11.0,
695516,-30.0,58.0
695518,-23.0,
695528,5.0,178.0
695535,-5.0,
695550,-15.0,
695574,-16.0,12.0
695584,-24.0,132.0
695611,-30.0,12.0
695613,-30.0,
695631,-29.0,
695637,-22.0,
695638,-23.0,
695643,-23.0,144.0
695644,-14.0,
695651,-21.0,
695653,-23.0,
695654,-23.0,
695655,-15.0,
695668,-17.0,
695673,-5.0,
695676,-23.0,50.0
695695,-17.0,-10.0
695700,-9.0,
695729,-20.0,
695732,-23.0,
695735,-30.0,
695739,-16.0,
695748,-23.0,12.0
695759,-24.0,
695760,-23.0,12.0
695764,-23.0,-1.0
695794,-21.0,5.0
695799,-30.0,
695803,-22.0,
695825,-22.0,159.0
695855,-23.0,
695869,-15.0,
695874,-9.0,25.0
695877,-9.0,
695879,-22.0,12.0
695913,2.0,
695915,-23.0,
695916,-23.0,
695919,-23.0,
695921,-23.0,
695926,-18.0,
695932,-17.0,
695941,-30.0,12.0
695944,-23.0,
695946,-8.0,
695951,-2.0,
695956,-25.0,2.0
695964,-23.0,12.0
695972,5.0,
695976,-21.0,-3.0
695981,-30.0,24.0
695982,-23.0,12.0
696007,-22.0,
696019,-23.0,74.0
696039,-9.0,
696043,-17.0,
696044,-14.0,
696071,-23.0,66.0
696072,-28.0,
696073,-22.0,
696082,-22.0,
696091,-22.0,12.0
696128,4.0,
696132,-29.0,
696152,-27.0,
696157,-2.0,
696188,-13.0,
696192,-23.0,
696203,-23.0,
696234,-15.0,86.0
696253,-22.0,-3.0
696265,-25.0,12.0
696271,-10.0,
696275,-23.0,
696276,-23.0,-1.0
696301,-23.0,
696316,-30.0,109.0
696318,-21.0,
696324,-23.0,147.0
696325,-17.0,
696329,-23.0,
696347,-21.0,
696348,-29.0,
696357,-16.0,
696361,-16.0,
696364,-21.0,
696410,-16.0,12.0
696415,-16.0,
696430,-15.0,
696440,-11.0,
696456,-22.0,
696464,-21.0,12.0
696469,-15.0,
696481,-29.0,-19.0
696485,-22.0,
696501,-15.0,228.0
696514,-14.0,
696515,-4.0,
696527,-28.0,12.0
696546,-28.0,12.0
696569,3.0,
696577,-18.0,
696578,-22.0,182.0
696583,-22.0,
696595,-25.0,52.0
696615,-21.0,
696616,-29.0,
696634,-28.0,-12.0
696653,-22.0,
696659,-15.0,
696662,-22.0,
696664,-14.0,-4.0
696666,-22.0,
696671,-22.0,
696672,-22.0,
696674,-22.0,
696678,-21.0,
696684,-28.0,
696692,-28.0,59.0
696696,-20.0,
696706,-21.0,
696708,-21.0,
696710,-4.0,
696711,-21.0,
696712,-21.0,
696713,-21.0,
696716,-25.0,12.0
696724,-21.0,
696729,-17.0,
696789,-28.0,
696796,-21.0,12.0
696799,-28.0,
696803,-24.0,134.0
696804,-28.0,
696807,-23.0,39.0
696826,-27.0,
696833,-21.0,
696844,-17.0,
696848,-18.0,52.0
696850,-28.0,
696869,-17.0,
696876,3.0,
696890,-17.0,72.0
696930,-15.0,12.0
696937,-27.0,
696943,-14.0,6.0
696981,-20.0,-5.0
696985,-14.0,9.0
697027,-20.0,
697041,-20.0,
697042,-1.0,69.0
697045,-27.0,
697065,-25.0,-16.0
697101,-25.0,
697113,-18.0,
697114,-18.0,
697119,-24.0,25.0
697120,-18.0,-5.0
697136,-24.0,12.0
697148,-22.0,-22.0
697160,-18.0,
697192,-16.0,12.0
697204,-14.0,-2.0
697215,-18.0,59.0
697253,-7.0,193.0
697255,-16.0,
697257,-17.0,-10.0
697283,-16.0,12.0
697298,-25.0,12.0
697299,-15.0,12.0
697314,-10.0,
697319,-25.0,-12.0
697325,2.0,
697328,-2.0,
697337,-24.0,54.0
697345,-23.0,
697352,-21.0,
697364,3.0,25.0
697390,-25.0,-15.0
697417,-25.0,
697428,-23.0,
697433,-23.0,
697438,-9.0,199.0
697456,-16.0,
697460,-7.0,
697461,-16.0,
697474,-17.0,
697478,-16.0,
697482,-17.0,
697490,-17.0,12.0
697492,4.0,
697511,-17.0,7.0
697514,-24.0,-8.0
697525,-24.0,
697529,-16.0,12.0
697542,-24.0,
697554,-17.0,-4.0
697561,-24.0,
697562,-24.0,
697567,-15.0,
697574,-16.0,
697578,-22.0,
697581,-17.0,-8.0
697649,-24.0,
697653,-21.0,208.0
697658,-16.0,
697665,-16.0,54.0
697674,-24.0,
697705,-24.0,
697730,-24.0,5.0
697754,-22.0,
697781,-17.0,
697841,-17.0,5.0
697857,-23.0,
697868,-23.0,-17.0
697878,-15.0,
697893,-23.0,12.0
697909,-23.0,117.0
697912,-22.0,
697948,-15.0,33.0
697959,-23.0,
697960,-23.0,
697964,-23.0,
697998,-14.0,210.0
698002,-16.0,
698007,-23.0,12.0
698010,-23.0,
698011,-8.0,
698015,-16.0,
698016,-17.0,
698019,-1.0,
698020,-15.0,52.0
698024,-8.0,
698025,-23.0,-15.0
698065,5.0,75.0
698092,-13.0,
698112,-15.0,12.0
698157,-15.0,
698163,3.0,
698170,-11.0,
698180,-22.0,
698193,-15.0,
698198,-23.0,
698199,-23.0,
698200,-23.0,
698201,-23.0,
698203,-23.0,
698204,-23.0,
698205,-23.0,157.0
698206,-23.0,
698207,-23.0,
698208,-23.0,
698233,-15.0,12.0
698237,-14.0,-12.0
698252,-15.0,4.0
698256,-22.0,
698278,-14.0,11.0
698299,-13.0,
698300,-8.0,
698345,-21.0,
698347,-17.0,
698351,-15.0,
698352,-21.0,
698355,-7.0,
698357,-22.0,165.0
698359,-7.0,
698362,-14.0,
698369,-14.0,
698384,-10.0,
698399,-21.0,
698407,-14.0,
698413,-14.0,
698417,-14.0,
698420,-22.0,
698432,-21.0,151.0
698460,-15.0,
698463,-22.0,
698471,-22.0,
698485,-14.0,
698490,-15.0,3.0
698494,-21.0,
698498,-21.0,12.0
698507,-21.0,
698509,-21.0,
698548,-8.0,
698586,-21.0,5.0
698598,-14.0,156.0
698656,-14.0,
698717,-14.0,
698762,-13.0,74.0
699007,-17.0,
699038,-10.0,58.0
699049,-10.0,-10.0
699050,-10.0,-10.0
699126,-10.0,
699127,-10.0,
699128,-10.0,
699134,-10.0,
699135,-10.0,
699136,-10.0,
699138,-10.0,
699140,-10.0,
699141,-10.0,
699142,-10.0,
699153,-17.0,
699170,-7.0,
699370,-9.0,
699417,-4.0,
699435,-16.0,
699436,-16.0,
699437,-16.0,
699440,0.0,
699461,0.0,
699488,-15.0,
699493,-2.0,-1.0
699498,-15.0,
699503,-5.0,
699628,-7.0,
699651,-14.0,
699656,-14.0,
699875,13.0,25.0
700079,-10.0,
700086,-10.0,
700441,-7.0,
700458,-7.0,
700815,-4.0,
700820,-4.0,
704156,-29.0,
705379,-57.0,
721259,-73.0,23.0
749412,-138.0,
760729,-67.0,
835603,,-81.0
836614,-22.0,
852847,-87.0,
856294,-51.0,46.0
857856,-53.0,47.0
879295,-23.0,223.0
884652,-81.0,105.0
895524,-44.0,
898594,-38.0,
900936,-42.0,31.0
905042,-91.0,
907261,-113.0,
909056,-92.0,
917586,-29.0,
921739,-17.0,80.0
925553,-254.0,107.0
928248,-24.0,
941282,-22.0,
943374,-38.0,
949548,-95.0,
949618,-59.0,
957467,-136.0,
958987,-67.0,
962951,-15.0,213.0
963176,-21.0,227.0
965763,-80.0,
968578,-170.0,
969076,-42.0,173.0
971027,-62.0,
973364,-32.0,152.0
973526,-28.0,201.0
978739,-108.0,
983970,-73.0,
984347,-49.0,
984619,-179.0,
985062,-81.0,
986561,-148.0,
987203,-16.0,-1.0
988019,-22.0,100.0
990155,-38.0,
991843,-93.0,
992544,-147.0,
996047,-17.0,
997948,-53.0,-29.0
998493,-135.0,
999174,-58.0,
1006742,-78.0,
1008675,-48.0,
1017773,-25.0,
1018682,-109.0,
1018685,-34.0,
1021350,-128.0,
1023623,-22.0,
1026777,-20.0,53.0
1031884,-22.0,
1033968,-23.0,95.0
1034674,-48.0,
1035023,-87.0,
1038161,-22.0,
1040037,-22.0,163.0
1042726,-79.0,
1044992,-214.0,
1045091,-17.0,
1045203,-155.0,
1047645,-64.0,-3.0
1049036,-53.0,
1053702,-46.0,
1054876,-59.0,
1057883,-89.0,
1060973,-98.0,-58.0
1064492,-22.0,
1065824,-190.0,
1068316,-83.0,
1072259,-89.0,
1073372,-65.0,57.0
1073766,-51.0,
1073767,-34.0,
1076015,-22.0,
1078701,-41.0,
1080206,-45.0,
1082062,-53.0,
1087710,-302.0,145.0
1090738,-22.0,
1091274,-18.0,
1095916,-71.0,
1097354,-24.0,
1098728,-30.0,
1100143,-18.0,
1100639,-151.0,204.0
1101190,-32.0,
1103608,-165.0,
1105438,-174.0,
1105478,-144.0,
1105628,-25.0,
1106724,-132.0,26.0
1107079,5.0,83.0
1107596,-94.0,-38.0
1108120,-30.0,-3.0
1112555,-122.0,
1115623,-22.0,
1118218,-42.0,12.0
1118284,-22.0,
1118432,-59.0,
1127413,-68.0,
1170618,32.0,
1173473,-161.0,
1175060,-45.0,-9.0
1183831,-115.0,166.0
1187586,-72.0,
1197062,-22.0,
1209065,-23.0,24.0
1253440,-95.0,
1268696,-79.0,
1268772,-22.0,
1270832,-22.0,
1282596,-155.0,
1290731,,-82.0
1301103,-23.0,
1307784,-113.0,52.0
1311171,-89.0,
1318759,-23.0,
1319732,-35.0,
1319999,-29.0,
1332356,-123.0,
1332514,-23.0,178.0
1332999,-31.0,
1334225,2.0,
1336190,-23.0,
1337055,-25.0,
1338955,-12.0,38.0
1340760,-69.0,
1340766,-43.0,
1341096,-131.0,
1341507,-60.0,
1345808,-100.0,
1346966,-42.0,117.0
1347198,-21.0,
1347253,-28.0,
1347447,-25.0,
1348205,-51.0,
1351739,-59.0,
1352733,-144.0,
1352868,-63.0,203.0
1354095,-25.0,
1355699,-67.0,
1359554,-45.0,
1360878,-30.0,
1360953,-34.0,
1373661,-67.0,-51.0
1375851,-25.0,
1380308,-57.0,
1382719,-30.0,
1384882,-23.0,
1390051,-52.0,
1391717,-36.0,
1392016,-18.0,
1393589,-130.0,
1397617,-43.0,
1397662,-52.0,
1398489,-45.0,
1398821,-263.0,-206.0
1398979,-72.0,213.0
1399285,-36.0,
1399314,-116.0,
1400592,-45.0,-2.0
1401935,-35.0,
1402638,-195.0,
1405453,-10.0,
1405594,-38.0,
1406920,-93.0,
1407549,-282.0,-117.0
1409532,-135.0,
1410398,-123.0,
1411562,-65.0,-15.0
1411627,-100.0,
1413027,-22.0,
1413902,-49.0,
1413989,-53.0,82.0
1414443,-169.0,
1416784,-15.0,
1417707,-128.0,
1419671,-36.0,
1420537,-17.0,
1420575,-35.0,
1421720,-178.0,
1422737,-17.0,
1424608,-41.0,53.0
1425806,-39.0,
1428865,-81.0,128.0
1429504,-16.0,
1430804,-282.0,81.0
1431750,-22.0,
1432518,-36.0,
1436558,-34.0,
1436591,-67.0,
1438584,-41.0,41.0
1439723,-149.0,159.0
1440072,-52.0,
1440341,-63.0,
1440467,-57.0,
1442215,-144.0,184.0
1442706,-22.0,
1442981,-36.0,
1442991,-67.0,
1444134,-30.0,
1444520,-87.0,
1446954,-29.0,
1448966,-21.0,
1449171,-28.0,131.0
1449245,-44.0,
1449692,-109.0,
1450604,-85.0,-50.0
1453140,-130.0,158.0
1453691,-81.0,188.0
1455474,-116.0,
1456619,-87.0,27.0
1457691,-86.0,
1459010,-116.0,6.0
1461795,-45.0,
1462676,-116.0,68.0
1464932,-51.0,-7.0
1464952,-71.0,
1465407,-22.0,
1465690,-38.0,
1467014,-16.0,
1468838,-53.0,102.0
1469279,-51.0,-22.0
1470291,-9.0,
1470552,-72.0,
1471214,-32.0,
1472925,20.0,
1473878,-29.0,
1474869,-5.0,
1474903,-44.0,
1477284,-95.0,123.0
1478030,-59.0,
1478775,-81.0,
1480800,-79.0,
1482413,-58.0,170.0
1483632,-28.0,
1483814,-13.0,
1484626,-98.0,-10.0
1484804,-88.0,
1485105,-57.0,
1485702,-17.0,
1486048,-93.0,104.0
1487084,-21.0,
1488959,-30.0,
1490624,-73.0,
1491894,-23.0,52.0
1492408,-95.0,149.0
1492571,-28.0,
1493476,-4.0,
1493739,-45.0,
1494577,-32.0,
1494901,-16.0,-7.0
1497480,-156.0,
1497822,-93.0,
1498823,-22.0,
1498979,-39.0,
1500410,-11.0,
1500950,-28.0,
1501577,-79.0,
1501614,-25.0,
1502193,-22.0,
1503056,-31.0,
1504653,-29.0,
1507503,-38.0,
1508708,-64.0,
1509881,-39.0,
1510198,-116.0,
1510285,-52.0,
1511033,-67.0,
1512332,-51.0,106.0
1513001,-95.0,
1514245,-97.0,-72.0
1515509,-150.0,
1516666,-22.0,
1517755,-36.0,-7.0
1518989,-102.0,
1521540,-64.0,
1521687,-31.0,
1522631,-135.0,
1525567,-87.0,
1526059,-21.0,
1526210,-58.0,
1526770,-25.0,
1527616,-31.0,
1528232,-61.0,97.0
1529371,-29.0,
1529458,-46.0,10.0
1530521,-200.0,
1531287,-86.0,
1531649,-39.0,75.0
1532711,-95.0,134.0
1532840,-42.0,
1532921,-21.0,0.0
1533277,-121.0,
1534494,-29.0,
1534560,-24.0,
1534854,-216.0,
1536122,-28.0,
1536138,-86.0,
1536591,-95.0,212.0
1536774,-74.0,
1537673,-19.0,
1537796,-120.0,17.0
1540042,-29.0,
1541133,-80.0,
1541472,-116.0,
1541906,-116.0,
1547646,-37.0,
1548052,-45.0,
1549107,-85.0,
1551895,-85.0,24.0
1552044,-110.0,
1554143,-12.0,
1558539,-16.0,116.0
1559365,-25.0,-2.0
1559428,-22.0,
1559959,-157.0,-11.0
1559964,-106.0,
1560205,-72.0,37.0
1560989,-89.0,61.0
1561431,-193.0,
1561750,-29.0,
1562320,-127.0,32.0
1563203,-155.0,
1563696,-127.0,
1564630,-24.0,
1564706,-29.0,
1567505,-32.0,
1568828,-99.0,
1569426,-29.0,
1573624,-29.0,
1574398,-11.0,
1576513,-84.0,
1577134,-170.0,
1578222,-23.0,
1580084,-39.0,
1581243,-53.0,
1583847,-31.0,115.0
1584449,-64.0,
1585671,-21.0,
1585768,-39.0,
1587816,-153.0,
1587817,-9.0,132.0
1588208,-52.0,26.0
1588621,-130.0,158.0
1589066,-150.0,
1591013,-96.0,216.0
1591864,-71.0,226.0
1592048,-151.0,9.0
1593442,-18.0,
1593730,-150.0,
1594621,-29.0,
1600062,,-152.0
1601739,-29.0,180.0
1603549,-15.0,
1609002,-109.0,
1610188,-155.0,
1611842,-64.0,
1611973,-27.0,
1612600,-66.0,
1614181,-21.0,
1614808,-102.0,-80.0
1615392,-25.0,
1615575,-35.0,-3.0
1618172,-25.0,
1618738,-95.0,
1619251,-61.0,4.0
1620151,-95.0,
1620593,-51.0,
1621041,-193.0,157.0
1622020,-67.0,220.0
1622944,-24.0,
1623795,-53.0,
1624025,-40.0,116.0
1624443,-158.0,
1624707,-22.0,
1625718,-52.0,
1626021,-94.0,
1626418,-25.0,
1626710,-195.0,
1627017,-22.0,
1627052,-61.0,
1627071,-86.0,
1629444,-38.0,-29.0
1629771,-115.0,
1631797,-101.0,
1632487,-45.0,
1633695,-32.0,
1634278,-170.0,
1636725,-122.0,
1638119,-71.0,
1638425,-72.0,
1638548,-129.0,
1639699,-109.0,
1639743,-154.0,-17.0
1640609,-191.0,
1640680,-93.0,
1640773,-151.0,
1641117,-93.0,
1641344,-102.0,
1644266,-197.0,123.0
1644328,-99.0,54.0
1644568,-81.0,
1644647,-113.0,
1646172,-45.0,
1649896,-144.0,-9.0
1651020,-98.0,132.0
1651198,-150.0,
1656486,-82.0,9.0
1656527,-45.0,75.0
1656979,-35.0,
1658963,-122.0,
1659662,-30.0,
1661490,-102.0,236.0
1661805,-43.0,
1663815,-85.0,
1664171,-114.0,175.0
1664280,-53.0,
1664810,-134.0,0.0
1664920,-12.0,
1667087,-49.0,
1667346,-134.0,
1668372,-89.0,179.0
1668504,-29.0,
1671022,-34.0,
1671208,-47.0,115.0
1671761,-12.0,
1671811,-24.0,
1672690,-24.0,
1673876,-141.0,44.0
1674799,-21.0,
1674804,-24.0,
1676594,-73.0,32.0
1677677,-28.0,
1678014,-136.0,34.0
1678401,-83.0,
1678445,-70.0,
1678617,-63.0,-1.0
1678800,-108.0,
1679610,-36.0,
1679727,-60.0,
1679862,-78.0,
1681946,-22.0,142.0
1683192,-143.0,-59.0
1683692,-21.0,-15.0
1683803,-117.0,
1684787,-163.0,202.0
1686521,-124.0,37.0
1686551,-99.0,108.0
1687996,-199.0,149.0
1689069,-60.0,
1689081,-22.0,
1689639,-154.0,110.0
1689730,-140.0,
1690836,-65.0,
1691815,-11.0,
1692156,-146.0,
1694120,-156.0,
1694780,-107.0,
1695710,-101.0,
1696174,-36.0,
1699264,-78.0,
1699445,-97.0,
1700371,-27.0,
1713615,-51.0,
1715237,-106.0,
1715896,-42.0,
1716492,-151.0,
1719114,-133.0,
1719166,-31.0,4.0
1719566,-15.0,
1720448,-45.0,
1720712,-57.0,
1721270,-136.0,
1721462,-225.0,
1721891,-109.0,
1722493,-45.0,
1723019,-70.0,
1723564,-50.0,
1723749,-29.0,
1725109,-30.0,
1726951,-65.0,
1728437,-81.0,
1729319,-106.0,
1729833,-29.0,
1730611,-58.0,3.0
1730702,-30.0,152.0
1731564,2.0,
1732219,-85.0,
1732956,-17.0,
1733023,-45.0,
1733160,-21.0,
1733664,-155.0,
1734156,-10.0,
1735651,-66.0,
1735653,-214.0,
1738364,-17.0,
1738582,-74.0,
1739026,-68.0,
1741838,-15.0,6.0
1742834,-28.0,
1744800,-18.0,81.0
1744817,-29.0,
1745145,-114.0,68.0
1746134,-30.0,
1747824,-23.0,
1747892,-28.0,
1750405,-17.0,
1752098,-86.0,
1752813,-29.0,
1752834,-8.0,
1752994,-73.0,
1753235,-203.0,163.0
1753458,-106.0,
1753965,-51.0,
1755594,-144.0,
1756165,-160.0,
1756915,-35.0,
1757548,-143.0,
1757561,-122.0,
1757662,-34.0,
1757766,-150.0,
1758449,-198.0,103.0
1759799,-81.0,
1759851,-38.0,40.0
1761013,-34.0,
1762336,-162.0,
1763015,-58.0,-2.0
1763186,-144.0,-143.0
1763378,-73.0,
1763653,-24.0,
1763786,-135.0,
1765045,-93.0,47.0
1765788,-43.0,
1766102,-72.0,
1766303,-24.0,163.0
1766513,-305.0,-184.0
1767786,-21.0,63.0
1768223,-54.0,
1769985,-75.0,124.0
1770733,-22.0,
1771053,-50.0,48.0
1771775,-16.0,
1772429,-59.0,
1773377,-37.0,
1773925,-23.0,-8.0
1774071,-29.0,109.0
1774297,-149.0,
1776925,11.0,
1777223,-134.0,172.0
1777511,-66.0,
1777563,-112.0,
1777834,,
1778145,-52.0,
1780737,-29.0,31.0
1780949,-74.0,
1781804,-156.0,
1781834,-29.0,
1782236,-51.0,
1782581,-136.0,44.0
1782665,-94.0,
1784775,-86.0,
1784816,-41.0,
1786380,-30.0,
1788974,-23.0,
1789199,-102.0,
1789319,-88.0,
1794309,-59.0,-46.0
1796059,-53.0,-7.0
1796402,-29.0,
1797068,-115.0,
1797168,-144.0,
1797614,-3.0,
1799111,-94.0,
1799963,-54.0,62.0
1801229,-106.0,
1801641,-32.0,
1804143,-25.0,156.0
1808407,-67.0,33.0
1808622,-135.0,
1809578,4.0,
1810414,-92.0,
1810759,-84.0,
1811098,-81.0,-29.0
1812797,-22.0,4.0
1813486,-79.0,
1813493,-66.0,
1813664,-18.0,27.0
1813731,-23.0,
1816458,-148.0,
1817515,-114.0,
1817710,-43.0,
1818385,-16.0,
1818673,-44.0,
1818677,-136.0,205.0
1819994,-25.0,-15.0
1821249,-16.0,168.0
1822731,-45.0,
1824428,-102.0,-66.0
1826729,-99.0,
1826819,-38.0,
1827650,-99.0,
1828078,-73.0,
1828112,-53.0,40.0
1828753,-29.0,
1829051,-155.0,-94.0
1829654,-81.0,
1830562,-42.0,
1830666,-115.0,
1832218,-44.0,
1832492,-71.0,
1833107,-140.0,
1833308,-148.0,-130.0
1835389,-135.0,
1835411,-73.0,
1836241,-22.0,
1836988,-14.0,179.0
1837015,-83.0,
1837138,-147.0,
1839012,-24.0,
1839181,-51.0,
1839386,-67.0,34.0
1839785,-48.0,27.0
1840034,-24.0,
1840610,-109.0,-81.0
1841267,-170.0,104.0
1841303,-36.0,122.0
1841753,-115.0,-19.0
1841850,-74.0,16.0
1843026,-57.0,
1843123,-29.0,
1843355,-60.0,157.0
1844150,-30.0,
1845093,-15.0,161.0
1846751,-22.0,
1847146,-34.0,
1847481,-37.0,
1847830,-164.0,
1848820,-34.0,141.0
1850818,-63.0,
1851108,-1.0,
1852968,-32.0,
1855249,-46.0,-31.0
1855583,-103.0,
1856869,-149.0,
1858523,-116.0,206.0
1859038,-1.0,
1859407,-129.0,2.0
1860171,-45.0,
1860318,-53.0,
1861445,-9.0,
1861793,-63.0,
1861830,-61.0,
1863244,-28.0,
1863564,-275.0,-248.0
1864086,-24.0,
1864697,-156.0,
1866233,-125.0,157.0
1866742,-65.0,86.0
1867563,-22.0,115.0
1868389,-115.0,
1870830,-28.0,
1871306,-113.0,5.0
1871598,-106.0,
1871684,-50.0,
1873360,-29.0,-3.0
1873505,-38.0,
1874160,-23.0,
1874363,-70.0,
1874403,-94.0,28.0
1874935,-38.0,
1875728,-23.0,
1876461,-129.0,20.0
1876636,-84.0,
1877015,-240.0,62.0
1877634,-74.0,
1877732,-113.0,32.0
1877902,-150.0,
1878160,-68.0,-52.0
1878648,-31.0,
1878918,-30.0,
1879272,-95.0,65.0
1879321,-25.0,
1879751,-29.0,
1881041,-46.0,-35.0
1881062,-126.0,
1881231,-22.0,
1882021,-10.0,
1882255,-15.0,
1884024,-96.0,
1886295,-95.0,
1887108,-87.0,
1887928,-192.0,
1888343,-115.0,
1888723,-116.0,-18.0
1889511,-42.0,
1889565,-29.0,
1889577,-81.0,
1889752,-59.0,
1890660,4.0,
1891028,-45.0,
1891323,-12.0,
1891977,-144.0,-62.0
1892879,-185.0,
1894188,-57.0,
1894419,-29.0,211.0
1894634,-24.0,
1895288,-42.0,
1895399,-115.0,-68.0
1896088,-53.0,157.0
1896915,-64.0,
1897054,-22.0,
1897611,-17.0,
1901165,-52.0,9.0
1901764,-35.0,95.0
1902240,-116.0,
1902283,-29.0,10.0
1903095,-35.0,
1903131,-38.0,80.0
1903477,-192.0,
1903527,-24.0,
1903677,-129.0,
1904710,-77.0,46.0
1904916,-93.0,
1905259,-83.0,
1906003,-123.0,
1906919,-20.0,
1907755,-34.0,
1908526,-28.0,
1910049,-67.0,
1910111,-32.0,-29.0
1910175,-66.0,
1910737,-67.0,
1911513,-17.0,
1912438,10.0,
1913166,-144.0,
1913435,-16.0,
1913872,-73.0,122.0
1915408,-123.0,
1915795,-70.0,
1915824,-22.0,
1916140,-51.0,
1917311,-25.0,
1917335,-171.0,
1917796,-21.0,
1917808,-2.0,170.0
1919240,-186.0,
1919940,-24.0,
1922200,-85.0,
1922497,-28.0,32.0
1923618,-99.0,
1924641,-29.0,
1925789,-154.0,
1926542,-101.0,
1926668,-155.0,
1928536,-32.0,156.0
1928947,-162.0,
1929219,-58.0,-51.0
1929491,-70.0,-12.0
1930019,-94.0,
1930146,-17.0,
1930254,-42.0,
1930367,-42.0,
1930644,-185.0,
1930949,-22.0,
1931370,-24.0,0.0
1931810,-141.0,
1932474,-79.0,
1932526,-67.0,34.0
1933534,-61.0,
1933555,-211.0,0.0
1934047,-128.0,-17.0
1934118,-127.0,
1934810,-199.0,
1935155,-32.0,
1935487,-10.0,119.0
1935735,4.0,
1935774,-72.0,11.0
1936285,-7.0,
1936679,-49.0,
1936935,-46.0,-5.0
1937511,-45.0,16.0
1937822,-53.0,
1937864,-16.0,
1938024,-71.0,-54.0
1938355,-102.0,
1939179,-44.0,
1939193,-92.0,
1939695,-52.0,
1941149,-67.0,-30.0
1941248,-141.0,
1942396,-29.0,
1942491,-128.0,
1942870,-78.0,
1942999,-28.0,111.0
1943214,-49.0,172.0
1943681,-95.0,96.0
1944130,-59.0,
1944167,-58.0,
1945240,-23.0,
1945434,-68.0,
1945945,-17.0,
1946308,-57.0,
1947156,-109.0,
1947911,-45.0,208.0
1948159,-38.0,102.0
1949484,-28.0,
1950911,-10.0,
1950923,-149.0,
1951080,-73.0,178.0
1951127,-114.0,
1951139,-25.0,
1951727,-23.0,
1951925,-45.0,
1953275,-144.0,-143.0
1953764,-31.0,
1954147,-45.0,
1954230,-129.0,
1955634,-66.0,
1957682,-24.0,
1957728,-203.0,
1958121,-36.0,
1960479,-44.0,
1961652,-103.0,52.0
1961938,2.0,
1962049,-67.0,
1962062,-21.0,
1962128,-32.0,93.0
1962854,-22.0,139.0
1963287,-53.0,
1963677,-17.0,
1966591,-23.0,
1966597,-71.0,237.0
1967783,-129.0,
1967937,-32.0,
1968757,-23.0,
1969081,-95.0,3.0
1969407,-22.0,
1969985,-37.0,
1970390,-108.0,240.0
1971393,-89.0,
1972092,-126.0,
1972368,-42.0,-32.0
1972832,-42.0,
1974271,-94.0,
1975209,-74.0,
1976004,-84.0,-8.0
1976139,-195.0,
1976350,-15.0,
1977701,-34.0,
1978492,-53.0,-9.0
1980822,-106.0,
1981053,-22.0,174.0
1982166,-58.0,
1982833,-38.0,
1982845,-16.0,
1983331,-135.0,-12.0
1983921,-30.0,
1984169,-64.0,54.0
1986081,-28.0,72.0
1986180,-29.0,
1986312,-10.0,88.0
1986370,-27.0,152.0
1986974,-102.0,-53.0
1988213,-24.0,0.0
1989014,-51.0,
1990127,-78.0,
1990650,-84.0,
1991049,-67.0,3.0
1991399,-37.0,
1991903,-182.0,
1992145,-84.0,
1993672,-21.0,167.0
1993905,-49.0,
1993955,-15.0,
1994385,-119.0,30.0
1994454,-114.0,9.0
1994610,-25.0,113.0
1994632,-140.0,
1995177,-53.0,
1995239,-60.0,
1995532,-31.0,
1996746,-86.0,2.0
1997164,-16.0,
1997796,-22.0,
1998790,-51.0,
1998834,-78.0,
1999952,-34.0,
2000491,-65.0,
2001102,-24.0,144.0
2001461,-4.0,
2001665,-263.0,
2001687,-29.0,
2002046,-15.0,
2002057,-25.0,
2002415,-151.0,
2002664,-89.0,
2002727,-24.0,59.0
2003628,-29.0,12.0
2004143,-129.0,
2004220,-78.0,
2006283,-22.0,
2006364,-115.0,
2006894,-36.0,
2008262,-137.0,72.0
2008795,-136.0,
2009239,-56.0,
2009279,-17.0,24.0
2009558,-193.0,-4.0
2010232,-7.0,
2010245,-53.0,
2011327,-24.0,10.0
2011876,-32.0,
2012900,-24.0,87.0
2012966,-102.0,
2013403,-60.0,
2014252,-51.0,212.0
2016517,-29.0,
2017487,-17.0,
2019837,-29.0,96.0
2019921,-29.0,
2020628,-64.0,
2020916,-72.0,
2022750,-107.0,32.0
2022801,-30.0,3.0
2023366,-16.0,
2023561,-44.0,224.0
2024200,-137.0,
2024838,-122.0,51.0
2025233,-68.0,
2025354,-45.0,
2025589,-140.0,
2026075,-114.0,158.0
2026585,-29.0,
2028388,-94.0,
2028474,-29.0,
2028523,-31.0,164.0
2029037,-171.0,
2029571,-28.0,170.0
2030117,-22.0,68.0
2030241,-32.0,-22.0
2031234,-128.0,-21.0
2031252,-151.0,
2032057,-37.0,
2032058,-60.0,67.0
2032882,-100.0,193.0
2033951,-42.0,
2034000,-94.0,-24.0
2034300,-91.0,
2034350,-60.0,45.0
2034455,-115.0,-7.0
2034533,-172.0,
2034802,-63.0,
2035022,-22.0,
2035574,-8.0,
2035700,-163.0,
2036685,-98.0,
2036893,-120.0,86.0
2037479,-57.0,144.0
2038885,-64.0,11.0
2039190,-205.0,
2039810,-37.0,151.0
2041743,-22.0,-5.0
2043916,-115.0,55.0
2043939,-32.0,
2044036,-108.0,
2044299,-24.0,115.0
2045084,-52.0,
2045139,-57.0,138.0
2045440,-97.0,
2045569,-32.0,67.0
2045818,-28.0,
2046324,-4.0,
2046628,-150.0,23.0
2047421,-109.0,
2047575,-98.0,
2048119,-102.0,-65.0
2049668,-221.0,
2049740,-57.0,
2050179,-37.0,
2050998,-150.0,86.0
2051035,-24.0,
2051699,-137.0,
2051809,-108.0,-11.0
2052942,-29.0,
2052966,-135.0,-11.0
2053381,-28.0,
2053521,-101.0,
2054019,-15.0,
2055321,-22.0,
2055671,-162.0,76.0
2056416,-66.0,
2056486,-137.0,
2056643,-32.0,
2056947,-30.0,
2057105,-58.0,
2057803,-53.0,
2057959,-84.0,
2058815,-128.0,193.0
2060467,-16.0,
2061889,-45.0,
2062879,-74.0,
2062995,-78.0,
2063436,-65.0,4.0
2063578,-52.0,
2064873,-54.0,
2065691,-16.0,138.0
2065756,-30.0,
2065972,-18.0,
2066504,-45.0,67.0
2067146,-23.0,
2067377,-29.0,
2067555,-25.0,
2067799,-29.0,
2067969,-10.0,
2068627,-53.0,31.0
2068918,-71.0,88.0
2070517,-77.0,
2071595,-45.0,
2071670,-128.0,-94.0
2072166,-63.0,208.0
2072671,-21.0,
2073016,-65.0,173.0
2074627,-17.0,
2075158,-109.0,-20.0
2075264,-100.0,-22.0
2075945,-162.0,
2076177,-24.0,39.0
2077023,-54.0,
2078353,-25.0,
2078479,-66.0,
2078768,-30.0,
2080340,-28.0,
2080474,-123.0,
2080539,-22.0,
2080885,-64.0,
2080916,-88.0,110.0
2081123,-17.0,
2081937,-57.0,
2081955,-32.0,
2082180,-67.0,115.0
2082318,-171.0,-72.0
2082945,-17.0,
2083576,-32.0,
2083701,-85.0,
2083877,-45.0,
2084066,-148.0,
2084711,-114.0,
2085209,-59.0,
2086400,-79.0,
2087100,-67.0,
2087182,-52.0,
2087698,-74.0,
2087747,-81.0,
2088765,-64.0,
2088982,-29.0,181.0
2089582,-37.0,
2090053,-53.0,
2091096,-39.0,
2091193,-121.0,
2091230,-52.0,
2091387,-78.0,
2092834,-57.0,
2093092,-59.0,-12.0
2093150,-79.0,
2094350,-29.0,
2094546,-22.0,111.0
2094849,-144.0,159.0
2095379,-28.0,
2095576,-52.0,
2096251,-22.0,
2096918,-186.0,16.0
2097046,-44.0,
2097916,-65.0,
2098108,-37.0,
2098405,-109.0,
2101566,-17.0,59.0
2102658,,
2103305,-16.0,122.0
2103552,-17.0,216.0
2104123,-42.0,
2104426,-52.0,
2104505,-65.0,
2104819,-25.0,80.0
2105230,-52.0,
2106468,-126.0,-86.0
2106955,-28.0,
2107747,-25.0,104.0
2108614,-50.0,
2108821,-29.0,
2108914,-43.0,12.0
2109013,-131.0,176.0
2109119,-31.0,
2110039,-24.0,53.0
2111015,-22.0,
2111313,-29.0,
2111666,-9.0,128.0
2112088,-56.0,
2112291,-29.0,
2112670,-140.0,158.0
2113446,-150.0,-17.0
2113778,-28.0,29.0
2114529,-69.0,226.0
2115250,-17.0,
2115680,-65.0,2.0
2115711,-58.0,
2122180,-35.0,
2126013,-24.0,142.0
2127889,-43.0,
2128283,-144.0,-134.0
2128304,-67.0,
2131008,-22.0,
2131908,-81.0,
2132811,-60.0,
2132966,-28.0,
2133207,-108.0,
2133234,-73.0,69.0
2133242,-27.0,226.0
2134237,-94.0,
2134304,-66.0,
2134578,-70.0,164.0
2135315,-79.0,
2137171,-35.0,
2137413,-101.0,
2137697,-77.0,-11.0
2137785,-15.0,
2138146,-129.0,
2138904,-25.0,9.0
2138970,-32.0,
2139037,-52.0,
2139273,-60.0,-24.0
2139353,-59.0,163.0
2140087,-65.0,
2140300,-66.0,
2140311,-12.0,
2140444,-53.0,
2141085,-24.0,
2141506,-115.0,37.0
2142055,-22.0,
2142243,-136.0,
2142516,-50.0,
2142579,-45.0,
2142662,-24.0,16.0
2142853,-65.0,
2143065,-87.0,
2143312,-35.0,
2143440,-135.0,
2143739,-29.0,
2143752,-46.0,
2143922,-129.0,
2145101,-109.0,-51.0
2145940,-44.0,
2146013,-133.0,-130.0
2146277,-113.0,
2146792,-59.0,
2146936,-60.0,
2147620,-131.0,
2147687,-148.0,
2147713,-165.0,
2147889,-50.0,15.0
2147929,-106.0,
2148297,-51.0,-10.0
2148540,-43.0,
2148681,-102.0,
2148859,-36.0,
2149225,-36.0,10.0
2149324,-155.0,12.0
2149487,-102.0,
2149701,-88.0,26.0
2149735,-32.0,
2150849,-95.0,156.0
2151019,-51.0,
2151748,-133.0,31.0
2152928,-38.0,
2153026,-108.0,102.0
2153153,-49.0,
2153200,-28.0,
2154220,-41.0,158.0
2154361,-65.0,
2155014,-32.0,
2155857,-147.0,
2156058,-123.0,
2156172,-186.0,226.0
2156514,-184.0,
2156733,-113.0,72.0
2157412,-24.0,
2158048,-8.0,55.0
2158196,-115.0,12.0
2158399,-28.0,
2159336,-45.0,12.0
2159868,-34.0,
2160316,-147.0,
2160453,-195.0,
2161710,-23.0,178.0
2162388,-36.0,
2162410,-32.0,
2164251,-34.0,
2164266,-22.0,
2164705,-43.0,
2164944,-71.0,
2165164,-86.0,
2166000,-128.0,139.0
2168833,-53.0,146.0
2169127,-15.0,-12.0
2170320,-141.0,
2171264,-85.0,
2171627,-50.0,
2171834,-84.0,
2172136,-29.0,
2172163,-29.0,
2172709,-112.0,
2173572,-111.0,
2173643,-35.0,
2173688,-123.0,
2173721,-25.0,
2174129,-66.0,
2174835,-63.0,
2175266,-53.0,144.0
2176759,-28.0,
2177423,-147.0,69.0
2177720,-29.0,
2177871,-45.0,
2178466,-28.0,
2178686,-142.0,
2178837,-32.0,
2178929,-21.0,
2179304,-155.0,165.0
2180090,-22.0,
2180710,-56.0,
2180994,-142.0,
2181205,-103.0,
2181700,-37.0,
2182255,-80.0,
2182293,-99.0,
2182333,-31.0,
2182846,-113.0,
2184026,-19.0,12.0
2185729,-4.0,
2186992,-66.0,
2187146,-45.0,
2187308,-59.0,
2187422,-29.0,
2187588,-46.0,76.0
2188084,-46.0,
2188469,-57.0,
2188680,-1.0,16.0
2189002,-18.0,
2189620,-93.0,
2191588,-171.0,
2191819,-101.0,2.0
2192061,-84.0,
2192113,-31.0,153.0
2193185,-94.0,
2193231,-128.0,
2194100,-108.0,
2194777,-183.0,-24.0
2195318,-93.0,
2195445,-21.0,
2195479,-112.0,121.0
2195853,-196.0,
2195971,-86.0,
2196054,-53.0,
2196923,-67.0,
2197016,-35.0,
2197175,-148.0,
2197511,-22.0,
2197766,-115.0,
2198356,-32.0,-5.0
2198914,-17.0,
2198952,-35.0,
2198970,-113.0,152.0
2199455,-29.0,
2201235,-162.0,
2202076,-185.0,
2203216,-9.0,125.0
2204293,-112.0,
2204389,-18.0,
2204941,-45.0,153.0
2205383,-211.0,
2205559,-28.0,164.0
2207474,-29.0,
2207874,-108.0,
2208424,-66.0,
2209728,-72.0,
2209846,-21.0,16.0
2210318,-8.0,
2210666,-114.0,
2210681,-38.0,0.0
2210989,-28.0,
2211448,-52.0,
2211630,-49.0,65.0
2211797,-29.0,
2213424,-115.0,
2213814,-52.0,125.0
2213982,-151.0,42.0
2214589,-120.0,6.0
2214631,-4.0,
2214722,-23.0,206.0
2215898,-169.0,
2216178,-14.0,
2216442,-23.0,24.0
2216682,-35.0,
2216778,-23.0,
2218693,-36.0,
2218789,-85.0,11.0
2221654,-50.0,
2221869,-72.0,83.0
2222615,-61.0,
2223401,-16.0,107.0
2224174,-30.0,
2225190,-65.0,
2226202,5.0,
2226301,-43.0,
2226620,-37.0,
2227004,-88.0,109.0
2227568,-143.0,
2227786,-22.0,
2228010,-36.0,
2228206,-29.0,139.0
2228601,-35.0,
2229389,-53.0,
2229583,-267.0,-9.0
2229783,-35.0,
2229785,-22.0,27.0
2229865,-116.0,
2230251,-31.0,
2230407,-95.0,102.0
2230457,-89.0,115.0
2231018,-80.0,
2231512,-122.0,
2231614,-22.0,
2231810,-60.0,
2231961,-30.0,
2232218,-21.0,172.0
2232340,-112.0,
2232976,-71.0,177.0
2235019,-160.0,
2236538,-65.0,
2236738,-42.0,
2237223,-30.0,
2237567,-92.0,209.0
2237783,-144.0,-143.0
2237813,-8.0,
2238019,-132.0,
2238148,-108.0,
2238424,-31.0,93.0
2238679,-107.0,
2238904,-45.0,
2239140,-167.0,
2239539,-87.0,-16.0
2239650,-202.0,
2239746,-149.0,
2239766,-130.0,-5.0
2239848,-268.0,
2239862,-126.0,-43.0
2240349,-108.0,
2241036,-40.0,
2241250,-72.0,
2242067,-105.0,
2242290,-94.0,
2242383,-50.0,25.0
2242595,-23.0,
2242732,-29.0,
2243505,-149.0,
2243551,-51.0,
2243703,-35.0,
2244214,-46.0,34.0
2244285,-128.0,
2244332,-51.0,
2244724,-22.0,
2245011,-21.0,20.0
2246073,-120.0,
2246708,-87.0,-7.0
2247222,-17.0,
2248072,-37.0,
2248122,-24.0,
2248243,-67.0,
2248715,-81.0,
2248779,-22.0,
2248789,-38.0,
2249143,-22.0,
2249372,-43.0,
2250842,-144.0,
2251500,-53.0,
2252437,-99.0,
2252750,-98.0,
2252765,-35.0,
2252905,-106.0,
2252963,-65.0,
2253576,-113.0,
2254252,-65.0,
2254271,-101.0,
2254619,-100.0,
2254637,-28.0,
2255516,-67.0,
2255601,-28.0,175.0
2256134,-43.0,80.0
2256318,-78.0,0.0
2257112,-169.0,
2257400,-23.0,
2257740,-38.0,
2257853,-154.0,
2258124,-99.0,
2258228,-23.0,
2259662,-46.0,
2260861,-64.0,
2261138,-164.0,66.0
2261142,-21.0,
2262510,-17.0,
2262671,-74.0,
2263129,-30.0,
2264054,-29.0,
2264282,-17.0,191.0
2264569,-84.0,130.0
2265234,-42.0,11.0
2265419,-129.0,206.0
2265935,-21.0,216.0
2266377,-115.0,
2266650,-28.0,
2266889,-10.0,
2267712,-142.0,
2268049,-46.0,163.0
2268069,-21.0,-5.0
2268379,-74.0,
2268380,-102.0,
2269148,-32.0,123.0
2269480,-15.0,
2269561,-93.0,
2270562,-28.0,
2270880,-21.0,
2271264,-25.0,
2271644,-10.0,
2271743,-31.0,5.0
2271766,-23.0,
2272023,-155.0,135.0
2272474,-15.0,
2272630,-84.0,3.0
2272874,-94.0,
2273119,-44.0,135.0
2273256,-52.0,93.0
2273828,-8.0,215.0
2274542,-50.0,
2274929,-15.0,32.0
2274938,-30.0,
2276854,-161.0,12.0
2276893,-49.0,0.0
2277009,-135.0,
2277857,-119.0,
2277941,-36.0,183.0
2278095,-53.0,
2278101,-38.0,
2278390,-45.0,
2278464,-129.0,
2279403,-43.0,
2279449,-74.0,
2279538,-65.0,
2280038,-81.0,
2280314,-67.0,
2280643,-38.0,
2280739,-45.0,
2281286,-30.0,
2281292,-16.0,
2281441,-20.0,
2281483,-25.0,
2281870,-148.0,44.0
2282040,-63.0,
2282129,-31.0,
2282141,-32.0,62.0
2282620,-22.0,
2283212,-81.0,-63.0
2283708,-136.0,62.0
2284294,-98.0,
2284583,-22.0,
2285017,-64.0,-29.0
2285156,-101.0,
2285405,-107.0,
2285527,-35.0,
2286312,-29.0,
2286544,-17.0,
2286574,-60.0,
2287671,-36.0,27.0
2288454,-22.0,
2288493,,-2.0
2288599,-109.0,97.0
2288607,-55.0,
2289032,-102.0,
2289071,-25.0,
2289145,-25.0,
2289847,-36.0,
2290090,-65.0,
2290267,-67.0,
2290604,-81.0,
2290883,-38.0,
2290886,-10.0,
2291034,-109.0,-24.0
2291598,-89.0,
2291760,-36.0,
2292047,-38.0,0.0
2292724,-65.0,
2292824,-140.0,-1.0
2293443,-19.0,
2293511,-51.0,
2293923,-85.0,
2294490,-102.0,
2295254,-68.0,-61.0
2296163,-63.0,
2296716,-39.0,
2296749,-109.0,
2296908,-43.0,0.0
2297016,-23.0,
2297770,-79.0,12.0
2297896,-59.0,
2298106,-45.0,
2298316,-42.0,22.0
2298402,-44.0,-8.0
2298696,-122.0,-21.0
2298895,-130.0,
2299338,-18.0,
2299682,-30.0,96.0
2299745,-44.0,
2299808,-27.0,
2300911,-109.0,142.0
2300913,-52.0,
2301111,-12.0,46.0
2301511,-11.0,
2301830,-84.0,
2302925,-122.0,97.0
2303034,-24.0,
2303083,-104.0,
2303413,-34.0,
2303848,-73.0,62.0
2304417,-87.0,
2305237,-87.0,-47.0
2305957,-73.0,96.0
2306016,-67.0,
2306410,-147.0,
2306519,-1.0,
2307237,-99.0,
2308026,-12.0,
2308528,-93.0,
2308564,-22.0,
2310615,-30.0,
2311714,-108.0,
2312279,-91.0,
2312620,-45.0,178.0
2312783,-37.0,
2312809,-22.0,
2313257,-101.0,-16.0
2313615,-94.0,-67.0
2314761,-155.0,80.0
2315082,-76.0,79.0
2316201,-91.0,
2316717,-64.0,123.0
2317273,-52.0,
2317337,-64.0,33.0
2318055,-56.0,-19.0
2318161,-102.0,
2318590,-25.0,151.0
2318763,-149.0,
2320306,-190.0,
2321492,-102.0,7.0
2321660,-86.0,
2321898,-72.0,
2322046,-51.0,66.0
2322120,-40.0,
2322342,-86.0,
2322813,-109.0,52.0
2323944,-185.0,
2324976,-101.0,-50.0
2325606,-151.0,37.0
2326041,-22.0,240.0
2326401,-14.0,123.0
2326475,-21.0,
2326597,-176.0,
2327045,-35.0,
2327072,-71.0,
2327472,-36.0,
2327494,-55.0,
2327710,-7.0,38.0
2328759,-98.0,168.0
2329342,-56.0,
2329539,-44.0,33.0
2330254,-153.0,
2330534,-30.0,
2331750,-30.0,
2332060,-53.0,
2332934,-58.0,
2333156,-23.0,
2333244,-17.0,179.0
2333415,-44.0,
2334319,-28.0,
2334930,-130.0,
2336550,-30.0,
2336654,-42.0,
2336922,-63.0,40.0
2337362,-45.0,
2337441,-86.0,
2337889,-148.0,
2337919,-36.0,3.0
2338255,-78.0,
2338290,-128.0,191.0
2338422,-23.0,
2338535,-38.0,60.0
2338586,-22.0,
2338614,-23.0,58.0
2339150,-57.0,
2339267,-63.0,
2339333,-35.0,
2339528,-57.0,
2339789,-44.0,
2340165,-81.0,
2340190,-16.0,
2340230,-91.0,
2340746,-109.0,
2340786,-50.0,
2341415,-98.0,
2341420,-101.0,
2341830,-151.0,
2341839,-170.0,38.0
2342045,-38.0,44.0
2342238,-45.0,74.0
2342399,-74.0,
2342426,-38.0,
2343293,-58.0,
2343337,-31.0,
2343354,-28.0,
2343413,-28.0,
2343785,-102.0,
2343809,-68.0,10.0
2344216,-91.0,12.0
2344901,-24.0,
2344957,-53.0,
2345307,-130.0,12.0
2345438,-23.0,
2345751,-154.0,
2345900,-29.0,
2346025,-71.0,
2346145,-38.0,
2346679,-44.0,
2347802,-21.0,
2348111,-51.0,
2348120,-289.0,66.0
2348143,-150.0,-85.0
2348961,-34.0,
2349805,-11.0,
2349825,-161.0,150.0
2349926,-49.0,
2350300,-58.0,
2351235,-27.0,201.0
2351589,-36.0,
2351969,-106.0,
2352039,-161.0,20.0
2352280,-12.0,
2352407,-50.0,
2353764,-59.0,
2353766,-11.0,74.0
2353787,-86.0,-7.0
2354732,-50.0,
2355214,-78.0,
2355274,-71.0,
2355470,-115.0,
2355555,-134.0,
2355701,-28.0,67.0
2355744,-175.0,-93.0
2356049,-108.0,5.0
2356196,-15.0,
2356318,-7.0,
2356801,-142.0,
2356809,5.0,
2357019,-86.0,
2357168,-78.0,10.0
2357372,-84.0,-44.0
2357629,-7.0,
2357806,-128.0,73.0
2358056,-102.0,
2358258,-21.0,
2358423,-88.0,
2358707,-134.0,
2358969,-53.0,58.0
2359191,-63.0,
2359504,-25.0,
2360071,-123.0,87.0
2360322,-30.0,
2360559,-17.0,
2361633,-129.0,
2362169,-30.0,
2363168,-136.0,
2363561,-43.0,-4.0
2363863,-155.0,
2363875,-53.0,
2364160,-43.0,
2364471,-80.0,
2364565,-65.0,
2364637,-22.0,
2364905,-74.0,
2365009,-79.0,10.0
2365101,-129.0,-80.0
2365438,-203.0,
2365602,-35.0,
2366024,-37.0,
2366070,-21.0,31.0
2366117,-28.0,
2366574,-163.0,-77.0
2366656,-67.0,
2366701,-31.0,-8.0
2367058,-151.0,86.0
2367155,-22.0,
2367887,-23.0,53.0
2369187,-142.0,
2369266,-94.0,
2369415,-64.0,
2369962,-45.0,-39.0
2371311,-88.0,
2371481,,-53.0
2372088,-52.0,25.0
2372573,-155.0,8.0
2372788,-99.0,
2373245,-53.0,
2373648,-119.0,54.0
2374002,-150.0,
2374051,-55.0,
2374376,-25.0,-15.0
2374404,-14.0,
2375123,-21.0,177.0
2375144,-86.0,82.0
2375259,-39.0,33.0
2375526,-12.0,
2375627,-30.0,149.0
2375759,-59.0,
2375975,-53.0,
2376496,-185.0,
2376512,-21.0,
2376628,-143.0,
2376717,-109.0,9.0
2377567,-24.0,
2377623,-184.0,
2377769,-50.0,
2378208,-9.0,
2378591,-113.0,
2379431,-51.0,
2379512,-30.0,
2380539,-248.0,
2380602,-63.0,-5.0
2381745,-178.0,153.0
2381845,-28.0,
2382048,-52.0,
2382253,-143.0,
2382965,-45.0,0.0
2383036,-123.0,
2383103,-53.0,0.0
2383169,-56.0,-30.0
2383307,-27.0,
2383780,-52.0,
2383921,-25.0,
2383983,-63.0,
2384615,-185.0,-178.0
2384666,-121.0,107.0
2384687,-92.0,44.0
2384819,-19.0,
2385665,-22.0,
2386281,-53.0,
2386732,-28.0,
2386867,3.0,121.0
2387054,-49.0,
2387566,-123.0,
2387725,-29.0,130.0
2388030,-45.0,
2388492,-25.0,-2.0
2388623,-51.0,
2389267,-36.0,
2389754,-31.0,
2389837,-15.0,9.0
2390117,-83.0,
2390547,-58.0,93.0
2391004,-24.0,
2391303,10.0,
2391689,-101.0,
2391984,-101.0,242.0
2392327,-105.0,
2392554,-8.0,
2392789,-32.0,
2392824,-60.0,
2393230,-116.0,
2393261,-59.0,
2393945,-120.0,
2394090,-88.0,-47.0
2394212,-253.0,-22.0
2394352,-37.0,95.0
2394741,-88.0,
2395016,-150.0,44.0
2395222,-45.0,
2395505,-137.0,-79.0
2395804,-65.0,
2396381,-50.0,
2396471,-147.0,
2396643,-79.0,
2396786,-4.0,
2396985,-35.0,
2397661,-29.0,
2398169,-32.0,
2398260,-38.0,
2398313,-42.0,
2399361,-115.0,-19.0
2399380,-39.0,12.0
2399758,-23.0,
2399951,-73.0,
2400764,-21.0,
2400851,-31.0,
2401304,-48.0,
2403701,-101.0,
2404408,-17.0,
2404530,-39.0,
2405801,-23.0,38.0
2405934,-49.0,
2406709,-24.0,
2407594,-44.0,
2407762,-50.0,
2408307,-43.0,
2408651,-134.0,-47.0
2409396,-38.0,28.0
2409808,,-109.0
2410140,-17.0,220.0
2410331,-52.0,-5.0
2410364,-51.0,-36.0
2410459,-29.0,
2410519,-123.0,
2410544,-17.0,
2410609,-102.0,
2410632,-22.0,
2410687,-59.0,20.0
2411595,-24.0,
2411661,-17.0,
2411773,-38.0,
2411778,-35.0,220.0
2411981,-142.0,30.0
2412002,-38.0,
2412152,-46.0,
2412967,-73.0,
2413037,-114.0,167.0
2413191,-49.0,
2413895,-39.0,
2414552,-108.0,30.0
2414945,-36.0,
2414973,-17.0,
2415414,-14.0,
2415436,-148.0,
2415480,-17.0,
2415526,-31.0,
2415962,-50.0,18.0
2416024,-198.0,
2416424,-78.0,
2416501,-23.0,
2416774,-60.0,
2417433,-116.0,177.0
2417702,-23.0,
2417841,-32.0,-7.0
2417975,-28.0,
2418045,-126.0,
2418277,-37.0,
2418580,-25.0,
2418732,-31.0,
2418877,-85.0,89.0
2419081,-129.0,24.0
2419115,-137.0,
2419926,-42.0,
2420364,-38.0,
2420725,-31.0,
2420909,-2.0,
2421428,-136.0,-79.0
2421609,-60.0,
2421929,1.0,
2421961,-70.0,
2422258,-107.0,-99.0
2422639,-16.0,33.0
2423002,-80.0,
2423078,-126.0,89.0
2423655,-30.0,
2424257,-88.0,
2424697,-65.0,12.0
2424750,-28.0,
2425156,-36.0,
2425333,-123.0,
2425726,-112.0,80.0
2425993,-16.0,
2426332,-73.0,
2426442,-70.0,60.0
2426864,-39.0,
2427845,-46.0,
2427886,-126.0,
2428341,-49.0,
2429854,-52.0,114.0
2430070,-37.0,
2430405,-37.0,
2432551,-35.0,
2432655,-41.0,
2432796,-59.0,
2433069,-66.0,
2433216,-45.0,
2433221,-254.0,
2434017,-36.0,94.0
2434159,-31.0,
2434339,-25.0,
2434369,-72.0,
2434666,-22.0,
2435050,-148.0,-117.0
2435726,-31.0,
2435795,-32.0,
2435965,-55.0,222.0
2436089,-59.0,
2436400,-82.0,7.0
2436584,-143.0,-17.0
2436707,-18.0,
2436711,-122.0,
2436812,-51.0,
2436873,-107.0,67.0
2437051,-42.0,62.0
2437062,-41.0,-26.0
2437065,-44.0,
2437428,-158.0,
2437591,-67.0,34.0
2437837,-53.0,
2437930,-172.0,
2438291,-102.0,-93.0
2438784,-100.0,
2439201,-86.0,
2439239,-28.0,
2439442,,-149.0
2440133,-142.0,-91.0
2440301,-85.0,
2440756,-94.0,
2441910,-86.0,
2442423,-16.0,
2442685,-80.0,
2443165,-23.0,12.0
2444088,-16.0,
2444102,-161.0,-4.0
2444109,-25.0,81.0
2444501,-60.0,200.0
2444632,-29.0,
2444641,-45.0,
2444703,-94.0,
2444705,-51.0,
2445016,-191.0,-65.0
2445085,-74.0,
2445088,-24.0,142.0
2445410,-28.0,
2445562,-34.0,
2445949,-53.0,
2446109,-53.0,
2446144,-50.0,
2446599,-52.0,
2446694,-30.0,
2446778,-39.0,26.0
2446784,-86.0,-19.0
2447469,-141.0,7.0
2447528,-66.0,
2448082,-86.0,
2448699,-21.0,
2449399,-154.0,
2449490,-112.0,65.0
2449737,-53.0,97.0
2449819,-144.0,
2449878,-32.0,
2450600,-64.0,
2450650,-74.0,
2451003,-136.0,
2451269,-25.0,
2451523,-77.0,
2451672,-24.0,
2451726,-29.0,
2452045,-21.0,
2452111,-14.0,146.0
2452289,-102.0,
2452606,-79.0,
2452902,-148.0,94.0
2453657,-83.0,
2453691,-95.0,
2454119,-25.0,32.0
2454351,-155.0,5.0
2454653,-108.0,
2454878,-149.0,
2454933,-44.0,
2455066,-16.0,
2455578,-4.0,
2455893,-29.0,
2456387,-67.0,158.0
2456431,-70.0,
2456480,-71.0,
2456612,-58.0,
2457147,-24.0,
2457256,-50.0,
2457440,-22.0,
2457907,-37.0,
2458203,-150.0,
2458355,-81.0,
2458925,-63.0,
2458984,-78.0,
2459051,-60.0,
2459279,-127.0,
2459292,-29.0,
2459418,-135.0,
2459878,-25.0,
2460002,-30.0,
2460080,-52.0,
2460752,-79.0,
2460775,-29.0,
2461190,-11.0,
2461936,-43.0,
2462281,-114.0,-21.0
2462576,-122.0,
2462584,-59.0,
2462607,-79.0,
2462628,-107.0,
2462862,-30.0,167.0
2463213,-148.0,
2463282,-141.0,93.0
2463950,-144.0,
2464118,-81.0,
2464386,-81.0,
2464683,-67.0,
2464727,-85.0,-80.0
2464901,-35.0,12.0
2464917,-67.0,
2464963,-3.0,
2465105,-31.0,
2465186,-22.0,
2465209,-46.0,37.0
2465589,-30.0,
2465876,-21.0,
2466123,-30.0,125.0
2467267,-59.0,
2468232,-101.0,228.0
2468280,-170.0,
2468706,-32.0,
2469321,-60.0,
2469673,-22.0,
2469688,-113.0,
2470326,-16.0,
2470672,-21.0,
2470694,-106.0,219.0
2471283,-21.0,
2471302,-108.0,-39.0
2471673,-22.0,
2471812,-38.0,10.0
2472033,-44.0,
2472132,-105.0,
2472145,-49.0,
2472178,-53.0,
2472995,-28.0,
2473025,-267.0,
2473058,-68.0,59.0
2473456,-35.0,
2473538,-146.0,
2473780,-100.0,
2474006,-22.0,
2474436,-29.0,
2474493,-60.0,
2474849,-73.0,132.0
2474925,-34.0,
2474995,-150.0,
2475034,-112.0,-8.0
2475591,4.0,
2475780,-73.0,
2475886,-31.0,
2476144,-30.0,-1.0
2476409,-60.0,
2476649,-49.0,
2476998,-22.0,
2477040,-20.0,
2477052,-179.0,
2477545,-116.0,33.0
2477792,-86.0,193.0
2478799,-103.0,48.0
2479086,-23.0,157.0
2479413,-73.0,
2479954,-46.0,
2480562,-218.0,-149.0
2480654,-25.0,9.0
2480865,-137.0,-136.0
2480886,-39.0,101.0
2481224,-55.0,
2481482,-53.0,
2481629,-65.0,
2481646,-60.0,
2481657,-153.0,-12.0
2481765,-57.0,
2481901,-195.0,
2482085,-129.0,44.0
2482700,-59.0,
2482710,-66.0,
2482885,-45.0,
2482994,-28.0,219.0
2483179,-36.0,
2483382,-22.0,143.0
2483568,-73.0,
2484189,-66.0,108.0
2484726,-66.0,
2485582,-198.0,
2485655,-27.0,
2485856,-38.0,-1.0
2486127,-144.0,
2486159,-39.0,
2486215,-142.0,-65.0
2486769,-50.0,
2486930,-32.0,
2487430,-39.0,
2487541,-15.0,
2487573,-28.0,
2487785,-141.0,-124.0
2487982,-150.0,
2487990,-58.0,
2488251,-25.0,
2488382,-22.0,
2488713,-95.0,33.0
2488714,-155.0,-120.0
2488965,-24.0,-10.0
2492219,-22.0,
2492787,-141.0,
2492827,-25.0,
2493107,-312.0,-21.0
2494258,-69.0,-65.0
2494306,-30.0,
2494338,-95.0,51.0
2494507,-52.0,
2494700,-56.0,
2494999,-45.0,
2495139,-20.0,
2495352,-72.0,
2496235,-38.0,-23.0
2496748,-94.0,
2497090,-129.0,12.0
2497189,-100.0,24.0
2497624,-49.0,
2498139,-179.0,
2498182,-86.0,
2498299,-21.0,
2498388,-25.0,
2498614,-14.0,231.0
2498700,-43.0,
2499307,-72.0,
2499525,-41.0,
2499779,-23.0,
2499850,-22.0,178.0
2499949,-67.0,62.0
2500064,-84.0,
2500149,-32.0,
2500258,-102.0,
2501127,-137.0,12.0
2501479,-24.0,
2501578,-98.0,10.0
2501768,-67.0,
2502127,-71.0,
2502504,-44.0,
2502516,-102.0,
2502707,-42.0,160.0
2502882,-155.0,-12.0
2503063,-15.0,
2503273,-78.0,
2503799,-42.0,
2504129,-148.0,
2504694,-52.0,
2505058,-53.0,
2505299,-52.0,
2505389,-44.0,0.0
2505413,-63.0,-22.0
2505501,-25.0,
2505859,-59.0,
2507271,-24.0,104.0
2507842,-128.0,38.0
2507993,-94.0,
2508153,-59.0,
2508403,-86.0,128.0
2508785,-51.0,
2509297,-113.0,51.0
2509321,-30.0,
2509531,-77.0,-30.0
2509639,-87.0,
2510414,-129.0,
2510667,-36.0,
2511519,-30.0,
2511859,-102.0,
2512349,-17.0,
2512392,-24.0,177.0
2513083,-100.0,12.0
2513245,-153.0,
2513333,-137.0,
2513954,-122.0,
2513997,-1.0,
2514044,-57.0,
2514368,-23.0,
2514379,-60.0,
2514431,-50.0,
2514898,-128.0,
2514949,-77.0,
2516163,-42.0,
2516497,-165.0,
2516503,-65.0,
2516931,-58.0,
2516939,-161.0,
2517387,-98.0,115.0
2517389,-25.0,
2517778,-85.0,31.0
2517826,-46.0,7.0
2517864,-15.0,
2517983,-151.0,-88.0
2518069,-105.0,
2518589,-81.0,0.0
2518617,-49.0,
2518653,-16.0,
2518880,-81.0,
2519138,-122.0,
2519622,-100.0,107.0
2519972,-23.0,
2520067,-57.0,118.0
2520290,-22.0,
2520539,-38.0,
2520649,5.0,
2520868,-204.0,
2521459,-158.0,
2521574,-88.0,-80.0
2521655,-90.0,
2521745,-22.0,
2521837,-66.0,-1.0
2521865,-50.0,
2522093,-219.0,
2522312,-88.0,-26.0
2522335,-18.0,
2522927,-140.0,
2522932,-39.0,
2523035,-80.0,
2523146,-22.0,122.0
2523350,-41.0,
2523430,-35.0,207.0
2523736,-46.0,
2523751,-29.0,180.0
2523915,-27.0,
2523989,-11.0,
2524127,-45.0,
2524295,-57.0,
2524572,-46.0,80.0
2524794,-65.0,-47.0
2524969,-45.0,-22.0
2525062,-71.0,
2525633,-106.0,129.0
2525964,-39.0,
2526483,-14.0,
2526485,-23.0,
2526493,-25.0,
2526537,-30.0,208.0
2526784,-28.0,
2527066,-133.0,
2527077,-36.0,
2528352,-81.0,-50.0
2528966,-74.0,
2529052,-3.0,
2529279,-67.0,
2529306,-36.0,
2529419,-129.0,
2529663,-117.0,
2530976,-123.0,
2530985,-312.0,-54.0
2531031,-21.0,
2531298,-25.0,
2532302,-65.0,
2532320,-44.0,
2532322,-25.0,
2532323,-123.0,
2532643,-15.0,
2532647,-25.0,
2532652,-27.0,18.0
2532785,-72.0,
2532840,-59.0,208.0
2533195,-45.0,
2533297,-17.0,
2533383,-15.0,
2533391,-81.0,
2533407,-15.0,
2533504,-79.0,
2533590,-89.0,
2533609,-64.0,198.0
2533650,-14.0,
2534033,-100.0,-43.0
2534165,-25.0,
2534954,-49.0,
2535160,-88.0,
2535493,-211.0,-9.0
2535666,-64.0,
2535788,-16.0,
2536214,-127.0,
2536991,-87.0,
2537695,-30.0,
2537777,-84.0,
2537898,-29.0,
2537934,-38.0,
2538123,-52.0,17.0
2538792,-15.0,
2539092,-45.0,
2539641,-59.0,
2539666,-32.0,
2539817,-28.0,160.0
2539858,-31.0,
2540168,-46.0,226.0
2540195,-65.0,
2540288,-37.0,
2540362,-52.0,
2540424,-90.0,44.0
2540450,-64.0,
2540724,-65.0,
2540746,-22.0,27.0
2540871,-150.0,
2540922,-22.0,
2541120,-30.0,
2541388,-52.0,
2541992,-30.0,94.0
2542116,-99.0,
2542182,-9.0,
2542209,-155.0,
2542291,-86.0,
2542310,-99.0,
2542342,-87.0,
2542431,-29.0,
2542645,-66.0,
2542724,-59.0,13.0
2542803,-36.0,212.0
2543208,-29.0,
2543267,-45.0,
2543600,-128.0,
2543637,-137.0,
2544448,-30.0,
2544643,-34.0,
2544678,-78.0,26.0
2544766,-23.0,
2545047,-17.0,
2545113,-25.0,110.0
2545413,-21.0,
2545488,-91.0,41.0
2545629,-114.0,
2545923,-165.0,
2546095,-136.0,
2546315,-123.0,
2546445,-30.0,58.0
2546595,-157.0,149.0
2546763,-52.0,
2546792,-30.0,18.0
2546976,-113.0,102.0
2547032,-58.0,133.0
2547321,-115.0,
2547402,-24.0,
2548055,-32.0,
2548877,-22.0,
2549875,-170.0,
2549939,-71.0,
2550054,-100.0,
2550279,-153.0,
2550290,-58.0,
2550534,-25.0,135.0
2550946,-17.0,
2550960,-13.0,
2551220,-94.0,
2551797,-46.0,
2551932,-38.0,175.0
2552149,-137.0,-110.0
2552412,-123.0,
2552472,-38.0,199.0
2552672,-29.0,
2552708,-71.0,
2552831,-92.0,
2553363,-51.0,
2553749,-42.0,222.0
2553890,-53.0,
2554047,-24.0,-17.0
2554464,-100.0,
2554552,-24.0,
2554973,-24.0,163.0
2555098,-73.0,
2555225,-101.0,
2555340,-67.0,
2555596,-38.0,
2555893,-121.0,3.0
2556060,-12.0,
2556345,-156.0,
2557008,-18.0,
2557283,-80.0,
2557563,-78.0,
2557885,-137.0,76.0
2558071,-94.0,
2558365,-108.0,108.0
2558463,-82.0,
2558536,-57.0,10.0
2558713,-35.0,
2558893,-149.0,151.0
2559144,-52.0,
2559575,-31.0,
2559992,-14.0,
2560219,-22.0,
2560520,-65.0,
2560595,-16.0,
2560868,-50.0,
2561282,-191.0,
2561313,-74.0,
2561811,-25.0,160.0
2561862,-27.0,
2561971,-31.0,
2562034,-30.0,
2562704,-30.0,177.0
2563095,-67.0,171.0
2563715,-11.0,
2564333,-57.0,
2564619,-51.0,
2564711,-251.0,
2564744,-32.0,
2566163,-91.0,
2566474,-52.0,-43.0
2566592,-35.0,
2567038,-15.0,
2567054,-15.0,
2567158,-120.0,
2567288,-18.0,
2567352,-73.0,-7.0
2567561,-149.0,
2567571,-50.0,
2567715,-32.0,
2568059,-178.0,
2568893,-28.0,130.0
2568958,-71.0,
2569051,-87.0,
2569090,-29.0,103.0
2569163,-23.0,
2569324,-81.0,93.0
2569416,-203.0,
2569653,-88.0,
2569834,-36.0,
2569912,-61.0,38.0
2569942,-66.0,
2570092,-141.0,
2570253,-39.0,
2570274,-30.0,
2570396,-157.0,
2570633,-15.0,80.0
2570929,-17.0,
2571054,-148.0,
2571447,-45.0,
2571497,-102.0,
2572118,-51.0,
2572145,-91.0,
2572441,-197.0,
2573353,-74.0,
2573570,-172.0,0.0
2574281,-115.0,
2574365,-49.0,
2574453,-81.0,10.0
2574528,-16.0,
2574583,-63.0,
2574822,-15.0,44.0
2574825,-8.0,
2574909,-24.0,
2574990,-42.0,
2575119,5.0,
2575914,-49.0,217.0
2575994,-116.0,
2576122,-137.0,39.0
2576298,-128.0,
2576637,-22.0,
2577091,-71.0,107.0
2577437,-15.0,156.0
2577480,-36.0,87.0
2577893,-39.0,
2578004,-22.0,69.0
2578041,-92.0,-75.0
2578532,-85.0,
2578567,-25.0,
2578676,-156.0,
2578704,-35.0,80.0
2578802,-18.0,
2578992,-36.0,
2578995,-62.0,
2578996,-25.0,
2579401,-29.0,
2579459,-51.0,
2579558,-1.0,72.0
2579673,-11.0,
2579683,-151.0,62.0
2579817,-15.0,-9.0
2579891,-67.0,
2580196,-46.0,
2580439,-71.0,
2580545,-149.0,
2580626,-144.0,
2581477,-109.0,
2581528,-122.0,
2581536,-42.0,
2581603,-137.0,
2581654,-24.0,
2581779,-151.0,
2581800,-15.0,20.0
2581822,-22.0,207.0
2583791,-121.0,
2583997,-102.0,
2584244,-53.0,
2584834,-60.0,
2584873,-28.0,
2585270,-98.0,
2585285,-24.0,
2585330,-53.0,
2585395,-144.0,48.0
2585937,-80.0,
2586026,-55.0,
2586313,-67.0,-15.0
2586560,-94.0,
2586748,-86.0,73.0
2587260,-46.0,40.0
2587329,-22.0,
2587950,-57.0,-46.0
2588201,-66.0,
2588215,-87.0,158.0
2588294,-23.0,69.0
2588296,-17.0,16.0
2588379,-10.0,
2588467,-91.0,
2588543,-66.0,
2588655,-43.0,130.0
2588742,-71.0,
2589096,-191.0,157.0
2589352,-34.0,
2590189,-129.0,
2590531,-82.0,180.0
2590564,-41.0,
2590864,-39.0,
2590948,-31.0,
2590999,-41.0,
2591014,-39.0,-22.0
2591421,-18.0,164.0
2591672,-27.0,
2591974,-85.0,
2592923,-80.0,
2592973,-115.0,
2593175,-73.0,3.0
2593689,-32.0,
2593755,-44.0,
2593920,-137.0,
2594139,-74.0,
2594368,-17.0,
2594888,-92.0,
2595058,-44.0,
2595204,-46.0,
2595457,-144.0,53.0
2595526,-113.0,12.0
2595641,-44.0,
2595665,-78.0,
2595730,-92.0,212.0
2595841,-87.0,
2595968,-37.0,0.0
2596553,-128.0,191.0
2596621,-144.0,
2597027,-235.0,-5.0
2597117,-16.0,
2597543,-22.0,
2597673,-52.0,186.0
2598220,-34.0,
2598509,-29.0,
2598631,-16.0,
2598861,-198.0,-7.0
2598871,-128.0,
2598913,-228.0,
2598961,-30.0,
2599162,-88.0,
2599179,-146.0,
2599201,-207.0,-124.0
2599352,-106.0,
2599784,-102.0,
2599817,-88.0,
2599883,-95.0,
2600000,-64.0,-56.0
2600688,-165.0,
2600862,-36.0,
2600887,-14.0,
2601889,-49.0,
2602235,-74.0,
2602253,-28.0,-10.0
2602264,-31.0,
2602338,10.0,
2602486,-25.0,
2602542,-34.0,-4.0
2602679,-64.0,
2602809,-77.0,
2603027,-15.0,
2603061,-8.0,2.0
2603195,-80.0,
2603534,-74.0,12.0
2604212,-24.0,
2604660,-71.0,145.0
2604698,-28.0,65.0
2604856,-16.0,
2604975,-176.0,
2605030,-172.0,-4.0
2605113,-71.0,0.0
2605337,-30.0,
2606098,-102.0,
2606636,-60.0,
2606765,-64.0,
2606802,-37.0,
2606871,-186.0,164.0
2606890,-87.0,
2607641,-3.0,
2607824,-36.0,
2607849,-24.0,
2607945,-34.0,48.0
2608143,-45.0,48.0
2608235,-22.0,
2608420,-151.0,-7.0
2608453,-21.0,
2608626,-23.0,
2608828,-36.0,
2609069,-15.0,218.0
2609574,-89.0,104.0
2609768,-51.0,3.0
2609908,-47.0,
2609955,-22.0,
2610170,-32.0,-16.0
2610581,-66.0,0.0
2610745,-53.0,
2610837,-136.0,-136.0
2610857,-149.0,9.0
2611371,-34.0,
2611512,-39.0,
2611779,-152.0,
2611847,-29.0,
2611986,-25.0,
2612069,-56.0,
2612102,-18.0,
2612342,-122.0,
2612483,-25.0,
2612561,-165.0,
2612725,-135.0,24.0
2612728,-28.0,12.0
2613116,-63.0,
2613219,-5.0,
2613225,-29.0,47.0
2613296,-30.0,
2613331,-154.0,
2613746,-84.0,
2613827,-23.0,-4.0
2613930,-102.0,
2614093,-38.0,
2614271,-30.0,12.0
2614272,-21.0,-16.0
2614277,-80.0,
2614546,-50.0,66.0
2614777,-99.0,
2615169,-35.0,170.0
2615761,-101.0,
2615849,-184.0,
2615892,-34.0,
2615956,-51.0,
2616787,-135.0,
2616950,-17.0,
2616978,-15.0,
2617002,-46.0,
2617541,-102.0,
2617596,-15.0,
2617635,-149.0,
2617650,-231.0,-53.0
2617839,-29.0,
2617999,-185.0,
2618352,-31.0,117.0
2619011,-17.0,-8.0
2619025,-114.0,
2619107,-84.0,
2619184,-22.0,97.0
2619472,-126.0,-68.0
2619496,-25.0,
2619719,-25.0,96.0
2619903,-74.0,
2620178,-27.0,
2620279,-30.0,131.0
2620432,-22.0,-1.0
2620584,-109.0,
2620636,-21.0,
2620661,-78.0,
2620930,-29.0,
2620947,-23.0,
2621379,-71.0,12.0
2621590,-116.0,
2621695,-151.0,
2621734,-58.0,
2621984,-119.0,-53.0
2622441,-67.0,
2622465,-60.0,
2622627,-29.0,122.0
2622634,-35.0,10.0
2622652,-95.0,
2623196,-29.0,
2623263,-134.0,
2623427,-25.0,
2623496,-32.0,
2623532,-23.0,144.0
2623656,-147.0,
2623960,-125.0,47.0
2624028,-79.0,
2624040,-102.0,
2624569,-21.0,211.0
2624720,-120.0,
2624961,-23.0,
2625021,-74.0,
2625315,-59.0,
2625545,-67.0,
2625693,-42.0,
2625752,-51.0,-46.0
2626179,-136.0,
2626410,-14.0,167.0
2626417,-9.0,12.0
2626511,-136.0,0.0
2626779,-50.0,
2627398,-25.0,171.0
2627449,-28.0,
2627491,-155.0,187.0
2627493,-156.0,-87.0
2627992,-102.0,
2628025,-79.0,
2628246,-109.0,3.0
2629436,-25.0,
2629503,-30.0,12.0
2629511,-73.0,-25.0
2630087,-49.0,-8.0
2630284,-51.0,47.0
2630469,-35.0,34.0
2630796,-198.0,-137.0
2631092,-21.0,9.0
2631225,-91.0,164.0
2631298,-135.0,160.0
2631545,-134.0,
2631547,-219.0,-130.0
2631703,-303.0,
2631935,-79.0,10.0
2632165,-25.0,
2632243,-97.0,-30.0
2632491,-51.0,
2632668,-137.0,0.0
2633052,-31.0,
2633226,-46.0,
2633235,-192.0,
2633981,-106.0,-5.0
2634238,-102.0,
2634319,-30.0,
2634654,-22.0,
2634868,-162.0,
2634946,-31.0,216.0
2635116,-23.0,156.0
2635163,-35.0,
2635505,-113.0,
2635658,-20.0,9.0
2635829,-95.0,
2636225,-44.0,
2636552,-74.0,122.0
2636696,-52.0,
2636885,-23.0,136.0
2636921,-109.0,10.0
2637000,-58.0,48.0
2637219,-60.0,
2637239,-43.0,16.0
2637912,-70.0,
2638377,-56.0,
2638403,-85.0,
2638464,-17.0,0.0
2638532,-81.0,
2638818,-44.0,
2639021,-17.0,80.0
2639115,-60.0,
2639205,-144.0,12.0
2639310,-74.0,
2639319,-80.0,
2639339,-80.0,-2.0
2639410,-36.0,209.0
2639449,-127.0,
2639451,-176.0,
2639540,-38.0,
2639611,-73.0,
2639641,-48.0,
2640063,-9.0,
2640853,-15.0,
2640965,-4.0,
2640992,-21.0,
2641155,-71.0,
2641156,-144.0,
2641236,-60.0,45.0
2641254,-94.0,
2641364,-35.0,
2641393,-46.0,
2641486,-45.0,
2641657,-28.0,
2641682,-100.0,
2641935,-23.0,
2642029,-80.0,
2642498,-73.0,-4.0
2642532,-23.0,
2642616,-56.0,
2642697,-28.0,
2642717,-42.0,
2642830,-24.0,
2642935,-128.0,
2642994,-134.0,67.0
2643002,-52.0,
2643007,-80.0,
2643028,-17.0,
2643034,-95.0,30.0
2643122,-121.0,
2643240,-38.0,109.0
2643472,-10.0,
2643555,-66.0,
2643574,-36.0,
2643777,-92.0,
2643829,-10.0,
2644404,-23.0,
2644664,-18.0,27.0
2645061,-58.0,
2645731,-23.0,
2645733,-100.0,
2646291,-90.0,
2646317,-71.0,
2646737,-121.0,41.0
2646795,-147.0,-5.0
2647043,-29.0,
2647226,-283.0,
2647314,-29.0,
2647893,-25.0,
2648035,-23.0,
2648187,-129.0,
2648206,-81.0,-36.0
2648271,-101.0,-9.0
2648317,-50.0,198.0
2648611,-155.0,
2649121,-25.0,4.0
2649310,-74.0,-7.0
2649341,-113.0,
2649800,-153.0,
2649826,-144.0,
2649914,-103.0,
2649947,-30.0,
2649948,-102.0,
2650236,-80.0,
2650282,-29.0,
2650337,-99.0,
2650555,-108.0,
2650741,-171.0,
2650929,-81.0,57.0
2652066,-43.0,57.0
2652209,-24.0,
2652268,-21.0,
2652523,-21.0,
2652532,-7.0,10.0
2653007,-25.0,
2653027,-45.0,
2653570,-49.0,
2653689,-10.0,
2654302,-115.0,
2654409,-24.0,
2654411,-30.0,
2654602,-38.0,34.0
2654628,-35.0,
2654928,-146.0,
2655370,-17.0,
2655683,-85.0,
2655763,-4.0,
2656100,-23.0,
2656282,-4.0,80.0
2656860,-28.0,93.0
2657185,-197.0,-42.0
2657781,-80.0,
2657913,-67.0,
2657915,-31.0,
2657960,-135.0,
2658268,-34.0,
2658271,-23.0,216.0
2658277,-12.0,
2658314,-106.0,
2658856,-17.0,
2658898,-60.0,
2659042,-24.0,
2659530,-155.0,
2659556,-128.0,
2659650,-78.0,
2659756,-94.0,
2660408,-21.0,
2660510,-51.0,
2661012,-16.0,-10.0
2661162,-59.0,
2661696,-130.0,44.0
2661827,-22.0,
2661870,-51.0,
2662152,-153.0,
2662178,-123.0,
2662451,-123.0,-23.0
2662716,-99.0,
2662742,-96.0,
2663010,-151.0,
2663131,-108.0,
2663195,-51.0,
2664024,-31.0,
2664036,-25.0,
2664301,-21.0,
2665399,6.0,
2665767,-52.0,21.0
2666213,-22.0,
2666246,-43.0,
2666577,-168.0,
2666831,-29.0,
2667478,-34.0,206.0
2667605,-97.0,-45.0
2668106,-51.0,151.0
2668550,-107.0,
2668945,-36.0,167.0
2669206,-28.0,
2669736,-51.0,
2669816,-58.0,
2669995,-108.0,
2670012,-23.0,33.0
2670300,-162.0,
2670570,-38.0,
2671132,-38.0,
2671469,-191.0,
2672114,-73.0,-57.0
2672138,-71.0,
2672155,-150.0,0.0
2672686,-22.0,
2672734,-86.0,79.0
2672908,-32.0,-19.0
2673510,3.0,102.0
2674773,18.0,
2674822,-22.0,
2675061,-17.0,
2675343,-25.0,
2675393,-30.0,
2676809,-31.0,
2676920,-29.0,
2677097,-151.0,
2677135,-113.0,
2677210,-109.0,
2677541,-100.0,191.0
2677624,-59.0,
2677955,-109.0,
2677969,-28.0,
2678338,-28.0,
2678373,-60.0,-44.0
2678380,-127.0,
2678429,-130.0,
2678580,-37.0,157.0
2678587,-43.0,-7.0
2678643,-25.0,
2678993,-58.0,101.0
2679386,-100.0,
2679694,-56.0,
2679821,-49.0,101.0
2680312,-44.0,
2680344,-25.0,
2680380,-58.0,
2680742,-51.0,
2680770,-21.0,105.0
2680885,-141.0,
2680988,-77.0,
2681198,-113.0,163.0
2681270,-65.0,
2681277,,-166.0
2681471,-64.0,166.0
2681505,-35.0,
2681782,-30.0,74.0
2681783,-30.0,
2681940,-36.0,
2682002,-92.0,
2682682,-16.0,
2682693,-155.0,
2682745,-50.0,51.0
2682834,-62.0,0.0
2683696,-203.0,-192.0
2683697,-50.0,
2683836,-99.0,
2683857,-88.0,93.0
2684003,-28.0,
2684043,-42.0,
2684048,-16.0,12.0
2684107,-63.0,-2.0
2684417,-22.0,128.0
2684847,-17.0,
2684993,-29.0,
2685154,-95.0,38.0
2685247,-58.0,
2685825,-73.0,
2685827,-39.0,-30.0
2685831,-57.0,
2685863,-136.0,
2685865,-101.0,
2686035,-30.0,236.0
2686053,-95.0,
2686074,-27.0,
2686365,-68.0,
2686536,-94.0,
2686578,-39.0,
2686609,-172.0,30.0
2686712,-15.0,
2686865,-86.0,
2686866,-23.0,
2686875,-22.0,
2687012,-78.0,-12.0
2687045,-161.0,73.0
2687176,-31.0,
2687378,-18.0,
2687644,-76.0,-17.0
2687739,-4.0,5.0
2687858,-136.0,
2687989,-94.0,
2688067,-31.0,
2688166,-56.0,
2688202,-146.0,200.0
2688422,-120.0,32.0
2688495,-53.0,
2688692,-108.0,
2688945,-101.0,
2689013,-17.0,128.0
2689210,-61.0,
2689480,-11.0,
2689501,-43.0,179.0
2689536,-88.0,
2689863,-116.0,
2689958,-71.0,
2690062,-25.0,32.0
2690077,-170.0,-143.0
2690136,-110.0,
2690719,-125.0,3.0
2691100,-141.0,
2691206,-109.0,
2691244,-87.0,
2691267,-172.0,-51.0
2691566,-109.0,
2691740,-25.0,
2691780,-137.0,108.0
2691861,-42.0,
2692101,-50.0,153.0
2692186,-44.0,
2692327,-25.0,
2692381,-73.0,-29.0
2692384,-79.0,
2692514,-44.0,
2692577,-23.0,
2692632,-116.0,137.0
2692948,-165.0,
2692969,-88.0,
2693243,-204.0,
2693772,-49.0,11.0
2693932,-72.0,
2693974,-80.0,-2.0
2694139,-81.0,137.0
2694424,-170.0,
2694680,-31.0,
2694788,-92.0,
2694886,-22.0,
2694919,-127.0,
2694933,-34.0,
2695362,-47.0,
2695608,-67.0,
2696376,-36.0,
2697181,-186.0,
2697608,-148.0,0.0
2697630,-23.0,
2697773,-5.0,
2697885,-86.0,
2697921,-123.0,-108.0
2698109,-52.0,-2.0
2698125,-38.0,
2698251,-23.0,
2698257,-58.0,
2698535,-74.0,
2698577,16.0,
2698588,4.0,
2698591,12.0,33.0
2702660,,9.0
2707979,,
2710343,,
2716795,,5.0
